:020000040800F2
:1000000000000820DD0D0008B50B0008B70B000844
:10001000B90B0008BB0B0008BD0B00080000000076
:10002000000000000000000000000000BF0B0008FE
:10003000C10B000800000000C30B0008C50B00083E
:100040002D0E00082D0E00082D0E00082D0E0008A4
:100050002D0E00082D0E00082D0E00082D0E000894
:10006000CD0B00082D0E00082D0E00082D0E0008E7
:100070002D0E00082D0E00082D0E00082D0E000874
:100080002D0E00082D0E00082D0E00082D0E000864
:100090002D0E00082D0E00082D0E00082D0E000854
:1000A0002D0E00082D0E00082D0E00082D0E000844
:1000B0002D0E00082D0E00082D0E00082D0E000834
:1000C0002D0E00082D0E00082D0E00082D0E000824
:1000D0002D0E00082D0E00082D0E00082D0E000814
:1000E0002D0E00082D0E00082D0E00082D0E000804
:1000F0002D0E00082D0E00082D0E00082D0E0008F4
:100100002D0E0008D90B00082D0E00082D0E00083A
:100110002D0E00082D0E00082D0E00082D0E0008D3
:100120002D0E00082D0E00082D0E0008E90B00080A
:100130002D0E00082D0E00082D0E00082D0E0008B3
:100140002D0E00082D0E00082D0E00082D0E0008A3
:100150002D0E0008F90B00082D0E00082D0E0008CA
:100160002D0E00082D0E00082D0E00082D0E000883
:100170002D0E00082D0E00082D0E000800000000B6
:100180002D0E00082D0E00082D0E00082D0E000863
:100190002D0E00082D0E00082D0E00082D0E000853
:1001A0002D0E00082D0E00082D0E00082D0E000843
:1001B000090C00082D0E00082D0E00082D0E000859
:1001C0002D0E00082D0E0008000000002D0E000866
:1001D0002D0E00082D0E00082D0E00082D0E000813
:1001E0002D0E00082D0E00082D0E00082D0E000803
:0801F0002D0E00082D0E000881
:1001F80053B94AB9002908BF00281CBF4FF0FF3186
:100208004FF0FF3000F00CB8ADF1080C6DE904CEEA
:1002180005F0EAF8DDF804E0DDE9022304B07047F0
:10022800704700BF10B5054C237833B9044B13B1A0
:100238000448AFF300800123237010BD5001002053
:1002480000000000AC56000808B5034B1BB1034979
:100258000348AFF3008008BD0000000054010020EF
:10026800AC56000800B583B00E4B1A6B42F48002FE
:100278001A631B6B03F480030193019B0022114650
:100288003B2000F06DFE3B2000F07AFE0022114674
:10029800452000F065FE452000F072FE03B05DF8D1
:1002A80004FB00BF0038024010B51548154B036029
:1002B800154B00221A7080215970E1219970DA706B
:1002C8001A715A7143604FF4000383600F4BC36087
:1002D8000F4B036140F2F453436101F055FA58B9EA
:1002E8000C4C38220021204605F051F821232360C8
:1002F8004FF44003636110BD00F056F9F0E700BF0A
:1003080074010020008002406C01002010000020D1
:10031800B000002024020020F0B58DB00023079320
:10032800089309930A930B9302683A4B9A4201D0B7
:100338000DB0F0BDA3F590431A6B42F000721A633A
:100348001A6B02F000720092009A1A6B42F08062F7
:100358001A631A6B02F080620192019A1A6B42F0DA
:1003680000621A631A6B02F000620292029A1A6B18
:1003780042F004021A631A6B02F004020392039A11
:100388001A6B42F001021A631A6B02F0010204921E
:10039800049A1A6B42F002021A631A6B02F0020204
:1003A8000592059A1A6B42F040021A631B6B03F020
:1003B80040030693069B32230793022408940A9469
:1003C8000B260B9607AD2946134801F051FA8623F0
:1003D80007930894002709970A940B9629460F4813
:1003E80001F046FA4FF400530793089409970A94CA
:1003F8000B9629460A4801F03BFA4FF4205307931D
:10040800089409970A940B962946064801F030FA91
:100418008EE700BF00800240000802400000024052
:1004280000040240001802402DE9F0438FB009ADE6
:10043800002409940A940B940C940D944F4B1A6B56
:1004480042F010021A631A6B02F010020192019A2C
:100458001A6B42F004021A631A6B02F00402029249
:10046800029A1A6B42F020021A631A6B02F02002F9
:100478000392039A1A6B42F080021A631A6B02F015
:1004880080020492049A1A6B42F001021A631A6BF2
:1004980002F001020592059A1A6B42F002021A63F1
:1004A8001A6B02F002020692069A1A6B42F00802D0
:1004B8001A631A6B02F008020792079A1A6B42F045
:1004C80040021A631B6B03F040030893089BDFF894
:1004D800BC9022461021484601F0D3FADFF8B080DC
:1004E800224644F28101404601F0CBFA244E2246CE
:1004F8004421304601F0C5FA42F2040309934FF44F
:1005080088130A930B9429461E4801F0B1F9102765
:1005180009970A940B9429461B4801F0A9F90997F1
:1005280001270A970B940C942946484601F0A0F934
:1005380044F2810309930A970B940C942946404688
:1005480001F096F9022309930A940B942946404630
:1005580001F08EF9442309930A970B940C942946C9
:10056800304601F085F9802309930A940B942946B3
:10057800304601F07DF90FB0BDE8F0830038024045
:100588000018024000080240001402400000024027
:1005980000040240042800D07047024B01221A7060
:1005A800FAE700BF5C02002072B6FEE710B594B00F
:1005B80007AC34220021204604F0E9FE0023029310
:1005C800039304930593069301F00EFB224B1A6CD8
:1005D80042F080521A641B6C03F080530093009B16
:1005E8001E4B1A6842F440421A601B6803F44043E9
:1005F8000193019B012307934FF4A023089302233F
:100608000D934FF480020E9204220F92C022109292
:100618001193082212921393204601F02DFEA8B9D7
:1006280001F0EAFAA0B90F230293022303930023EF
:1006380004934FF4A05305934FF480530693062177
:1006480002A802F0A9F828B914B010BDFFF7ACFF52
:10065800FFF7AAFFFFF7A8FF00380240007000402C
:1006680008B500F007FCFFF7A1FFFFF7DDFEFFF775
:10067800F9FD00F0C3F900F045FAFFF715FE00F0A8
:10068800D1FA00F031FB00F0B1F800F0CFF804F037
:10069800EFFC00221146082000F062FC082000F060
:1006A8006FFC642308220249024803F0C9FEFEE7F2
:1006B80000001E08540400202DE9F0438BB00023ED
:1006C800059306930793089309930268334B9A425C
:1006D80002D00BB0BDE8F083314B9A6B42F00202B6
:1006E8009A639A6B02F002020192019A1A6B42F025
:1006F80010021A631A6B02F010020292029A1A6B25
:1007080042F002021A631A6B02F002020392039A81
:100718001A6B42F008021A631B6B03F00803049378
:10072800049B0424059402270697032608964FF095
:100738000908CDF8248005AD29461A4801F098F833
:1007480005940697002407940896CDF82480DFF8CE
:100758005C902946484601F08BF84FF460530593A6
:10076800069707940896CDF8248029460E4801F08C
:100778007FF8402305930697079408960A23099360
:100788002946484601F074F8224621465C2000F0CC
:10079800E7FB5C2000F0F4FB9BE700BF001000A023
:1007A8000038024000100240000C024000040240E1
:1007B80010B590B002AC38220021204604F0E7FDC5
:1007C8006A46002300930193022307934FF0407376
:1007D8000B932146044801F06EFB08B910B010BD18
:1007E800FFF7E2FEFAE700BF6002002008B50D48F7
:1007F8000D4B036003234360042383601023C3600D
:100808001F2303614FF44073436100238361C36175
:10081800036201F0D9FC10B9FFF7CAFF08BDFFF762
:10082800C3FEF9E760020020001000A0054B064A4D
:100838001A6000225A609A60DA601A615A612E22A0
:100848009A6170476C030020002C01402DE9F04F9D
:10085800ADB0044600212791289129912A912B9126
:10086800902203A804F093FD22685C4B9A4202D0C0
:100878002DB0BDE8F08F4FF42003039303A802F0D6
:1008880067F8002840F0A080554B5A6C42F400628B
:100898005A645A6C02F400620092009A1A6B42F091
:1008A80004021A631A6B02F004020192019A1A6B8D
:1008B80042F008021A631B6B03F008030293029BC1
:1008C8004FF4706327934FF00209CDF8A0904FF0D2
:1008D800010BCDF8A4B003252A954FF00C08CDF8EC
:1008E800AC8027AF39463F4800F0C2FF4FF4805A2A
:1008F800CDF89CA0CDF8A090002629962A95CDF891
:10090800AC803946374800F0B3FF04232793CDF86D
:10091800A090CDF8A4B02A95CDF8AC8039463248DD
:1009280000F0A6FF3148324B03604FF0006343608C
:100938008660C6604FF480630361C0F814A04FF46A
:10094800804383612023C361066204234362856276
:100958004FF40003C3624FF40013036300F0AEFBCF
:10096800002834D1214B23649C632248224B036026
:100978004FF000634360402383600023C3604FF45B
:10098800806202614FF4805242614FF4804282617A
:100998002022C261036204234362032383624FF46B
:1009A8000003C3624FF40013036300F087FB88B9A8
:1009B800104BE3639C6300221146312000F0D0FA0B
:1009C800312000F0DDFA53E7FFF7EEFD5CE7FFF7B3
:1009D800EBFDC7E7FFF7E8FDEAE700BF002C0140A1
:1009E8000038024000080240000C02400C030020BE
:1009F80058640240AC020020A064024008B51148C7
:100A0800114B03604FF482734360002383604FF4FB
:100A1800E062C26002220261012242614FF4007268
:100A280082611022C2610362436283620722C2624A
:100A38000363436303F016F900B908BDFFF7B4FD7B
:100A4800FBE700BFF0030020003C004000B589B080
:100A58000023039304930593069307930268134BAB
:100A68009A4202D009B05DF804FB03F5FE331A6C14
:100A780042F400421A641A6C02F400420192019A8C
:100A88001A6B42F002021A631B6B03F00203029313
:100A9800029B38230393022304930323069306231C
:100AA800079303A9024800F0E3FEDBE7003C00409F
:100AB8000004024008B501221021024800F0E1FFBD
:100AC80008BD00BF0000024008B5002210210248FE
:100AD80000F0D7FF08BD00BF0000024008B50122A2
:100AE8000421024800F0CDFF08BD00BF00180240F5
:100AF80008B500220421024800F0C3FF08BD00BF6A
:100B08000018024030B583B0FFF7F2FF012000F073
:100B1800CFF9FFF7E3FF022000F0CAF9FFF7CAFF99
:100B280000238DF80730124C642301220DF10701D0
:100B3800204603F00BF9FFF7C7FF0E4D40F6B83318
:100B48004FF6FF722946204603F000F940F6B83305
:100B580041F25D620849204603F0F8F8FFF7AAFF62
:100B6800C82313222946204603F0F0F803B030BD0D
:100B7800F0030020C4560008C356010882B00A4B8F
:100B88001A6C42F080521A641A6C02F08052009279
:100B9800009A5A6C42F480425A645B6C03F48043B6
:100BA8000193019B02B0704700380240FEE7FEE760
:100BB800FEE7FEE7FEE770477047704708B500F0AC
:100BC80065F908BD08B5042000F062FF08BD000003
:100BD80008B5024802F036FE08BD00BF6C030020CD
:100BE80008B5024800F01EFB08BD00BF0C0300203A
:100BF80008B5024800F016FB08BD00BFAC02002093
:100C080008B5024801F0C4F908BD00BF6002002021
:100C1800034AD2F8883043F47003C2F8883070472A
:100C280000ED00E008B50B480B4B03604FF4E133CF
:100C3800436000238360C36003610C2242618361C7
:100C4800C3610362436203F0C1FC00B908BDFFF74A
:100C5800ABFCFBE7540400200048004010B5ACB0E2
:100C6800044600212791289129912A912B919022BD
:100C780003A804F08CFB2268184B9A4201D02CB0D0
:100C880010BD4FF48073039303A801F061FE10BBFD
:100C9800134B1A6C42F480221A641A6C02F48022F4
:100CA8000192019A1A6B42F008021A631B6B03F057
:100CB80008030293029B4FF440732793022328935F
:100CC8000023299303232A9307232B9327A9054855
:100CD80000F0CEFDD3E7FFF767FCD9E700480040F6
:100CE80000380240000C024008B50C484FF0A04301
:100CF8000360062303710222C271002383714272CA
:100D080001228272C37203738273C37300F0CEFE32
:100D180000B908BDFFF748FCFBE700BFDC04002072
:100D2800F0B5ADB0044600212791289129912A9168
:100D38002B91902203A804F02AFB2368B3F1A04F5B
:100D480001D02DB0F0BD4FF40013039303A801F0B8
:100D5800FFFD002836D11D4C236B43F001032363AC
:100D6800236B03F001030093009B4FF4E853279390
:100D7800022328930025299503232A930A232B93DA
:100D880027AF134E3946304600F072FD4FF400731A
:100D98002793289529953946304600F069FD636BFD
:100DA80043F080036363636B03F080030193019B4B
:100DB800636C43F480436364636C03F4804302937D
:100DC800029BBEE7FFF7F0FBC5E700BF0038024013
:100DD80000000240DFF834D0FFF71AFF0C480D4935
:100DE8000D4A002302E0D458C4500433C4188C427E
:100DF800F9D30A4A0A4C002301E013600432A242E4
:100E0800FBD304F0CDFAFFF72BFC70470000082055
:100E18000000002010000020646D0108500100202F
:100E2800DC090020FEE7000010B504460E4B1A78D6
:100E38004FF47A73B3FBF2F30C4A1068B0FBF3F08B
:100E480000F0ACF868B90F2C01D901200AE00022A3
:100E580021464FF0FF3000F083F8054B1C6000205E
:100E680000E0012010BD00BF0400002000000020A9
:100E78000800002008B5032000F060F80020FFF704
:100E8800D3FFFFF77BFE002008BD0000034A11686E
:100E9800034B1B780B441360704700BFBC0900204C
:100EA80004000020014B1868704700BFBC090020EF
:100EB80038B50446FFF7F6FF0546B4F1FF3F02D008
:100EC800044B1B781C44FFF7EDFF401BA042FAD3EC
:100ED80038BD00BF04000020002804DB0901C9B2A6
:100EE800044B1954704700F00F000901C9B2024BB6
:100EF8001954704700E400E014ED00E000B500F07C
:100F08000700C0F1070CBCF1040F28BF4FF0040C18
:100F1800031D062B0FD9C31E4FF0FF3E0EFA0CF02F
:100F280021EA000199400EFA03FE22EA0E0241EA84
:100F380002005DF804FB0023EEE700000649CB68D9
:100F480023F4E0631B041B0C000200F4E06003437D
:100F5800024A1A43CA60704700ED00E00000FA0533
:100F680010B50446054BD868C0F30220FFF7C6FF4A
:100F780001462046FFF7B0FF10BD00BF00ED00E0BE
:100F8800002807DB00F01F02400901239340024AB2
:100F980042F82030704700BF00E100E00138B0F1AE
:100FA800807F0BD24FF0E0235861054AF02182F888
:100FB80023100020986107221A61704701207047AA
:100FC80000ED00E030B405682C6824F480242C601F
:100FD800046863608368402B05D0036899600368E0
:100FE800DA6030BC704703689A600368D960F8E734
:100FF80010B40368D9B210390A4AA2FB0142120997
:10100800094CA25CC2655F2907D96FF30903043351
:101018008365806D5DF8044B70476FF30903836542
:10102800F7E700BFABAAAAAA386D0108836A8269EC
:1010380092B9012B0AD0022B02D00BB100207047C5
:10104800C36A13F0807F28D100207047C36AB3F1C8
:10105800C07F24D000207047B2F5005F09D0022B72
:1010680025D9032B25D1C36A13F0807F23D1002013
:101078007047032B03D8DFE803F01404140A002098
:101088007047C36A13F0807F0DD100207047C36A90
:10109800B3F1C07F09D000207047012070470120BC
:1010A80070470120704701207047012070470120D8
:1010B80070470020704701207047000070B5044653
:1010C800FFF7F0FE002C5CD00546022384F835308B
:1010D800002384F834302268136823F00103136076
:1010E80023681A6812F0010F0AD0FFF7DBFE431BD2
:1010F800052BF5D920236365032084F8350070BDDE
:101108001A68214911406268A0680243E0680243F6
:101118002069024360690243A0690243E06902430F
:10112800206A02430A43616A04291ED01A602668AD
:10113800756925F00705636A1D43042B07D1A36A67
:101148001D43E36A1BB12046FFF770FF90B9756134
:101158002046FFF74DFFE26D3F2393408360002058
:101168006065012384F83530C9E7E16A206B0143E3
:101178000A43DBE740236365002384F83530012008
:10118800BDE70120BBE700BF3F8010E038B504464B
:10119800856D90F8340001282FD0012084F83400A0
:1011A80094F83500012804D0002384F83430022054
:1011B80038BD022084F83500002060652046FFF71E
:1011C80001FFE26D3F239340AB602268136843F050
:1011D800160313602268536943F080035361236C3C
:1011E80023B12268136843F0080313602268136868
:1011F80043F0010313600020DAE70220D8E790F8F3
:101208003530022B03D08023436501207047052326
:1012180080F835300268136823F00103136000205A
:1012280070470000F0B583B0044600230193724B69
:101238001D68724BA3FB0535AD0A876D3E68C26D0C
:1012480008239340334210D003681A6812F0040F41
:101258000BD01A6822F004021A60C26D082393406A
:10126800BB60436D43F001034365E26D0123934086
:10127800334209D02268526912F0800F04D0BB6053
:10128800636D43F002036365E26D042393403342C8
:1012980009D02268126812F0020F04D0BB60636D97
:1012A80043F004036365E26D10239340334224D076
:1012B8002268126812F0080F1FD0BB6023681A68F2
:1012C80012F4802F0DD01B6813F4002F04D1236C67
:1012D8009BB12046984710E0A36C73B1204698470D
:1012E8000BE01A6812F4807F03D11A6822F0080212
:1012F8001A60236C0BB120469847E26D2023934077
:10130800334254D02268126812F0100F4FD0BB60DD
:1013180094F83530052B0ED023681A6812F4802F04
:1013280033D01B6813F4002F2AD1636C002B3ED0F6
:10133800204698473BE02268136823F016031360A1
:101348002268536923F080035361236CA3B1226898
:10135800136823F008031360E26D3F239340BB60DA
:10136800012384F83530002384F83430236D002BB2
:101378003FD0204698473CE0A36C002BE7D1EBE731
:10138800E36BA3B12046984711E01A6812F4807FF6
:1013980009D11A6822F010021A60012384F8353046
:1013A800002384F83430E36B0BB120469847636D13
:1013B800FBB1636D13F0010F17D0052384F83530A6
:1013C8002268136823F001031360019B0133019322
:1013D800AB4204D823681B6813F0010FF5D1012331
:1013E80084F83530002384F83430E36C0BB12046A0
:1013F800984703B0F0BD00BF00000020B5814E1B28
:10140800406D70475079137943EA002307480B5021
:10141800D07893781B0443EA0063507843EA0023AA
:1014280012781343024A8B50704700BF4080024035
:101438004480024030B4002208E0C468DC6051F8FF
:101448000C3043F4400341F80C300132032A1FD812
:10145800C16802EB82034FEAC30C01EBC30300240B
:1014680041F80C405C609C60DC60941D40F82430BE
:1014780051F80C4044F4801441F80C40022ADCD89E
:10148800541C04EB8404C56805EBC404DC60D6E78F
:1014980000238362C268036803F580531A6130BC75
:1014A800704710B4002202E00169D9600132032AB2
:1014B80028D8046902EB82034FEAC30C04EBC30388
:1014C800002144F80C1059609960D960196259627A
:1014D8004FF0004144F80C10416941F480415960D3
:1014E800596821F00041596002F1120140F8213099
:1014F800022AD9D80469511C01EB810104EBC1040B
:10150800DC60D3E70023C36503668366C36683652F
:101518000269036803F58053DA605DF8044B70478D
:1015280070B505460C46026813683C491940A37B10
:101538005B06207C002861D14FF400000343607CE7
:1015480000285DD14FF480000343A0680343E07F87
:1015580043EA004360690343A07F002852D14FF457
:1015680000500343207F43EA0033A06903432079F6
:1015780043EA802394F82000002845D14FF40070F6
:101588000343E07B43EAC013606A034394F82800EE
:1015980043EA00130B4313602B681E680120FFF712
:1015A80087FC2B681E6029688A6922F0BE02120433
:1015B800120CA36C1B0494F84C0038BB8020034326
:1015C800206D034394F85500012821D000200343DF
:1015D80094F8560001281DD00020034394F85400C5
:1015E800012819D00020034313438B612B689C69A1
:1015F8000120FFF75DFC2B689C6170BD00209DE712
:101608000020A1E70020ACE70020B9E70020D6E7DA
:101618000820DCE70420E0E70220E4E70F8120FD52
:1016280070B505460C46026802F580539B692B4944
:101638001940237B002B4DD14FF08063607B43EA38
:101648004063607F002847D14FF480100343A07B9C
:1016580043EA405360690343207F43EAC013A07FF5
:1016680043EA8013206A034394F8240043EA800382
:101678000B4302F5805293612B6803F580539E69F2
:101688000120FFF715FC2B6803F580539E61227932
:10169800A36843EA4263A26913432269134394F897
:1016A800252043EAC213A26A43EA8203226813434D
:1016B8002A6843F4000302F5805213602B6803F58F
:1016C80080531C680120FFF7F3FB2B6803F5805358
:1016D8001C6070BD0023B1E70020B7E7233FDEF8A8
:1016E80070B5A4B0064601258DF83C508DF83D50E4
:1016F80000240D948DF84B408DF84A508DF84840E1
:101708008DF83A508DF830508DF84C408DF83B40AC
:1017180014948DF854401D948DF878401F948DF8DA
:1017280082408DF880404FF4804310934FF400635B
:1017380011938DF881400BA9FFF7F2FE8DF80C503C
:101748008DF80D508DF81D508DF80E5005948DF8BC
:101758001C408DF81E4008948DF824508DF80450D4
:101768004FF4803302934FF4800306934FF40053F1
:1017780004938DF825500A94009469463046FFF783
:101788004FFF24B070BD0000002868D030B583B08A
:101798000446D0F88430002B32D0324B5A6C42F4D5
:1017A80080425A645B6C03F480430193019B2E4B87
:1017B8005A6822F400025A605A68A1680A435A60BB
:1017C8005B68236803F580531A6842F001021A60C7
:1017D800FFF768FB0546236803F580531B6813F081
:1017E800010F13D0FFF75EFB401BB0F5FA7FF2D96B
:1017F8000423C4F88830E023C4F8843001202CE0A6
:101808002023C0F88430FEF787FDC6E72046FFF79F
:1018180067FF2046FFF70EFE2046FFF742FE62688C
:1018280000212046FFF7EEFD2268D36B43F40273D4
:10183800D3632268D2F80C110C4B0B43C2F80C315D
:101848002268D2F8103143F40313C2F81031002093
:10185800C4F888001023C4F8843003B030BD0120D8
:10186800704700BF003802400038014060000200A5
:1018780000230F2B00F2F48070B582B066E0856813
:101888004FEA430E032404FA0EF425EA0405CC6853
:1018980004FA0EF42C438460446824EA02044A687B
:1018A800C2F300129A40224342605DE0DC0808342B
:1018B80050F8242003F00705AD004FF00F0E0EFA84
:1018C80005FE22EA0E0E0A69AA4042EA0E0240F814
:1018D80024205DE0092200E0002202FA0EF22A43E9
:1018E8000234604D45F824205F4A94686FEA0C0280
:1018F80024EA0C054E6816F4801F01D04CEA040552
:10190800594CA560E46802EA04054E6816F4001F05
:1019180001D04CEA0405544CE560646802EA040509
:101928004E6816F4003F01D04CEA04054E4C656041
:10193800246822404D6815F4803F01D04CEA040227
:10194800494C226001330F2B00F2888001229A4013
:101958000C6804EA020C32EA0404F3D14C6804F07F
:101968000304013C012C8AD94A6802F00302032AC5
:1019780009D0C4685D000322AA4024EA02048A68E8
:10198800AA402243C2604A6802F00302022A8DD0AC
:1019980004684FEA430E032202FA0EF224EA020414
:1019A8004A6802F0030202FA0EF2224302604A6811
:1019B80012F4403FC6D02D4A546C44F48044546419
:1019C800526C02F480420192019A9C08A51C254A97
:1019D80052F8255003F0030E4FEA8E0E0F2202FA3A
:1019E8000EF225EA0205224A90423FF475AF02F54D
:1019F8008062904222D002F58062904220D002F5A7
:101A0800806290421ED002F5806290421CD002F59E
:101A1800806290421AD002F58062904218D002F596
:101A28008062904216D002F58062904214D002F58E
:101A3800806290423FF44EAF0A224EE701224CE703
:101A480002224AE7032248E7042246E7052244E740
:101A5800062242E7072240E708223EE702B070BDAF
:101A6800704700BF00380140003C01400038024088
:101A7800000002400369194201D00120704700208C
:101A880070470AB18161704709048161704700009D
:101A980008B5054B5B69034200D108BD024B58618C
:101AA800FEF778FDF9E700BF003C014030B583B090
:101AB800002800F082800446056890F89534C3B188
:101AC800032384F89534B5F1A04F17D0206803F0AC
:101AD8006DF9237C8DF80030231D0ECB206803F0B0
:101AE80023F970B1022384F895340125284603B000
:101AF80030BD80F89434FFF713F9E1E70023A371B0
:101B0800E4E70021206803F081FA0246B8B90346E9
:101B18002079984218D903EBC30104EB8101012015
:101B280048750B75CB8500200876C861086203EB01
:101B3800C30104EB810148620133DBB2E8E7022309
:101B480084F895340125D1E7904217D902EBC203F6
:101B580004EB8303002183F8551283F8542283F899
:101B68005812C3F85C12C3F8601202EBC20304EB0C
:101B78008303C3F864120132D2B2E5E7237C8DF8FF
:101B88000030231D0ECB206803F066F9054658B9CE
:101B980000236374012384F89534237B012B08D038
:101BA800206803F021FAA1E7022384F8953401257F
:101BB8009CE7204600F004F8F2E7012596E70000CC
:101BC800034602680121C0F8D814002083F8CC0429
:101BD800936943F000639361516D024B0B43536566
:101BE800704700BF03000010024A136843F4807373
:101BF800136070470070004010B582B01B4B1A6C20
:101C080042F080521A641B6C03F080530193019BCD
:101C1800174A136843F480331360FFF743F9044607
:101C2800134B5B6813F4803F08D1FFF73BF9001BA7
:101C3800B0F57A7FF4D9032002B010BD0C4A1368BE
:101C480043F400331360FFF72DF90446084B5B6833
:101C580013F4003F07D1FFF725F9001BB0F57A7F91
:101C6800F4D90320E8E70020E6E700BF0038024087
:101C780000700040F0B44B6A33B1B2F1406F03D04A
:101C88008B6A0468013B23618C69002C75D00E6A4D
:101C9800002E3ED003688C68DC61CC69F4B1CB6A55
:101CA8000D6B2B434D6B2B434D6A2B434D6943EA18
:101CB80085430D692B430D6A2B43CD682B43234382
:101CC8008C6923430C682343046813436361B2F1AE
:101CD800406F1CD003684A689A6118E0CB6A0D6BA4
:101CE8002B434D6B2B434D6A2B434D6943EA854388
:101CF8000D692B430D6A2B4323438C6923430968E1
:101D08000B43016813434B61036800229A61F0BCDE
:101D18007047CD69D5B1CB6A0F6B3B434F6B3B43E3
:101D28004F6A3B434F6943EA87433343CE683343A3
:101D38002B4323430C682343046813436361B2F1C4
:101D4800406FE4D003684A689A61E0E7CB6A0F6B9A
:101D58003B434F6B3B434F6A3B434F6943EA8743DF
:101D68001E4345EA0603234309680B4301681343EE
:101D78004B61036800229A61C9E70D6A002D39D0CA
:101D880003688C68DC61CC69E4B1CB6A0D6B2B43CA
:101D98004D6B2B434D6A2B434D6943EA85430D69CF
:101DA8002B430D6A2B43CD682B4323438C69234374
:101DB800046813436361B2F1406FA8D003684A68AE
:101DC8009A61A4E7CB6A0D6B2B434D6B2B434D6A8D
:101DD8002B434D6943EA85430D692B430D6A2B4319
:101DE8001C438B691C43036814435C61036800222D
:101DF8009A618CE7CE69CEB1CB6A0F6B3B434F6BD0
:101E08003B434F6A3B434F6943EA87432B43CD68C3
:101E18002B4333432343046813436361B2F1406F98
:101E28003FF475AF03684A689A6170E7D1F824C037
:101E3800BCF1000F3FF46BAFCB6A0F6B3B434F6BAA
:101E48003B434CEA03074B6947EA83473D432E432C
:101E58003443036814435C61036800229A6156E7BF
:101E68002DE9F84305460F4616469946DDF82080C9
:101E78002B689C6804EA070CBCF1000C18BF4FF0F3
:101E8800010CB44514D0B8F1FF3FF1D0FFF70AF8C0
:101E9800A0EB0900404502D8B8F1000FE8D10423AF
:101EA80085F841306B6C43F001036B64012000E05E
:101EB8000020BDE8F883F0B583B004460E46154609
:101EC800FEF7F0FF94F84030012B39D0012384F855
:101ED800403094F84130012B06D00227002384F8C3
:101EE8004030384603B0F0BD00226264822384F893
:101EF8004130A36C0093034620212046FFF7B0FF32
:101F080007460028EAD12268136823F008036968A5
:101F18000B4313606B68082B06D04FF040623146C4
:101F28002046FFF7A7FED9E723682A681A632368C3
:101F38001022DA602268136843F480131360ECE718
:101F48000227CEE7704708B5806B00238363C3621E
:101F580090F84130082B0DD103680222DA6002683C
:101F6800136843F4003313600268136843F00203F4
:101F7800136008BD012380F84130FFF7E3FFF8E75D
:101F88007047704770477047704770477047000048
:101F980010B5044603689A68196812F0040F3DD01A
:101FA80011F4802F3AD090F84120122A11D090F8DD
:101FB8004120222A1FD02046FFF7E6FF10BD626AA3
:101FC800127883F82020626A01326262E26A013A7A
:101FD800E2622268916811F0040FECD0E16A0029EE
:101FE800EDD1136823F480231360E4E7136823F426
:101FF80080231360DFE72268916811F0040FDAD0BC
:10200800A16B0029F2D0226B93F820101170226B7B
:1020180001322263A26B013AA263ECE712F0020FCD
:1020280072D011F4003F6FD00222DA602268136880
:1020380023F4E023136094F84130122B1AD094F85B
:102048004130222B2CD094F84130022B51D094F8F7
:102058004130082BB2D12268536923F040635361A1
:10206800012384F84130636C002B49D12046FFF7E7
:1020780087FFA3E723681A6812F0040F09D01A68CB
:1020880022F004021A60E36B1A68136823F0010354
:102098001360012384F841302046FFF774FF8DE771
:1020A80021680B6813F0040F10D00B6823F00403A9
:1020B8000B60E36B1A68136823F0010313600123B4
:1020C80084F841302046FFF75DFF77E723689B6877
:1020D80013F47C5FF3D0A36B002BF0D0236B91F843
:1020E80020201A70236B01332363A36B013BA36386
:1020F800ECE7012384F841302046FFF742FF5DE713
:102108002046FFF71FFF59E712F0080F14D011F40B
:10211800002F11D00822DA6023681A6812F4800FA1
:1021280006D01A6822F410221A60012384F841307C
:102138002046FFF72AFF41E712F0010F31D011F4D2
:10214800803F2ED00122DA602268136823F47023BE
:102158001360636C43F00203636423681A6812F027
:10216800040F17D01A6822F004021A60E36B144AAD
:102178001A65E06BFFF743F800283FF41FAF636C64
:1021880043F004036364012384F841302046FFF7D9
:10219800D9FE13E7012384F841302046FFF7D2FE29
:1021A8000CE712F0100F3FF409AF11F4801F3FF451
:1021B80005AF1022DA602046FFF7E8FEFEE600BF12
:1021C8004F1F00088164704770B582B00446FEF75F
:1021D80069FE002C4AD0064694F84130002B3AD0CC
:1021E80025682A6822F4F852A168013942EA0122D6
:1021F8002A60A36C00933346002220212046FFF773
:102208002FFE18BB21680B68194A1A406568E368F5
:1022180043EA0563E5692B43256A2B431A430A60A1
:1022280021684A68134B13402569626942EA0542EE
:10223800A5692A4313434B602268136843F00103DE
:10224800136000236364012384F84130002384F879
:10225800403002B070BD84F840302046FEF72CFABA
:1022680041F288312046FFF7ADFFB9E70120F0E7DA
:102278002FFFFF00FEF8E0FF002800F0068270B58F
:1022880082B00446036813F0010F29D0954B9B6870
:1022980003F00C03042B1AD0924B9B6803F00C0339
:1022A800082B0FD06368B3F5803F40D0002B54D182
:1022B8008C4B1A6822F480321A601A6822F4802241
:1022C8001A6039E0874B5B6813F4800FEAD0854BBE
:1022D8001B6813F4003F03D06368002B00F0D7811C
:1022E800236813F0020F74D07E4B9B6813F00C0F19
:1022F8005ED07C4B9B6803F00C03082B53D0E3683B
:10230800002B00F08980774A136843F001031360BB
:10231800FEF7C8FD0546734B1B6813F0020F72D118
:10232800FEF7C0FD401B0228F5D90320B4E16D4A31
:10233800136843F48033136063682BB3FEF7B2FD70
:102348000546684B1B6813F4003FC9D1FEF7AAFD88
:10235800401B6428F5D903209EE1B3F5A02F09D0CE
:10236800604B1A6822F480321A601A6822F48022BC
:102378001A60E1E75B4B1A6842F480221A601A6817
:1023880042F480321A60D7E7FEF78CFD0546554BBC
:102398001B6813F4003FA3D0FEF784FD401B64289C
:1023A800F5D9032078E14F4B5B6813F4800FA6D171
:1023B8004C4B1B6813F0020F03D0E368012B40F06D
:1023C8006881484A136823F0F803216943EAC10386
:1023D8001360236813F0080F46D0636983B3414A3A
:1023E800536F43F001035367FEF75CFD05463D4B11
:1023F8005B6F13F0020F37D1FEF754FD401B022824
:10240800F5D9032048E1374A136823F0F803216916
:1024180043EAC1031360DCE7324A136823F001037F
:102428001360FEF73FFD05462E4B1B6813F0020FA5
:10243800CFD0FEF737FD401B0228F5D903202BE14A
:10244800284A536F23F001035367FEF72BFD054617
:10245800244B5B6F13F0020F06D0FEF723FD401BE1
:102468000228F5D9032017E1236813F0040F7DD063
:102478001C4B1B6C13F0805F1ED11A4B1A6C42F078
:1024880080521A641B6C03F080530193019B012551
:10249800154B1B6813F4807F10D0A368012B25D03F
:1024A800002B3BD10F4B1A6F22F001021A671A6FEB
:1024B80022F004021A671EE00025E9E70A4A1368B9
:1024C80043F480731360FEF7EDFC0646064B1B6869
:1024D80013F4807FE1D1FEF7E5FC801B6428F5D971
:1024E8000320D9E00038024000700040724A136FA0
:1024F80043F001031367A36833B3FEF7D3FC064622
:102508006D4B1B6F13F0020F2FD1FEF7CBFC801B16
:1025180041F288339842F3D90320BDE0052B09D056
:10252800654B1A6F22F001021A671A6F22F0040233
:102538001A67E0E7604B1A6F42F004021A671A6FD5
:1025480042F001021A67D6E7FEF7ACFC06465A4B82
:102558001B6F13F0020F08D0FEF7A4FC801B41F29A
:1025680088339842F3D9032096E0FDB9A369002B7C
:1025780000F09180504A926802F00C02082A59D063
:10258800022B19D04C4A136823F080731360FEF7AE
:1025980089FC0446484B1B6813F0007F48D0FEF7BF
:1025A80081FC001B0228F5D9032075E0424A136C10
:1025B80023F080531364D9E73F4A136823F08073EC
:1025C8001360FEF76FFC05463B4B1B6813F0007F5A
:1025D80006D0FEF767FC401B0228F5D903205BE014
:1025E800E369226A1343626A43EA8213A26A5208C1
:1025F800013A43EA0243E26A43EA0263226B43EA8E
:1026080002732D4A5360136843F080731360FEF71A
:1026180049FC0446284B1B6813F0007F06D1FEF7DF
:1026280041FC001B0228F5D9032035E0002033E0E7
:10263800002031E0204A5268012B2FD002F4800399
:10264800E1698B422CD102F03F03216A8B4229D1E8
:10265800616A47F6C0731340B3EB811F24D102F4BB
:102668004031A36A5B08013BB1EB034F1ED102F076
:102678007063E16AB3EB016F1AD102F0E042236B99
:10268800B2EB037F16D1002006E00120704701203D
:1026980002E0012000E0002002B070BD0120FBE74D
:1026A8000120F9E70120F7E70120F5E70120F3E72A
:1026B8000120F1E70120EFE70038024008B5334B6D
:1026C8009B6803F00C03042B5BD0082B5BD12F4BCA
:1026D8005A6802F03F025B6813F4800F2CD02B4B32
:1026E8005868C0F388104FEA401CBCEB000C6EEB36
:1026F8000E0E4FEA8E1343EA9C634FEA8C11B1EB3E
:102708000C0163EB0E03DB0043EA5173C90011EBC4
:10271800000C43F10003590200234FEA4C2041EA20
:10272800DC51FDF765FD194B5B68C3F301430133C9
:102738005B00B0FBF3F008BD144B5868C0F3881079
:102748004FEA401CBCEB000C6EEB0E0E4FEA8E13EA
:1027580043EA9C634FEA8C11B1EB0C0163EB0E0367
:10276800DB0043EA5173C90011EB000C43F100038D
:10277800990200234FEA8C2041EA9C51FDF738FD6D
:10278800D1E70348D7E70348D5E700BF0038024040
:1027980000127A000024F400002800F0A08070B530
:1027A8000D460446524B1B6803F00F038B420BD2B5
:1027B8004F4A136823F00F030B431360136803F0A9
:1027C8000F038B4240F08D80236813F0020F17D05F
:1027D80013F0040F04D0474A936843F4E05393601E
:1027E800236813F0080F04D0424A936843F4604307
:1027F8009360404A936823F0F003A1680B43936009
:10280800236813F0010F31D06368012B20D0022B0D
:1028180025D0384A126812F0020F64D035498A6808
:1028280022F0030213438B60FEF73CFB0646314B54
:102838009B6803F00C036268B3EB820F16D0FEF7B7
:1028480031FB801B41F288339842F0D9032045E0E0
:10285800284A126812F4003FE0D101203EE0254AE0
:10286800126812F0007FD9D1012037E0204B1B6895
:1028780003F00F03AB420AD91D4A136823F00F0374
:102888002B431360136803F00F03AB422DD1236869
:1028980013F0040F06D0174A936823F4E053E16855
:1028A8000B439360236813F0080F07D0114A93680D
:1028B80023F46043216943EAC1039360FFF7FEFEF6
:1028C8000C4B9B68C3F303130B4AD35CD8400B4BE8
:1028D80018600B4B1868FEF7A7FA002070BD01209E
:1028E80070470120FAE70120F8E70120F6E700BF6A
:1028F800003C024000380240286D0108000000201A
:1029080008000020014B1868704700BF0000002035
:1029180008B5FFF7F7FF044B9B68C3F38223034A0C
:10292800D35CD84008BD00BF00380240206D0108C4
:1029380008B5FFF7E7FF044B9B68C3F34233034A2C
:10294800D35CD84008BD00BF00380240206D0108A4
:10295800F0B583B00446066816F001060DD0B54BF5
:102968009A6822F400029A609A68416B0A439A6056
:10297800436B002B00F067810026256815F40025BD
:1029880011D0AC4AD2F88C3023F44013E16B0B43DE
:10299800C2F88C30E36BB3F5801F00F05681002B32
:1029A80000F055810025236813F4801F0FD0A14A39
:1029B800D2F88C3023F44003216C0B43C2F88C30DE
:1029C800236CB3F5800F00F0448103B90125236817
:1029D80013F0807F00D0012613F0200F40F03B81D8
:1029E800236813F0100F0CD0924BD3F88C2022F0F0
:1029F8008072C3F88C20D3F88C20A16B0A43C3F8EB
:102A08008C20236813F4804F08D08A4AD2F890307B
:102A180023F44033616E0B43C2F89030236813F4FB
:102A2800004F08D0834AD2F8903023F44023A16E97
:102A38000B43C2F89030236813F4803F08D07D4AD6
:102A4800D2F8903023F44013E16E0B43C2F8903073
:102A5800236813F4003F08D0764AD2F8903023F464
:102A68004003216F0B43C2F89030236813F0400FE6
:102A780008D0704AD2F8903023F00303616C0B43FE
:102A8800C2F89030236813F0800F08D0694AD2F852
:102A9800903023F00C03A16C0B43C2F890302368EC
:102AA80013F4807F08D0634AD2F8903023F03003C3
:102AB800E16C0B43C2F89030236813F4007F08D010
:102AC8005C4AD2F8903023F0C003216D0B43C2F862
:102AD8009030236813F4806F08D0564AD2F89030AB
:102AE80023F44073616D0B43C2F89030236813F4EC
:102AF800006F08D04F4AD2F8903023F44063A16D9C
:102B08000B43C2F89030236813F4805F08D0494A19
:102B1800D2F8903023F44053E16D0B43C2F8903063
:102B2800236813F4005F08D0424AD2F8903023F4A7
:102B38004043216E0B43C2F89030236813F4800F92
:102B480008D03C4AD2F8903023F08063A16F0B4341
:102B5800C2F89030236813F4001F0DD0354AD2F81C
:102B6800903023F00063E16F0B43C2F89030E36FBD
:102B7800B3F1006F00F0D580236813F0080F00D080
:102B8800012513F4802F08D02A4AD2F8903023F078
:102B98004073616F0B43C2F89030236813F4000F41
:102BA80009D0244AD2F8903023F08053D4F880100A
:102BB8000B43C2F89030236813F0806F09D01D4A88
:102BC800D2F8903023F00053D4F884100B43C2F8A5
:102BD8009030236813F0006F09D0164AD2F88C3071
:102BE80023F00073D4F888100B43C2F88C302368A4
:102BF80013F0805F09D00F4AD2F88C3023F080633D
:102C0800D4F88C100B43C2F88C3026B9236813F023
:102C1800007F00F00681074A136823F08063136081
:102C2800FEF740F90646034B1B6813F0006F7AD095
:102C380002E000BF00380240FEF734F9801B642828
:102C4800F1D90320F0E0012697E60126A7E6012541
:102C5800A9E60126B9E67F4B1A6C42F080521A6445
:102C68001B6C03F080530193019B7B4A136843F468
:102C780080731360FEF716F90746774B1B6813F449
:102C8800807F06D1FEF70EF9C01B6428F5D9032012
:102C9800CAE0704B1B6F13F4407315D0226B02F41B
:102CA80040729A4210D06B4B1A6F22F44072196F1F
:102CB80041F480311967196F21F4803119671A6757
:102CC8001B6F13F0010F12D1236B03F44072B2F59E
:102CD800407F1DD05F4A936823F4F81393605D49E1
:102CE8000B6F226BC2F30B0213430B6778E6FEF7F8
:102CF800D9F80746574B1B6F13F0020FE4D1FEF7C4
:102D0800D1F8C01B41F288339842F3D903208BE0F5
:102D18005048826822F4F812504919400A438260E8
:102D2800DDE7012528E7236813F0010F13D0636B53
:102D38008BB9484AD2F88430D2F88410606803F41A
:102D4800403343EA801301F070610B43A16843EA02
:102D58000173C2F88430236813F4002F03D0E26BA8
:102D6800B2F5801F06D013F4801F1ED0236CB3F574
:102D7800800F1AD1374AD2F88430D2F884106068AC
:102D880003F4403343EA8013E06843EA006301F048
:102D9800E0410B43C2F88430D2F88C3023F01F0393
:102DA800616A01390B43C2F88C30236813F0807FC5
:102DB80011D0284AD2F88400D2F8841066682369B2
:102DC8001B0443EA861300F07060034301F0E041FE
:102DD8000B43C2F88430236813F0007F0DD062687B
:102DE80023691B0443EA8213E26843EA0263A26888
:102DF80043EA0273174AC2F88430164A136843F04C
:102E080080631360FEF74EF80646124B1B6813F0FA
:102E1800006F06D1FEF746F8801B6428F5D9032019
:102E280002E0012D02D0002003B0F0BD094A13686A
:102E380023F080531360FEF735F80546054B1B68F1
:102E480013F0005F0CD0FEF72DF8401B6428F5D96D
:102E58000320E9E70038024000700040FFFCFF0F44
:102E6800236813F4002F01D0E26B22B113F4801F02
:102E78001DD0236CDBB9354AD2F88830D2F88810D7
:102E8800606903F4403343EA8013A06943EA0063AE
:102E980001F0E0410B43C2F88830D2F88C3023F4BB
:102EA800F853A16A013943EA0123C2F88C30236838
:102EB80013F4001F03D0E36FB3F1006F31D0236820
:102EC80013F0080F19D0214AD2F88810D2F88830A8
:102ED800606903F4403343EA801301F070610B43E7
:102EE800E16943EA0173C2F88830D2F88C3023F4E0
:102EF8004033E16A0B43C2F88C30144A136843F03C
:102F080080531360FDF7CEFF0446104B1B6813F087
:102F1800005F19D1FDF7C6FF001B6428F5D903200F
:102F280082E70A4AD2F88800D2F888106569236ACD
:102F38001B0443EA851300F07060034301F0E0418D
:102F48000B43C2F88830BAE700206DE7003802402A
:102F5800836B1A68D36B43F48073D36370470000A4
:102F680070B582B0044600230193006801F0CEFBDF
:102F7800054610B1284602B070BD206801F090FEE9
:102F880038B90123A364A36C012B0BD02E46284625
:102F980014E00023A364206801F0B8FB0028F2D0F5
:102FA8000546E7E70021206801F018FD0028EDD06C
:102FB8004FF08055DEE7019B01330193019A4FF6EC
:102FC800FE739A4213D896B90021206801F006FDD5
:102FD800E0B91249206801F0AFFD0646C0B90021EA
:102FE800206801F07EFBC30FE5D01E46E3E7019A97
:102FF8004FF6FE739A420ED810F0804302D0012398
:103008006364B7E7002262641D46B3E70546B1E78B
:103018004FF08055AEE74FF08075ABE7000010C168
:10302800F8B5846AC66AA6B9F8BD386801F036FBF7
:103038002070C0F307236370C0F30743A370000E2A
:10304800E0700434043E0135072DEED9BC62FE62FF
:10305800EAE707460025F7E7F0B583B0046A466A51
:10306800DEB903B0F0BD23780193627843EA022306
:103078000193A27843EA02430193E27843EA0263A8
:1030880001930434043E01A9386801F00AFB0135B4
:10309800072DE8D93C627E62E3E707460025F7E79B
:1030A80070B581B104460E46016D0904006801F04F
:1030B800ADFC054608B1284670BD0021206801F026
:1030C80010FB3060F7E74FF00065F4E72DE9F043B7
:1030D80087B0044691B116461F460A4690F8340058
:1030E800C5B201287FD10023A363F019E36D98428C
:1030F8000AD9A36B43F00073A36375E0836B43F0B5
:103108000063836301256FE0032384F8343021686A
:103118000023CB622068C16B41F49571C163216CB7
:103128003448C863216C3448C864216C0B65216C31
:103138008B60206C01680B6823F0C0038068034330
:103148000B6021684FEA47294FEA99038031206CC8
:10315800FEF71CF8804600282ED12268D36A43F077
:103168000803D362636C012B00D076024FF0FF3363
:103178000093CDF804909023029302230393002335
:103188000493012305936946206801F0ADFA012FE5
:1031980022D9822323633146206801F0A5FB38B386
:1031A8002368164A9A63A36B0343A363012384F835
:1031B80034300023236317E02268D36B23F495731C
:1031C800D36323680D4A9A63A36B43F08043A363D8
:1031D800012384F8343007E08123236331462068D3
:1031E80001F06AFBDBE70225284607B0BDE8F0835B
:1031F8004546F9E73B3300085D370008FF05400006
:10320800F0B587B00446002939D01D460F4690F81E
:103218003430DEB2012B40F08180002383635319E0
:10322800C16D8B4231D8032380F834300368002104
:10323800D9620068C36B43F01A03C363E36B394870
:10324800D863E36B3848D864E36B1965636C012B6A
:1032580000D05202012D1DD9A023236311462068F6
:1032680001F072FBE8B12368304A9A63A36B034309
:10327800A363012384F83430002323634FE0836B76
:1032880043F000638363012649E0836B43F00073D6
:10329800836344E0902323631146206801F03CFBDC
:1032A800E0E72268D36A43F00803D362E36B402265
:1032B8009A60E16B0A68136823F0C00389680B43BE
:1032C800136022686D02AB0880323946E06BFDF767
:1032D8005DFF074688B12268D36B23F01A03D363D6
:1032E8002368124A9A63A36B43F08043A3630123C4
:1032F80084F834300023236311E04FF0FF33009348
:1033080001959023029300230393049301230593CB
:103318006946206801F0E8F93E4600E0022630469A
:1033280007B0F0BD592F00085D370008FF054000C1
:10333800704710B5846B236B822B11D02268D36A37
:1033480023F00803D362236840F23A529A630123B8
:1033580084F8343000232363204601F0CAFE10BDF0
:10336800206801F009FB03460028E7D0A26B13434D
:10337800A3632046FFF7DCFFE0E700000346426E48
:10338800920F0A70426EC2F383624A7090F8672007
:1033980002F003028A7090F86620CA7090F86520DF
:1033A8000A7190F864204A71826E120DCA80B0F8D2
:1033B8006A2002F00F020A72826EC2F3C0324A72A9
:1033C800826EC2F380328A72826EC2F34032CA724F
:1033D800826EC2F300320A7300224A73426C002ADA
:1033E80040F08680806E40F6FC7202EA8002D86E59
:1033F80042EA90720A61DA6EC2F3C2620A7593F801
:103408006F2002F007024A75DA6EC2F342528A75DB
:10341800DA6EC2F38242CA75DA6EC2F3C2320A7633
:103428000A6901325A65087E00F0070002308240BE
:103438005A6591F808C00CF00F0C012000FA0CF046
:103448009865400A00FB02F2DA654FF400721A66CA
:10345800DA6EC2F380324A76DA6EC2F3C6128A7620
:10346800DA6E02F07F02CA761A6FD20F0A771A6FE5
:10347800C2F341724A771A6FC2F382628A771A6F6F
:10348800C2F38352CA771A6FC2F3405281F82020E0
:10349800002081F82100B3F8722002F0010281F8BF
:1034A80022201A6FC2F3C03281F823201A6FC2F3A8
:1034B800803281F824201A6FC2F3403281F8252027
:1034C8001A6FC2F3003281F826201A6FC2F38122E4
:1034D80081F827201A6FC2F3012281F828201B6F78
:1034E800C3F3460381F82930012381F82A30704755
:1034F800012A11D1826E120402F47C12B0F86E0017
:1035080002430A610A69013292025A65DA654FF488
:1035180000729A651A669BE7026805499163826B97
:1035280042F080528263012083F83400704700BF64
:10353800FF05400070B590B004460123ADF8123085
:10354800006801F0B7F800286CD0636C032B45D1F4
:10355800636C032B5DD1636C032B1DD0BDF8121077
:1035680021650904206801F0ACFA054600285BD102
:103578000021206801F0B5F860660421206801F098
:10358800B0F8A0660821206801F0ABF8E0660C21CD
:10359800206801F0A6F820670421206801F0A1F84E
:1035A800000DE06405A92046FFF7E8FE00283ED19B
:1035B800226D12040023206801F0F8F9054698BB33
:1035C800234653F8106B93E807008DE8070004348E
:1035D80094E80E00304601F047F825E0206801F035
:1035E8005BFA054600BB0021206801F07AF86067A5
:1035F8000421206801F075F8A0670821206801F00F
:1036080070F8E0670C21206801F06BF8C4F88000BE
:103618009EE70DF11201206801F0F8FA054600282E
:1036280099D001E04FF08065284610B070BD4FF08A
:103638008055F9E710B58AB0044600230493059332
:10364800069307930893762309930AAB13E90700B7
:103658008DE8070004AB0ECB206801F005F822685E
:10366800536823F480735360206801F01FF82268C0
:10367800536843F4807353600220FDF719FC204619
:10368800FFF76EFC40B10246012084F83400A36BBA
:103698001343A3630AB010BD2046FFF74BFF024651
:1036A80030B1012084F83400A36B1343A363F1E71E
:1036B8004FF40071206801F0E7F808B90020E9E745
:1036C800236804499963A36B0343A363012084F827
:1036D8003400DFE7FF054000A8B110B5044690F8B4
:1036E800343063B1032384F834302046FFF7A2FF57
:1036F80058B9A0632063012384F8343010BD0377E0
:10370800FDF7A4F8EEE7012070470120F6E7436CC7
:103718000B60836C4B60C36C8B60036DCB60436D37
:103728000B61836D4B61C36D8B61036ECB610020B0
:10373800704710B582B004460023019301A9FFF732
:10374800AFFC10B1A36B0343A3630198C0F34320FC
:1037580002B010BD10B5846BFDF752FE02280AD0E6
:10376800236C5A6DE36B5B6D012B18BF012A03D0E4
:103778002046FFF7DDFD10BD23680F4A9A632268D3
:10378800D36B23F49D73D363A36B43F08043A3638C
:103798002046FFF7CEFF0538012805D9012384F814
:1037A800343000232363E3E7206801F0E5F8A36BD6
:1037B8000343A363F2E700BFFF05400010B5846B25
:1037C800236840F23A529A632046FFF7B2FF01237A
:1037D80084F83430002323630538012805D9A36B06
:1037E80053B9204601F07DFC10BD206801F0C4F8F3
:1037F800A36B0343A363F2E72046FFF799FDF3E7C2
:1038080010B5846B236840F23A529A632046FFF75A
:1038180090FF012384F834300023236305380128FE
:1038280005D9A36B53B9204601F05BFC10BD206895
:1038380001F0A2F8A36B0343A363F2E72046FFF766
:1038480077FDF3E738B50446056B03685A6B12F445
:10385800004F02D015F0080F26D15A6B12F4807F62
:1038680058D04FF480729A632268D16B644B0B4036
:10387800D3632268D36A23F00103D36215F0080FDB
:1038880026D015F0220F12D1236840F23A529A63DB
:10389800012384F834300023236315F0030F13D079
:1038A800204601F026FC01E0FFF7BAFB38BD20688E
:1038B80001F062F803460028E6D0A26B1343A36325
:1038C8002046FFF735FDDFE7204601F00EFCEDE767
:1038D80015F0800FEAD015F0200F0ED115F0030F68
:1038E800E4D12268D36A23F00803D362012384F861
:1038F8003430204601F0F9FBD8E7206801F03CF8A5
:1039080003460028EAD0A26B1343A3632046FFF7BF
:103918000FFDE3E75A6B12F4804F02D015F0080F41
:103928004AD15A6B12F03A0FC0D05A6B12F0020FFC
:1039380003D0A26B42F00202A2635A6B12F0080F86
:1039480003D0A26B42F00802A2635A6B12F0200F58
:1039580003D0A26B42F02002A2635A6B12F0100F40
:1039680003D0A26B42F01002A26340F23A529A636B
:103978002268D36B23F49D73D363206800F0FCFFA7
:10398800A36B0343A36315F0080F19D115F0800F3B
:103998008CD015F0300F1CD115F0030F26D0236CF6
:1039A800184A1A65206CFDF72AFC00283FF47EAF00
:1039B800206CFFF725FF79E72046FFF74DFB75E7F9
:1039C800012384F83430002323632046FFF7B0FC3A
:1039D8006CE7E36B0C4A1A65E06BFDF710FC0028F6
:1039E8003FF464AFE06BFFF7E9FE5FE70023A363F2
:1039F800012284F834202363204601F072FB55E746
:103A0800C53EFFFF09380008C53700082DE9F04713
:103A180082B00546884617461E46FDF743FA0A9BBC
:103A28001B1A03EB0609FDF73DFA8246284B1B6873
:103A3800C3F3CB3309FB03F301932B689C6838EA83
:103A480004040CBF01230023BB423DD0B6F1FF3F65
:103A5800F3D0FDF727FAA0EB0A00484503D2019BF3
:103A680073BB9946E9E72A68536823F0E00353607B
:103A78006B68B3F5827F0BD0AB6AB3F5005F14D0E7
:103A8800012385F85D30002385F85C3003201CE0B5
:103A9800AB68B3F5806F18BFB3F5004FECD12A6857
:103AA800136823F040031360E6E72A68136823F4D9
:103AB800005313602A68136843F400531360DFE768
:103AC800019B013B0193B8E7002002B0BDE8F087F5
:103AD800000000202DE9F04782B006460D46144646
:103AE8001F4600238DF80330FDF7DCF90A9B1B1AEB
:103AF80003EB0709FDF7D6F98246D6F80080304B6C
:103B08001B6803EB8303C3EBC3031B0D09FB03F320
:103B1800019302E0B7F1FF3F12D133689B6803EAD3
:103B2800050CA44547D0B5F5C06F08BF002CF1D1EE
:103B380098F80C30DBB28DF803309DF80330E9E7D4
:103B4800FDF7B0F9A0EB0A00484503D2019B73BB0F
:103B58009946E2E73268536823F0E00353607368DC
:103B6800B3F5827F0BD0B36AB3F5005F14D001239D
:103B780086F85D30002386F85C3003201CE0B368CB
:103B8800B3F5806F18BFB3F5004FECD132681368F6
:103B980023F040031360E6E73268136823F4005308
:103BA80013603268136843F400531360DFE7019B26
:103BB800013B0193B1E7002002B0BDE8F08700BFE8
:103BC8000000002070B584B004460D4616460092E9
:103BD8000B4600224FF4C051FFF77CFF18BB1F4B68
:103BE8001B681F4AA2FB03235B0D4FF47A7202FB8A
:103BF80003F303936368B3F5827F1AD0039B3BB149
:103C0800039B013B039323689B6813F0800FF5D156
:103C180000962B4600224FF4C0612046FFF75AFF5A
:103C2800B0B904B070BD236E43F0200323660320AF
:103C3800F7E700962B46002280212046FFF7E6FE94
:103C48000028E5D0236E43F0200323660320E8E72D
:103C5800236E43F0200323660320E2E700000020E0
:103C6800819F5E1600286FD010B50446436A33B9A9
:103C78004368B3F5827F05D00023C36102E00023C7
:103C8800036143610023A36294F85D30002B52D096
:103C9800022384F85D302268136823F04003136020
:103CA800E368B3F5E06F4CD90022B3F5706F18BF25
:103CB800B3F5E06F01D00023A362636803F4827355
:103CC800A16801F404410B43216901F002010B438F
:103CD800616901F001010B43A16901F400710B4313
:103CE800E16901F038010B43216A01F080010B43BF
:103CF800A16A01F4005120680B430360638B03F051
:103D08000403616A01F010010B43616B01F00801C3
:103D18000B43E16801F470610B43216813434B6066
:103D28002268D36923F40063D3610020206601234D
:103D380084F85D3010BD84F85C302046FCF786FEC0
:103D4800A6E74FF48052B0E7012070472DE9F04311
:103D580083B00446894690461D46FDF7A3F894F8BB
:103D68005D30012B40F0EF800646DFB2B8F1000F5E
:103D780018BFB9F1000F00F0E78094F85C30012B10
:103D880000F0E680012384F85C30032384F85D307A
:103D980000232366C4F83890A4F83C80A4F83E8039
:103DA8002364A4F84430A4F846302365E364A36888
:103DB800B3F5004F1ED023681A6812F0400F03D1E4
:103DC8001A6842F040021A60E368B3F5E06F47D919
:103DD800636813B1B8F1010F27D1A26B2368128869
:103DE800DA60A36B0233A363E38F9BB2013B9BB200
:103DF800E3871AE02268136823F0400313602268FF
:103E0800136843F480431360D5E7A26B1288DA6025
:103E1800A36B0233A363B4F83EC01FFA8CFC0CF109
:103E2800FF3C1FFA8CFCA4F83EC0E38F9BB2002B2A
:103E38006ED023689A6812F0020FE6D1FDF732F8C7
:103E4800801BA84202D3B5F1FF3F01D1002DECD170
:103E5800012384F85D30002384F85C30032773E085
:103E6800636813B1B8F1010F32D1E38F9BB2012B14
:103E78000CD9A26B23681288DA60A36B0233A363A0
:103E8800E38F9BB2023B9BB2E38721E0A26B2368DE
:103E980012781A73A36B0133A363E38F9BB2013BC0
:103EA8009BB2E38714E0A36B1B781373A36B0133F6
:103EB800A363E38F9BB2013B9BB2E38708E0FCF767
:103EC800F1FF801BA84202D3B5F1FF3F18D1BDB165
:103ED800E38F9BB2E3B12268936813F0020FEED030
:103EE800E38F9BB2012BDED9A36B1B88D360A36B36
:103EF8000233A363E38F9BB2023B9BB2E387E7E7FE
:103F0800012384F85D30002384F85C3003271BE02C
:103F1800324629462046FFF755FE08B1202323667E
:103F2800A36833B901932368DA6801929B68019307
:103F3800019B012384F85D30002384F85C30236EF4
:103F480013B9002700E00227384603B0BDE8F08324
:103F58000227F9E7026852E8003F23F4907342E829
:103F680000310029F6D1026802F1080353E8003F46
:103F780023F00103083242E800310029F3D1036E2F
:103F8800012B06D02023C0F8803000230366836607
:103F98007047026852E8003F23F0100342E80031FE
:103FA8000029F6D1EEE7000010B5044683680269DF
:103FB800134342691343C269134301680868914A6D
:103FC80002401A430A602268536823F44053E168A8
:103FD8000B435360A269236A1A4321688B6823F450
:103FE800306313438B602368874A934218D0874A0B
:103FF800934228D0864A93424FD0864A93425ED055
:10400800854A93426DD0854A93427FD0844A934231
:1040180000F09180834A934200F0A280102329E0A7
:10402800814BD3F8903003F00303032B09D8DFE862
:1040380003F00204AB0601231CE004231AE0082362
:1040480018E0102316E0784BD3F8903003F00C03F7
:104058000C2B0ED8DFE803F0070D0D0D090D0D0D23
:104068009A0D0D0D0B00002304E0042302E0082341
:1040780000E01023E069B0F5004F00F0B980082B8C
:1040880000F21A81DFE813F0F6000901F4001801C4
:104098000C011801180118010F01634BD3F8903077
:1040A80003F03003202B73D005D8002B72D0102BCF
:1040B80072D10423DEE7302B70D10823DAE75A4B9C
:1040C800D3F8903003F0C003802B69D005D8002BBB
:1040D80068D0402B68D10423CCE7C02B66D10823D5
:1040E800C8E7514BD3F8903003F44073B3F5007F21
:1040F8005ED006D8002B5DD0B3F5807F5CD1042359
:10410800B8E7B3F5407F59D10823B3E7464BD3F856
:10411800903003F44063B3F5006F51D006D8002BFC
:1041280050D0B3F5806F4FD10423A3E7B3F5406FA8
:104138004CD108239EE73C4BD3F8903003F440530E
:10414800B3F5005F44D006D8002B43D0B3F5805FA9
:1041580042D104238EE7B3F5405F3FD1082389E7B6
:10416800314BD3F8903003F44043B3F5004F37D0C8
:1041780005D8BBB3B3F5804F36D104237AE7B3F53E
:10418800404F33D1082375E7022373E7022371E711
:1041980002236FE700236DE710236BE7102369E71D
:1041A800022367E7002365E7102363E7102361E72D
:1041B80002235FE700235DE710235BE7102359E73D
:1041C800022357E7012355E7102353E7102351E74C
:1041D80002234FE700234DE710234BE7102349E75D
:1041E800022347E7002345E7102343E7102341E76D
:1041F800082B5BD8DFE803F01A343A5A375A5A5A70
:104208001E0000BFF369FFEF0010014000440040AA
:1042180000480040004C004000500040001401409D
:1042280000780040007C004000380240FEF770FB38
:1042380000283DD06268530803EB4003B3FBF2F358
:10424800A3F110014FF6EF72914233D89AB222F0DF
:104258000F02C3F3420313432268D36000202CE00B
:10426800FEF766FBE4E7FEF729FAE1E71748E1E71E
:10427800164802E0FEF74CFB18B3636800EB5300E6
:10428800B0FBF3F0A0F110024FF6EF739A421AD880
:10429800236880B2D86000200FE0FEF749FBEBE707
:1042A800FEF70CFAE8E74FF40040E6E7012004E0E7
:1042B800002002E0012000E001200023A366E3665D
:1042C80010BD0020F9E70120F7E700BF0024F40043
:1042D800436A13F0080F06D00268536823F40043BA
:1042E800416B0B435360436A13F0010F06D0026819
:1042F800536823F40033816A0B435360436A13F015
:10430800020F06D00268536823F48033C16A0B4356
:104318005360436A13F0040F06D00268536823F40D
:104328008023016B0B435360436A13F0100F06D0D0
:104338000268936823F48053816B0B439360436A4C
:1043480013F0200F06D00268936823F40053C16B62
:104358000B439360436A13F0400F0AD00268536816
:1043680023F48013016C0B435360036CB3F5801F77
:104378000BD0436A13F0800F06D00268536823F409
:104388000023816C0B43536070470268536823F421
:10439800C003416C0B435360EBE72DE9F843054636
:1043A8000E4617469946DDF820802B68DC6936EA08
:1043B80004040CBF01240024BC423AD1B8F1FF3FE9
:1043C800F3D0FCF76FFDA0EB0900404534D8B8F1F5
:1043D800000F33D02B681A6812F0040FE5D0B6F13D
:1043E800400218BF0122802EDFD0002ADDD0DA6912
:1043F80012F0080F11D1DA6912F4006FD5D04FF41A
:1044080000621A622846FFF7A5FD2023C5F884300C
:10441800002385F8783003200CE008241C62284625
:10442800FFF798FDC5F88440002385F8783001200F
:1044380000E00020BDE8F8830320FBE70320F9E74C
:104448002DE9F04182B01E46C36F202B57D1044698
:104458000D469046002A18BF002901D101204FE0DF
:104468000023C0F884302123C367FCF71BFD0746EF
:10447800A4F85080A4F85280A368B3F5805F02D0F6
:104488004FF0000815E023693BB34FF0000810E037
:104498002023E367032033E038F8023B2268C3F3A4
:1044A80008039362B4F8522092B2013A92B2A4F887
:1044B8005220B4F852309BB293B100963B4600228A
:1044C80080212046FFF769FF0028E1D1002DE3D0C5
:1044D80015F8012B23689A62E4E7A8460025E8E767
:1044E80000963B46002240212046FFF756FF10B9B0
:1044F8002023E36704E02023E367032000E0022091
:1045080002B0BDE8F08130B583B004460023C0F89E
:104518008430FCF7C7FC05462268126812F0080FC1
:104528000FD123681B6813F0040F26D12023E367FB
:10453800C4F8803000202066606684F8780003B0F4
:1045480030BD6FF07E430093034600224FF4001104
:104558002046FFF722FF0028E3D0226852E8003FF8
:1045680023F0800342E800310029F6D12023E367D5
:10457800002384F878300320E1E76FF07E4300934E
:104588002B4600224FF480012046FFF706FF002843
:10459800CCD0226852E8003F23F4907342E80031FF
:1045A8000029F6D1226802F1080353E8003F23F0FE
:1045B8000103083242E800310029F3D12023C4F86E
:1045C8008030002384F878300320B8E768B310B54A
:1045D8000446C36F03B32423E3672268136823F0F8
:1045E80001031360636AE3B92046FFF7DDFC012885
:1045F80011D02268536823F490435360226893686B
:1046080023F02A0393602268136843F001031360C0
:104618002046FFF778FF10BD80F87830FCF71EFBC6
:10462800D9E72046FFF754FEDEE701207047000077
:104638000B4B1B680B4AA2FB03235B0A41F288322F
:1046480002FB03F31A46013B3AB1426B12F0800FAA
:10465800F8D0C5238363002070474FF000407047AF
:1046680000000020D34D621084B00DF1040C8CE8DA
:104678000E000B461343039A1343049A1343059AF7
:104688001343069A13434168034A0A40134343609D
:10469800002004B0704700BF0081FFFFD0F8800001
:1046A80070470B68C0F88030002070470323036010
:1046B80000207047006800F0030070470B688360B3
:1046C8004B688A681343CA6813430A691343C2686C
:1046D8006FF30B021343C360002070470069C0B238
:1046E80070471430405870470B6843624B688362C8
:1046F8008B68CA6813430A6913434A691343C26A39
:1047080022F0F7021343C3620020704710B586B049
:104718000446002301930293039304934FF48063A8
:10472800059301A9FFF7CAFF2046FFF781FF06B0EE
:1047380010BD000038B504460D46504B1B68504963
:10474800A1FB03135B0A03FB02F21346013A002B99
:104758005DD0636B13F0450FF7D013F4006FF4D1FD
:10476800636B13F0040F06D1636B13F0010F05D0D0
:104778000120A0634DE00420A0634AE0C523A363A1
:104788002046FFF7ABFFA84201D0012041E00021FD
:104798002046FFF7A6FF03463A481840C8B3002B47
:1047A80038DB13F0804F38D113F0005F37D113F0A6
:1047B800805F36D113F0006F36D113F0806F36D199
:1047C80013F0807F36D113F4000F36D113F4800F25
:1047D80036D113F4001F36D113F4801F36D113F4E9
:1047E800802F36D113F4003F36D113F4803F36D1F1
:1047F80013F4004F36D113F4804F36D113F4005F11
:1048080036D113F0080F36D04FF4000001E04FF016
:10481800004038BD4FF00070FBE74020F9E78020EA
:10482800F7E74FF48070F4E74FF40070F1E74FF4C6
:104838008060EEE74FF40060EBE74FF48050E8E764
:104848004FF40050E5E74FF48040E2E74FF40040B2
:10485800DFE74FF40030DCE74FF48020D9E74FF46E
:104868000020D6E74FF48010D3E74FF40010D0E7CC
:104878004FF48000CDE74FF48030CAE700000020F5
:10488800D34D621008E0FFFD30B587B004460191B2
:104898001025029540230393002304934FF480636B
:1048A800059301A9FFF70AFF41F2883229462046FD
:1048B800FFF740FF07B030BD30B587B0044601911F
:1048C8001125029540230393002304934FF480633A
:1048D800059301A9FFF7F2FE41F2883229462046E6
:1048E800FFF728FF07B030BD30B587B00446019107
:1048F8001225029540230393002304934FF4806309
:10490800059301A9FFF7DAFE41F2883229462046CD
:10491800FFF710FF07B030BD30B587B004460191EE
:104928001825029540230393002304934FF48063D2
:10493800059301A9FFF7C2FE41F2883229462046B5
:10494800FFF7F8FE07B030BD30B587B004460191D7
:104958001925029540230393002304934FF48063A1
:10496800059301A9FFF7AAFE41F28832294620469D
:10497800FFF7E0FE07B030BD30B587B0044600232E
:1049880001930C2502954022039204934FF480630F
:10499800059301A9FFF792FE034A29462046FFF72F
:1049A800C9FE07B030BD00BF00E1F50530B587B0DE
:1049B800044601920725029540230393002304939C
:1049C8004FF48063059301A9FFF778FE41F288321E
:1049D80029462046FFF7AEFE07B030BD30B587B098
:1049E800044601913725029540230393002304933D
:1049F8004FF48063059301A9FFF760FE41F2883206
:104A080029462046FFF796FE07B030BD30B587B07F
:104A1800044601910D250295402303930023049336
:104A28004FF48063059301A9FFF748FE41F28832ED
:104A380029462046FFF77EFE07B030BD0146144BDD
:104A48001B68144AA2FB03235B0A41F2883202FB6B
:104A580003F31A46013BBAB14A6B12F0450FF8D07E
:104A680012F4006FF5D14B6B13F0040F06D1486BAD
:104A780010F0010005D1C5238B63704704208863BB
:104A880070470120886370474FF00040704700BFAF
:104A980000000020D34D621010B586B004460023F4
:104AA800019302220292C022039204934FF480637E
:104AB800059301A9FFF702FE2046FFF7BFFF06B0E6
:104AC80010BD10B586B00446019109230293C02396
:104AD8000393002304934FF48063059301A9FFF720
:104AE800EDFD2046FFF7AAFF06B010BD0146104BAA
:104AF8001B68104AA2FB03235B0A41F2883202FBBF
:104B080003F31A46013B82B14A6B12F0450FF8D005
:104B180012F4006FF5D1486B10F0040002D1C523E0
:104B28008B6370470420886370474FF000407047DC
:104B380000000020D34D621010B586B004460A4B21
:104B48000B430193292302934023039300230493E7
:104B58004FF48063059301A9FFF7B0FD2046FFF7E6
:104B6800C5FF06B010BD00BF00001080F8B50546AF
:104B78000E461746234B1B68234AA2FB03235B0AF6
:104B880041F2883202FB03F31A46013B8AB36C6B8D
:104B980014F0450FF8D014F4006FF5D16B6B13F0D7
:104BA800040F06D16B6B13F0010F05D00120A86329
:104BB80021E00420A8631EE02846FFF78FFDB042DD
:104BC80001D0012017E0C523AB6300212846FFF779
:104BD80088FD034610F4604008D013F4804F0BD1D1
:104BE80013F4004F0BD04FF4805004E01B0C3B80B3
:104BF80001E04FF00040F8BD4FF40050FBE74FF4E0
:104C08008030F8E700000020D34D621070B586B000
:104C180004460D4600230193032602964022039280
:104C280004934FF48063059301A9FFF747FD2A46D3
:104C380031462046FFF79AFF06B070BD0146164B75
:104C48001B68164AA2FB03235B0A41F2883202FB67
:104C580003F31A46013BE2B14A6B12F0450FF8D054
:104C680012F4006FF5D14B6B13F0040F0BD14B6BA3
:104C780013F001030AD1486B10F040000BD040221A
:104C88008A63184670470420886370470120886348
:104C980070474FF00040704700000020D34D62106D
:104CA80010B586B004464FF4D573019308230293D8
:104CB80040230393002304934FF48063059301A9D1
:104CC800FFF7FCFC2046FFF7B9FF06B010BD82B025
:104CD80000230193019B01330193019BB3F1706F92
:104CE8001CD80369002BF5DA0A23019302E0019B23
:104CF800013B0193019B002BF9D1036943F00103A8
:104D08000361019B01330193019BB3F1706F08D8D4
:104D1800036913F0010FF4D1002000E0032002B072
:104D280070470320FBE7000084B010B5044603A8D1
:104D380080E80E009DF81130012B1FD1A36B23F4DE
:104D48008033A363E268184B1340E360E36823F4FD
:104D58004013E3609DF81830012B0AD02046FFF776
:104D6800B6FF9DF80E30012B14D0BDE8104004B0FA
:104D78007047E36843F48013E360EFE7E36843F0C8
:104D88004003E3602046FFF7A2FFA36B43F48033A0
:104D9800A363E6E7A36843F00603A360A36843F0B0
:104DA8002003A360E1E700BFBFFFBDFF836823F0D6
:104DB800010383600020704782B000230193019BA8
:104DC80001330193019BB3F1706F15D80369002B70
:104DD800F5DA00230193890141F020010161019B6B
:104DE80001330193019BB3F1706F08D8036913F085
:104DF800200FF4D1002000E0032002B07047032008
:104E0800FBE782B000230193019B01330193019BCF
:104E1800B3F1706F13D80369002BF5DA00230193FF
:104E280010230361019B01330193019BB3F1706F60
:104E380008D8036913F0100FF4D1002000E0032014
:104E480002B070470320FBE7D0F800381943C0F8D8
:104E5800001800207047000084B0F8B5044607A881
:104E680080E80E00002306E003F1400204EB820212
:104E78000021516001330E2BF6D99DF8266006BB40
:104E8800D4F8043843F00203C4F80438A36B23F4BD
:104E98000013A363236843F040032360236843F0AF
:104EA800800323600023C4F8003E9DF82130012BC5
:104EB80011D19DF81F304BB900212046FFF7C4FFE0
:104EC8000DE0A36B43F40013A363EBE70121204635
:104ED800FFF7BAFF03E003212046FFF7B5FF1021D3
:104EE8002046FFF769FF054600B101252046FFF778
:104EF80088FF00B1012504F5006C0023CCF81030C0
:104F0800CCF81430CCF81C300DE04FF09040C2F8CB
:104F1800000902E00020C2F8000900220A614FF6E9
:104F28007F328A6001339DF81C1099420ED904EB38
:104F3800431202F51061D2F800090028EADA002BC2
:104F4800E3D14FF00060C2F80009E6E700230AE069
:104F5800BBB14FF09047C2F8007B002202614FF6C8
:104F68007F3282600133994210D904EB431202F573
:104F78003060D2F8007B002FEADB0027C2F8007B04
:104F8800EBE74FF00067C2F8007BE6E7DCF810308B
:104F980023F48073CCF810300023A3616FF08043B2
:104FA80063619DF81E301BB9A36943F01003A36128
:104FB800A2690B4B1343A3619DF822301BB1A3696F
:104FC80043F00803A361012E04D02846BDE8F84049
:104FD80004B07047A269034B1343A361F5E700BF10
:104FE80000383C8004000040D0F8003E23F0030362
:104FF800C0F8003ED0F8043843F00203C0F8043883
:1050080000207047406900F00100704738B5054638
:10501800C36823F0C043C360012913D019BBC36818
:1050280043F08043C36000240A20FBF741FF0A34A1
:105038002846FFF7E7FF08B1C72CF5D9C82C14D0CC
:10504800002038BDC36843F00053C36000240A2021
:10505800FBF72EFF0A342846FFF7D4FF0128EDD0CE
:10506800C72CF4D9EAE70120EBE70120E9E70000C3
:1050780008B50349034800F085F9034B187008BDCB
:10508800C0090020406D0108C409002008B5134676
:105098000A4601460248FEF719F800B1012008BD8A
:1050A8006C03002008B513460A4601460248FEF77D
:1050B800A7F800B1012008BD6C03002008B503481B
:1050C800FEF737FB043818BF012008BD6C03002029
:1050D80008B501460148FEF71AFB08BD6C0300201D
:1050E800704708B5FFF7FCFF08BD08B500F014F9D4
:1050F80008BD08B500F016F908BD00B583B0012356
:105108008DF8073000F018F810B900238DF8073033
:105118009DF8070003B05DF804FB000008B5FFF731
:10512800ECFF012801D0022008BD0248FEF7D4FA9E
:10513800FAE700BF6C03002008B580210248FCF79D
:1051480099FC012008BD00BF0018024008B5074BB4
:1051580001221A70FFF7B2FF20B9044A137803F04E
:10516800FE031370014B187808BD00BF0C00002027
:1051780010B50446FFF7D2FF10B1044B187810BDE4
:105188002046FFF7E3FF014B1870F6E70C000020FC
:1051980008B5FFF7DBFF08BD38B50546FBF782FE0B
:1051A8000446FBF77FFE001BA84205D2FFF786FFE7
:1051B8000028F6D1002001E04FF0FF3038BD000094
:1051C80070B50C4615461E4647F23050FFF7E4FF0F
:1051D800002830DB324629462046FFF757FF08B142
:1051E800012029E0154B00221A60FBF75BFE0446FC
:1051F800124B1B6833B9FBF755FE001B47F22F53C0
:105208009842F5D90D4B1B680BB9012014E00B4BE4
:1052180000221A60FBF746FE0446FBF743FE001B1C
:1052280047F22F53984204D8FFF748FF0028F4D1DB
:1052380002E0012000E0012070BD00BFC809002085
:1052480070B50C4615461E461C4B00221A6047F2E4
:105258003050FFF7A1FF00282DDB324629462046B3
:10526800FFF720FF08B1012026E0FBF71BFE0446EC
:10527800124B1B6833B9FBF715FE001B47F22F537F
:105288009842F5D90D4B1B680BB9012014E00B4B64
:1052980000221A60FBF706FE0446FBF703FE001B1C
:1052A80047F22F53984204D8FFF708FF0028F4D19B
:1052B80002E0012000E0012070BD00BFCC09002001
:1052C80030B589B0134B187810F001041BD115467E
:1052D80003291CD8DFE801F002040A100C4613E089
:1052E8006846FFF7F5FE069B2B600DE06846FFF762
:1052F800EFFE079B2B8007E06846FFF7E9FE079B58
:105308005B0A2B6000E00324204609B030BD04246A
:10531800FAE700BF0C000020014B01221A60704719
:10532800CC090020014B01221A607047C8090020EF
:10533800134B5B7A13BB10B5044603F0FF00104B08
:1053480093F809C05FFA8CFC4FF0000E03F80CE0EC
:1053580093F809C003EB8C0CCCF804405C7A1C442D
:1053680022725A7A541CE4B25C7230320A703A23C0
:105378004B702F238B7081F803E010BD012070471C
:10538800D009002008B50022FFF7D2FF08BD02446B
:105398000346934200D1704703F8011BF9E7000068
:1053A80070B50D4B0D4D5B1B9C100026A64209D114
:1053B80000F078F90A4D0B4B5B1B9C100026A642A7
:1053C80005D170BD55F8043B98470136EEE755F80E
:1053D800043B98470136F2E75C6D01085C6D0108F3
:1053E8005C6D0108606D01082DE9F0478C468E461A
:1053F800089E154604461946002B40F0D080724599
:1054080047D9B2FA82F74FB1C7F120030EFA07FC69
:1054180020FA03F3BD4043EA0C0CBC404FEA154E9A
:10542800A8B2BCFBFEF8230C0EFB18CC08FB00F955
:1054380043EA0C43994528D9EB1808F1FF3204D206
:10544800994502D9A8F102022B44A3EB0903A4B29F
:10545800B3FBFEFC0EFB1C330CFB00F044EA0344D8
:10546800A04214D92C190CF1FF3304D2A04202D95E
:10547800ACF102032C44241A43EA02401EB1FC405A
:10548800002334607360BDE8F0874246DDE7634679
:10549800F1E7002A79D0B2FA82F3002B3FD01946FF
:1054A800C1F1200302FA01F52EFA03F20EFA01FE09
:1054B80020FA03F343EA0E034FEA154E00FA01F40B
:1054C800B2FBFEFCAFB20EFB1C201A0C0CFB07F85B
:1054D80042EA004290455AD9AA180CF1FF3004D28A
:1054E800904502D9ACF102002A44A2EB08029BB213
:1054F800B2FBFEFC0EFB1C220CFB07F743EA02433F
:105508009F4246D9EB180CF1FF3204D29F4202D9D0
:10551800ACF102022B44DB1B42EA004202E0AEEB94
:10552800020301224FEA154EAFB2B3FBFEFC200C7A
:105538000EFB1C330CFB07F840EA034398452AD9B5
:10554800EB180CF1FF3004D2984502D9ACF10200F7
:105558002B44A3EB0803A4B2B3FBFEFC0EFB1C33E5
:105568000CFB07F744EA0344A74216D92C190CF19F
:10557800FF3304D2A74202D9ACF102032C44E41B46
:1055880043EA00400F46114678E71F2188E7604646
:10559800ABE76246BFE76046DBE76346EFE7734584
:1055A80006D916B9002108466DE7C6E9000EF9E7E5
:1055B800B3FA83F787B9734501D3824207D8841AAF
:1055C8006EEB030301209C461EB900215BE73846B9
:1055D800FAE7C6E9004CF8E7C7F1200CBB4022FA0D
:1055E8000CF51D4320FA0CF12EFA0CF30EFA07FE07
:1055F80041EA0E014FEA154900FA07F4B3FBF9F83E
:105608001FFA85FE09FB18300B0C08FB0EFA43EA5B
:1056180000439A4502FA07F240D9EB1808F1FF3027
:1056280004D29A4502D9A8F102002B44A3EB0A033D
:1056380089B2B3FBF9F809FB183308FB0EFE41EAFF
:1056480003418E452CD9691808F1FF3304D28E45E1
:1056580002D9A8F10203294443EA0040A0FB0298BA
:10566800A1EB0E014145CE46434602D306D14C4537
:1056780004D2B9EB020E68EB05030138002EA4D062
:10568800B4EB0E0261EB030101FA0CFC22FA07F3FA
:105698004CEA0303F940C6E9003196E74046C5E7FE
:1056A8004346D9E7F8B500BFF8BC08BC9E4670472A
:0C56B800F8B500BFF8BC08BC9E46704767
:1056C400FF0000FF7EAA997E51000105920020622E
:1056D40002B37200B082000011000101000000005A
:1056E40000000000000000000000000000000000B6
:1056F40000000000000000000000000000000000A6
:105704000000000000800000000000000000000015
:105714000000000000000000000000000000000085
:105724000000000000000000000000000000000075
:105734000000000000000000000000000000000065
:105744000000000000000000000000000000000055
:105754000000000000000000000000000000000045
:105764000000000000000000000000000000000035
:105774000000000000000000000000000000000025
:105784000000000000000000000000000000000015
:105794000000000000000000000000000000000005
:1057A40000000000000000000000000000000000F5
:1057B4000000400080000010000000000000000015
:1057C40000000000000000000000000000000000D5
:1057D40000000000000000000000000000000000C5
:1057E40000000000000000000000000000000000B5
:1057F40000000000000000000000000000000000A5
:105804000000000000000000000050000000000044
:105814000000000000000000000000000000000084
:105824000000000000000000000000000000000074
:105834000000000000000000000000000000000064
:105844000000000000000000000000000000000054
:1058540000000000000000000000000000000080C4
:105864000000010000000000000000000000000033
:105874000000000000000000000000000000000024
:105884000000000000000000000000000000000014
:105894000000000000000000000000000000000004
:1058A40000000000000000000000000000000000F4
:1058B40000000000000000000030000000000000B4
:1058C40000000000000000000000000000000000D4
:1058D40000000000000000000000000000000000C4
:1058E40000000000000000000000000000000000B4
:1058F40000000000000000000000000000000000A4
:105904000000000000000000000000000000000093
:105914000000000000000000000000000000000083
:105924000000000000000000000000000000000073
:105934000000000000000000000000000000000063
:105944000000000000000000000000000000000053
:105954000000000000000000000000000000000043
:105964000000000000000000000000000000000033
:105974000000000000000000000000000000000023
:105984000000000000000000000000000000000013
:105994000000000000000000000000000000000003
:1059A40000000000000000000000000000000000F3
:1059B40000000000000000000000070200000000DA
:1059C40000000000000000000000000000000000D3
:1059D40000000000000000000000000000000000C3
:1059E40000000000000000000000000000000000B3
:1059F40000000000000000000000000000000000A3
:105A04000000000000000000000000000000000092
:105A14000000000000000000000000000000000082
:105A24000000000000000000000000000000000072
:105A34000000000000000000000000000000000062
:105A44000000000000000000000000000000000052
:105A54000000000000000000000000000000000042
:105A64000000000000000000000100000000000031
:105A74000000000000000000000000000000000022
:105A84000000000000000000000000000000008092
:105A940000400000000000000000000000000000C2
:105AA40000000000000000000000000000000000F2
:105AB40000000000000000000000000008000000DA
:105AC40030000000000000000000000000000000A2
:105AD40000000000000000000000000000000000C2
:105AE4000000000000180004000000000000000096
:105AF40000000000000000000000000000000000A2
:105B04000000000000000000000000000000000091
:105B14000000000000000000000000000000000081
:105B24000000000000000000001800000000000059
:105B34000000000000000000000000000000000061
:105B44000000000000000000000000000000000051
:105B54000000000000000000000000000000000041
:105B6400000001000000000000040000000000002C
:105B74000000000000000000000000000000000021
:105B84000000000000000000000000000000000011
:105B94000000000000000000000000000000000001
:105BA40000000000000000000000000000000000F1
:105BB40000000000000000000000000040000000A1
:105BC40000000100000000000000000000000000D0
:105BD40000000000000000000000000000000000C1
:105BE40000000000000000000000000000000000B1
:105BF40000000000000000000000000000000000A1
:105C04000000000000000000000000000000000090
:105C14000000000000000800000000000000000078
:105C24000000000000000000000000000000000070
:105C34000000000000000000000000000000000060
:105C440000000000000000000C30200000000000F4
:105C54000000000000000000000000000000000040
:105C64000000000000000000000000000000000030
:105C7400000200001800402008000000000000207E
:105C840000000000000000000000000002000019F5
:105C9400004020000000380000000000000000C3A5
:105CA40000000000000000000000000000000000F0
:105CB40000000000000000000000000000000000E0
:105CC4000000000000000000000000003400080094
:105CD40000000000000000000900000000000000B7
:105CE4000000000000008028000800000000000000
:105CF40000000000000C3020000000000000000044
:105D0400000000000000000000000000000000008F
:105D140000000000000000000000000000000080FF
:105D24000000770CF002000068000000080000008A
:105D340000000000000000000000800000768CF0ED
:105D4400000000000000000000000000C30000008C
:105D5400000000000000000000000000000000003F
:105D6400000000000000000000000000000000002F
:105D7400000000000020000000433000800000000C
:105D8400000002000000000000000000000000000D
:105D9400200000003F300000000000000000000070
:105DA40000000C3020000000000000000000000093
:105DB40000000000000000000000000000000000DF
:105DC400000000000000000000000000000000725D
:105DD4000CF00000000000000010000000000000B3
:105DE40000000000000003000008720CF000000036
:105DF400000000000000000000C3000000000000DC
:105E0400000000000000000000000000000000008E
:105E1400000000000000000000000000000000007E
:105E240000000000000083300000000000000001BA
:105E3400000000000000000000000000001000014D
:105E440000A7300000034000000000000000000C28
:105E540030200000000000000000000000000000EE
:105E6400000000000000000000000000000000002E
:105E7400000000000000000000000000020CD00040
:105E84000000217D7D4000000000000000000000B3
:105E940000000000000180520CF00000000000002F
:105EA400000000000000C30000000000000000002B
:105EB40000000000000000000000000000000000DE
:105EC40000000000000000000000000000000000CE
:105ED4000000002730000000040297D008000000F2
:105EE4000000000000000000000000000000A730D7
:105EF4000000000000000000000000000C30200042
:105F0400000000000000000000000000000000008D
:105F1400000000000000000000000000000000007D
:105F2400000000000000000000000000000000006D
:105F340000000000000003800100000000000000D9
:105F4400000000017A0CD0000000000000000000F6
:105F5400000000C30000000000000000000000007A
:105F6400000000000000000000000000000000002D
:105F7400000000000000000000000000000000001D
:105F84000000000000000000000000000008010004
:105F940000000000000000000000ED0330000000DD
:105FA4000000000000000000000C30200000000091
:105FB40000000000000000000000000000000000DD
:105FC40000000000000000000000000000000000CD
:105FD400000000000001000000000020000000009C
:105FE400000001C0000000000000000000000000EC
:105FF4000058169000000001FEBD000000000000E3
:10600400C3000000000000000000000000000000C9
:10601400000000000000000000000000000000007C
:1060240000000000000000000000001080000000DC
:10603400000140000000000000000000000000001B
:106044000000000000000000016800000000159737
:10605400C000000000000C30200000000000000020
:10606400000000000000000000000000000000002C
:10607400000000000000000000000000000000001C
:10608400000181004F100000000261810000000047
:106094000000000000000000000000010181F84938
:1060A40000000000000000000000000000C3000029
:1060B40000000000000000000000000000000000DC
:1060C40000000000000000000000000000000000CC
:1060D4000000000000000000008034F00000000018
:1060E4000EB240800000000000000000000000002C
:1060F40000000000CF2800000000000000000000A5
:106104000000000C3020000000000000000000002F
:10611400000000000000000000000000000000007B
:106124000000000000000000000000000300000068
:1061340077020000000000000000000000000000E2
:106144000000000000000001000818720280000036
:1061540014280000000000000000C300000000003C
:10616400000000000000000000000000000000002B
:10617400000000000000000000000000000000001B
:106184000000001000000F64000000000000000088
:1061940000000000000000000000000000000000FB
:1061A400100940000000002400000000000000006E
:1061B4000C3020000000000000000000000000007F
:1061C40000000000000000000000000000000000CB
:1061D40000000000000000000000000000000000BB
:1061E40000000000000000000000000000000000AB
:1061F400000000000200050058002008001E3A5D5F
:1062040025000000000000C30000000000000000A2
:10621400000000000000000000000000000000007A
:10622400000000000000000000000000000000006A
:10623400000000000000000000000000000000005A
:106244000000000000000000000000000008B08012
:106254000008000006F4DA5000000000000C3020B2
:10626400000000000000000000000000000000002A
:10627400000000000000000000000000000000001A
:10628400000000000000000000000000000000000A
:1062940000000000000000000000000000000000FA
:1062A4000000800500760CF002002002FAFF2000B6
:1062B40000000000C3000000000000000000000017
:1062C40000000000000000000000000000000000CA
:1062D40000000000000000000000000000000000BA
:1062E40000000000000000000000000000000000AA
:1062F4000000000000000000200008B063300080AF
:1063040001C00FBDF180000000000C30200000002F
:106314000000000000000000000000000000000079
:106324000000000000000000000000000000000069
:106334000000000000000000000000000000000059
:106344000000000000000000000000000000030046
:10635400000A00002000000000000000000000000F
:1063640000C3000000000000000000000000000066
:106374000000000000000000000000000000000019
:106384000000000000000000000000000000000009
:1063940000000000000000000000000000000000F9
:1063A400000000000010000100240000080002406A
:1063B400000000000000000C30200000000000007D
:1063C40000000000000000000000000000000000C9
:1063D40000000000000000000000000000000000B9
:1063E40000000000000000000000000000000000A9
:1063F4000000000000000000000000000000005049
:106404000020000000680000000000000000C3003D
:106414000000000000000000000000000000000078
:106424000000000000000000000000000000000068
:106434000000000000000000000000000000000058
:106444000000000000000000000000000000000048
:1064540000000000D0B08000000000000000000038
:10646400000000000C3020000000000000000000CC
:106474000000000000000000000000000000000018
:106484000000000000000000000000000000000008
:1064940000000000000000000000000000000000F8
:1064A40000000000000000000000000016C3E0002F
:1064B400A0000240FF000000000000C30000000034
:1064C40000000000000000000000000000000000C8
:1064D40000000000000000000000000000000000B8
:1064E40000000000000000000000000000000000A8
:1064F4000000000000000000000000000000000098
:106504000000F0303C000000001E05A00400000064
:10651400000C30200000000000000000000000001B
:106524000000000000000000000000000000000067
:106534000000000000000000000000000000000057
:106544000000000000000000000000000000000047
:10655400000000000000000800023C2000001405B8
:106564007C05000000000000C300000000000000E3
:106574000000000000000000000000000000000017
:106584000000000000000000000000000000000007
:1065940000000000000000000000000000000000F7
:1065A40000000000000000000000000000001000D7
:1065B40003C08100000247000000000000000C300E
:1065C40020000000000000000000000000000000A7
:1065D40000000000000000000000000000000000B7
:1065E40000000000000000000000000000000000A7
:1065F4000000000000000000000000000000000097
:1066040000000000018000000000000000000040C5
:106614000000000000C300000000000000000000B3
:106624000000000000000000000000000000000066
:1066340000000000000000000000A00000000000B6
:106644000000000000000000000000000000000046
:106654000000000000000000000000000000000036
:1066640008000024008004000000000C302000001A
:106674000000000000000000000000000000000016
:106684000000000000000000000000000000000006
:1066940000000000000000000000000000000000F6
:1066A40000000000000000000000000000000001E5
:1066B40000000083C1000400060000000000000088
:1066C4000000C30000000000000000000000000003
:1066D40000000000000000000000000000000000B6
:1066E40000000000000000000000000000000000A6
:1066F4000000000000000000000000000000000096
:10670400000000000000000000012C2000400000F8
:1067140000000000000000000C3020000000000019
:106724000000000000000000000000000000000065
:106734000000000000000000000000000000000055
:106744000000000000000000000000000000000045
:106754000000000000000000000000000200051915
:10676400580020080E200261E7400000000000C32A
:106774000000000000000000000000000000000015
:106784000000000000000000000000000000000005
:1067940000000000000000000000000000000000F5
:1067A40000000000000000000000000000000000E5
:1067B400000000000000808000080003C01C981244
:1067C40004000000000C3020000000000000000065
:1067D40000000000000000000000000000000000B5
:1067E40000000000000000000000000000000000A5
:1067F4000000000000000000000000000000000095
:10680400000000000000000000008000005002A210
:1068140012001E005EC5400000000000C30000001E
:106824000000000000000000000000000000000064
:106834000000000000000000000000000000000054
:106844000000000000000000000000000000000044
:106854000000000000000000000000000000000034
:10686400200050002014C6800023C0BC5204000045
:1068740000000C30200000000000000000000000B8
:106884000000000000000000000000000000000004
:1068940000000000000000000000000000000000F4
:1068A40000000000000000000000000000000000E4
:1068B4000000000000000100019A320CF00C0020DE
:1068C400040081000000000000C30000000000007C
:1068D40000000000000000000000000000000000B4
:1068E40000000000000000000000000000000000A4
:1068F4000000000000000000000000000000000094
:106904000000000000000000000000000030000152
:10691400002730000002422CE42000000000000C9C
:106924003020000000000000000000000000000013
:106934000000000000000000000000000000000053
:106944000000000000000000000000000000000043
:106954000000000000000000000000000000000033
:1069640000000000000001520CF0000020000000B4
:10697400000000000000C300000000000000000050
:106984000000000000000000000000000000000003
:1069940000000000000000000000000000000000F3
:1069A40000000000000000000000000000000000E3
:1069B40000000000000000000000000000802730FC
:1069C400000003C000000000000000000C302000A4
:1069D40000000000000000000000000000000000B3
:1069E40000000000000000000000000000000000A3
:1069F4000000000000000000000000000000000093
:106A04000000000000000000000000000000000082
:106A14000000018082331000000004000000000028
:106A2400000000C30000000000000000000000009F
:106A34000000000000000000000000000000000052
:106A44000000000000000000000000000000000042
:106A54000000000000000000000002000000000030
:106A6400000000000000000000000128CC0000002D
:106A74000300000000000000000C302000000000B3
:106A84000000000000000000000000000000000002
:106A940000000000000000000000000000000000F2
:106AA40000000000000000000000000000000000E2
:106AB40000000000000000000000000000000008CA
:106AC400003A000000000063E08160000000000064
:106AD400C3000000000000000000000000000000EF
:106AE40000000000000000000000000000000000A2
:106AF4000000000000000000000000000000000092
:106B04000000000000000000000000000000000081
:106B1400000000000000100940140000000414AD3F
:106B2400B200000000000C30200000000000000053
:106B34000000000000000000000000000000000051
:106B44000000000000000000000000000000000041
:106B54000000000000000000000000000000000031
:106B640000000000000000000000000000005816B3
:106B74009000001C021C5B100000000000C3000019
:106B84000000000000000000000000000000000001
:106B940000000000000000000000000000000000F1
:106BA40000000000000000000000000000000000E1
:106BB4000000000000000000000000400000000091
:106BC40000000000008168000000203DEA7004001D
:106BD4000000000C30200000000000000000000055
:106BE40000000000000000000000000000000000A1
:106BF4000000000000000000000000000000000091
:106C04000000000000000000000000000000000080
:106C1400000000000000000100000000000004006B
:106C240006380000000000000000C300000000005F
:106C34000000000000000000000000000000000050
:106C44000000000000000000000000000000000040
:106C54000000000000000000000000000000000030
:106C64000000000000000000000000000000000020
:106C740000000000000000200000000000000000F0
:106C84000C302000000000000000000000000000A4
:106C940000000000000000000000000000000000F0
:106CA40000000000000000000000000000000000E0
:106CB40000000000000000000000000000000000D0
:106CC4000000000000000000000000004000380048
:106CD40000000000000000C30000000000000000ED
:106CE40000000000000000000000000000000000A0
:106CF4000000000000000000000000000000000090
:106D0400000000000000000000000000000000007F
:106D1400000000000000000000000000000000006F
:106D240000000A000000000000000000000C3020F9
:106D3400000000000000000000000000000000004F
:106D4400000000000000000000000000000000003F
:106D5400000000000000000000000000000000002F
:106D6400000000000000000000000000000000001F
:106D7400000000000000000000000000000000000F
:106D840000000000C300000000000000000000003C
:106D940000000000000000000000000000000000EF
:106DA40000000000000000000000000000000000DF
:106DB40000000000000000000000000000000000CF
:106DC40000000000000000000000000000000000BF
:106DD400000000000000000000000C302000000053
:106DE400000000000000000000000000000000009F
:106DF400000000000000000000000000000000008F
:106E0400000000000000000000000000000000007E
:106E1400000000000000000000000000000000006E
:106E24000000000000000000005A70000000000094
:106E340000C300000000000000000000000000008B
:106E4400000000000000000000000000000000003E
:106E5400000000000000000000000000000000002E
:106E6400000000000000000000000000000000001E
:106E7400000000000000000000000000000000030B
:106E8400D70000000000000C3020000000000000CB
:106E940000000000000000000000000000000000EE
:106EA40000000000000000000000000000000000DE
:106EB40000000000000000000000000000000000CE
:106EC40000000000000000000000000000000000BE
:106ED4000000000000000000000000000000C300EB
:106EE400000000000000000000000000000000009E
:106EF400000000000000000000000000000000008E
:106F0400000000000000000000000000000000007D
:106F1400000000000000000000000000000000006D
:106F240000000000000000000000000280000000DB
:106F3400010000000C3020040000000000001000DC
:106F440000000000004000000000000100000000FC
:106F54000000040000000000001000000000040015
:106F640000000000001000000000000040000000CD
:106F74000000010000000000000400000000000008
:106F84005000040000000010000000C30000400096
:106F940000000000010000000000000400000000E8
:106FA400000010000000000000400000000000018C
:106FB400000000000040000000000001000000008C
:106FC40000000400000000000010000000000000A9
:106FD4004000000000000300034000000001000026
:106FE400000C30200400000000000010000000002D
:106FF4000000400000000000010000000000000448
:107004000000000000001000000000040000000068
:10701400000010000000000000400000000000011B
:107024000000000000000400000000000010000048
:107034000000000010000000C30000400000000039
:107044000001000000000000040000000000001027
:1070540000000000000040000000000001000000EB
:1070640000004000000000000100000000000004D7
:1070740000000000000010000000000000400000BC
:1070840000000001000000000000010000000C30BE
:107094002004000000000000100000000000004078
:1070A40000000000000100000000000004000000D7
:1070B40000000010000000000400000000000010A8
:1070C400000000000000400000000000010000007B
:1070D4000000000400000000000010000000000098
:1070E4000010000000C30000400000000000010088
:1070F4000000000000040000000000001000000078
:1071040000000040000000000001000000000040FA
:107114000000000000010000000000000400000066
:10712400000000100000000000004000000000000B
:1071340001000000000000010000000C30200400E9
:1071440000000000001000000000000040000000EB
:107154000000010000000000000400000000000026
:1071640010000000000400000000000010000000F7
:1071740000000040000000000001000000000000CA
:1071840004000000000000100000000000001000D7
:107194000000C300004000000000000100000000E7
:1071A40000000400000000000010000000000000C7
:1071B400400000000000010000000000400000004A
:1071C40000000100000000000004000000000000B6
:1071D400100000000000004000000000000100005A
:1071E40000000000000000000C302000000000003F
:1071F400000000000000000000000000000000008B
:10720400000000000000000000000000000000007A
:10721400000000000000000000000000000000006A
:10722400000000000000000000000000000000005A
:10723400000000080000000000000000000000C37F
:10724400000000000000000000000000000000003A
:10725400000000000000000000000000000000002A
:10726400000000000000000000000000000000001A
:10727400000000000000000000000000000000000A
:1072840000000000000000000000000002C0000038
:1072940000000000000C302000000000000000008E
:1072A40000000000000000000000000000000000DA
:1072B40000000000000000000000000000000000CA
:1072C40000000000000000000000000000000000BA
:1072D40000000000000000000000000000000000AA
:1072E400020014020181480000000000C3000000F5
:1072F400000000000000000000000000000000008A
:107304000000000000000000000000000000000079
:107314000000000000000000000000000000000069
:107324000000000000000000000000000000000059
:10733400000000000000008000203C8420000000C9
:1073440000000C30200000000000000000000000DD
:107354000000000000000000000000000000000029
:107364000000000000000000000000000000000019
:107374000000000000000000000000000000000009
:1073840000000000000000000000000000040000F5
:10739400000000000000000000C300000000000026
:1073A40000000000000000000000000000000000D9
:1073B40000000000000000000000000000000000C9
:1073C40000000000000000000000000000000000B9
:1073D40000000000000000000000000000000000A9
:1073E4000000000040000000000000000000000C4D
:1073F4003020000000000000000000000000000039
:107404000000000000000000000000000000000078
:107414000000000000000000000000000000000068
:107424000000000000000000000000000000000058
:107434000000000000000000000000000000000048
:10744400000000000000C300000000000000000075
:107454000000000000000000000000000000000028
:107464000000000000000000000000000000000018
:107474000000000000000000000000000000000008
:1074840000000000000000000000000000000000F8
:107494000000000200000000010000000C30200485
:1074A4000000000000001000000000000040000088
:1074B40000000001000000000000040000000000C3
:1074C4000010000000000400000000000010000094
:1074D4000000000040000000000001000000000067
:1074E4000004000000000000500000000000001034
:1074F400000000C300004000000000000100000084
:107504000000000400000000000010000000000063
:1075140000400000000000010000000000400000E6
:107524000000000100000000000004000000000052
:1075340000100000000000004000000000000300F4
:107544000000000000010000000C302004000000D6
:1075540000000010000000000000400000000000D7
:107564000100000000000004000000000000100002
:1075740000000004000000000000100000000000F3
:1075840000400000000000010000000000000400B2
:1075940000000000001000000000000010000000C7
:1075A400C3000040000000000001000000000000D3
:1075B4000400000000000010000000000000400073
:1075C4000000000001000000000040000000000076
:1075D4000100000000000004000000000000100092
:1075E4000000000000400000000000010000000056
:1075F4000000010000000C30200400000000000026
:107604001000000000000040000000000001000025
:107614000000000004000000000000100000000052
:107624000400000000000010000000000000400002
:107634000000000001000000000000040000000041
:10764400000010000178A0400010000000C30000FA
:1076540040000000000001000000000000040000E1
:1076640000000000100000000000004000000000C6
:1076740000010000000000400000000000010000C4
:1076840000000000040000000000001000000000E2
:107694000000400000000000010000020A00080190
:1076A4000000000C30200400000000000010000066
:1076B4000000000040000000000001000000000085
:1076C400000400000000000010000000000400009E
:1076D4000000000010000000000000400000000056
:1076E40000010000000000000400000000000C1075
:1076F40016040000000010000000C3000040000059
:107704000000000100000000000004000000000070
:107714000010000000000000400000000000010014
:107724000000000040000000000001000000000014
:1077340000040000000000001000000000000040F1
:107744000000000000C10022000000000000000052
:107754000C302000000000000000000000000000C9
:107764000000000000000000000000000000000015
:107774000000000000000000000000000000000005
:1077840000000000000000000000000000000000F5
:1077940000000000000000000000000800000000DD
:1077A40000000000000000C3000000000000000012
:1077B40000000000000000000000000000000000C5
:1077C40000000000000000000000000000000000B5
:1077D40000000000000000000000000000000000A5
:1077E4000000000000000000000000000000000095
:1077F400000000000000000000000000000C302029
:107804000000000000000000000000000000000074
:107814000000000000000000000000000000000064
:107824000000000000000000000000000000000054
:107834000000000000000000000000000000000044
:107844000000000000000000020020000E0C2900CF
:1078540000000000C3000000000000000000000061
:107864000000000000000000000000000000000014
:107874000000000000000000000000000000000004
:1078840000000000000000000000000000000000F4
:107894000000000000000000000000000000008064
:1078A40001C001D0C000000000000C302000000026
:1078B40000000000000000000000000000000000C4
:1078C40000000000000000000000000000000000B4
:1078D40000000000000000000000000000000000A4
:1078E4000000000000000000000000000000000094
:1078F40000000000000000000201BD0000000000C4
:1079040000C30000000000000000000000000000B0
:107914000000000000000000000000000000000063
:107924000000000000000000000000000000000053
:107934000000000000000000000000000000000043
:10794400000000000000000000000000008000149F
:10795400D7E000000000000C302000000000000010
:107964000000000000000000000000000000000013
:107974000000000000000000000000000000000003
:1079840000000000000000000000000000000000F3
:1079940000000000000000000000000000000000E3
:1079A4000000000006000000000000000000C3000A
:1079B40000000000000000000000000000000000C3
:1079C40000000000000000000000000000000000B3
:1079D40000000000000000000000000000000000A3
:1079E4000000000000000000000000000000000093
:1079F4000000000000000000000001C000000000C2
:107A0400000000000C302000000000000000000016
:107A14000000000000000000000000000000000062
:107A24000000000000000000000000000000000052
:107A34000000000000000000000000000000000042
:107A44000000000000000000000000000000000032
:107A54000080300000000000000000C300000000AF
:107A64000000000000000000000000000000000012
:107A74000000000000000000000000000000000002
:107A8400A000000000000000000000000000000052
:107A940000002000000000000000000000000000C2
:107AA40000000000000000140000000000000000BE
:107AB400000C302000000000000000000000000066
:107AC40000000000000000000000000000000000B2
:107AD40000000000000000000000000000000000A2
:107AE4000000000000000000000000000000000092
:107AF400000000000000000000000000000000057D
:107B04007CF5400000000000C300000000000000FD
:107B14000000000000000000000000000000000061
:107B24000000000000000000000000000000000051
:107B34000000000000000000000000000000000041
:107B44000000000000000000000000000000000031
:107B5400000000000002010F5088000000000C30FB
:107B640020000000000000000000000000000000F1
:107B74000000000000000000000000000000000001
:107B840000000000000000000000000000000000F1
:107B940000000000000000000000000000000000E1
:107BA40000000000000000000000000478DA00007B
:107BB4000000000000C300000000000000000000FE
:107BC40000000000000000000000000000000000B1
:107BD40000000000000000000000000000000000A1
:107BE4000000000000000000000000000000000091
:107BF4000000000000000000000000000000000081
:107C04000000043EE08000000000000C3020000072
:107C14000000000000000000000000000000000060
:107C24000000000000000000000000000000000050
:107C34000000000000000000000000000000000040
:107C44000000000000000000000000000000000030
:107C5400000000000000040000000000000000001C
:107C64000000C3000000000000000000000000004D
:107C74000000000000000000000000000000000000
:107C840000000000000000000000000000000000F0
:107C940000000000000000000000000000000000E0
:107CA4000000000000000000000000000040000090
:107CB40000000000000000000C3020000000000064
:107CC40000000000000000000000000000000000B0
:107CD40000000000000000000000000000000000A0
:107CE4000000000000000000000000000000000090
:107CF4000000000000000000000000000000000080
:107D0400000000000000000000000000000000C3AC
:107D1400000000000000000000000000000000005F
:107D2400000000000000000000000000000000004F
:107D3400000000000000000000000000000000003F
:107D4400000000000000000000000000000000002F
:107D5400000000000000000000000000000000001F
:107D640000000000000C30200000000000000000B3
:107D740000000000000000000000000000000000FF
:107D840000000000000000000000000000000000EF
:107D940000000000000000000000000000000000DF
:107DA40000000000000000000000000000000000CF
:107DB400000000000000000000000000C3000000FC
:107DC40000000000000000000000000000000000AF
:107DD400000000000000000000000000000000009F
:107DE400000000000000000000000000000000008F
:107DF400000000000000000000000000000000007F
:107E0400000000000000000000000000000000006E
:107E140000000C3020000000000000000000000002
:107E2400000000000000000000000000000000004E
:107E3400000000000000000000000000000000003E
:107E4400000000000000000000000000000000002E
:107E5400000000000000000000000000000000001E
:107E6400000000000000000000C30000000000004B
:107E740000000000000000000000000000000000FE
:107E840000000000000000000000000000000000EE
:107E940000000000000000000000000000000000DE
:107EA40000000000000000000000000000000000CE
:107EB4000000000000000000000000000000000CB2
:107EC400302000000000000000000000000000005E
:107ED400000000000000000000000000000000009E
:107EE400000000000000000000000000000000008E
:107EF400000000000000000000000000000000007E
:107F0400000000000000000000000000000000006D
:107F1400000000000000C30000000000000000009A
:107F2400000000000000000000000000000000004D
:107F3400000000000000000000000000000000003D
:107F4400000000000000000000000000000000002D
:107F5400000000000000000000000000000000001D
:107F64000000000000000000000000000C302000B1
:107F740000000000000000000000000000000000FD
:107F840000000000000000000000000000000000ED
:107F940000000000000000000000000000000000DD
:107FA40000000000000000000000000000000000CD
:107FB40000000000000000000000000000000000BD
:107FC400000000C3000000000000000000000000EA
:107FD400000000000000000000000000000000009D
:107FE400000000000000000000000000000000008D
:107FF400000000000000000000000000000000007D
:10800400000000000000000000000000000000006C
:108014000000000000000000000C30200000000000
:10802400000000000000000000000000000000004C
:10803400000000000000000000000000000000003C
:10804400000000000000000000000000000000002C
:10805400000000000000000000000000000000001C
:10806400000000000000000000000000000000000C
:10807400C300000000000000000000000000000039
:1080840000000000000000000000000000000000EC
:1080940000000000000000000000000000000000DC
:1080A40000000000000000000000000000000000CC
:1080B40000000000000000000000000000000000BC
:1080C4000000000000000C30200000000000000050
:1080D400000000000000000000000000000000009C
:1080E400000000000000000000000000000000008C
:1080F400000000000000000000000000000000007C
:10810400000000000000000000000000000000006B
:1081140000002000000000000000000000C3000078
:10812400000000000000000000000000000000004B
:10813400000000000000000000000000000000003B
:10814400000000000000000000000000000000002B
:10815400000000000000000000000000000000001B
:10816400000000000000000000000000000000000B
:108174000000000C3020000000000000000000009F
:1081840000000000000000000000000000000000EB
:1081940000000000000000000000000000000000DB
:1081A40000000000000000000000000000000000CB
:1081B40000000000000000000000000000000000BB
:1081C40000000000000000000000C30000000000E8
:1081D400000000000000000000000000000000009B
:1081E400000000000000000000000000000000008B
:1081F400000000000000000000000000000000007B
:10820400000000000000000000000000000000006A
:10821400000000000000000000000000000000005A
:108224000C302000000000000000000000000000EE
:10823400000000000000000000000000000000003A
:10824400000000000000000000000000000000002A
:10825400000000000000000000000000000000001A
:10826400000000000000000000000000000000000A
:1082740000000000000000C3000000000000000037
:1082840000000000000000000000000000000000EA
:1082940000000000000000000000000000000000DA
:1082A40000000000000000000000000000000000CA
:1082B40000000000000000000000000000000000BA
:1082C400000000000000000000000000000C30204E
:1082D400000000000000000000000000000000009A
:1082E400000000000000000000000000000000008A
:1082F400000000000000000000000000000000007A
:108304000000000000000000000000000000000069
:108314000000000000000000000000000000000059
:1083240000000000C3000000000000000000000086
:108334000000000000000000000000000000000039
:108344000000000000000000000000000000000029
:108354000000000000000000000000000000000019
:108364000000000000000000000000000000000009
:10837400000000000000000000000C30200000009D
:1083840000000000000000000000000000000000E9
:1083940000000000000000000000000000000000D9
:1083A40000000000000000000000000000000000C9
:1083B40000000000000000000000000000000000B9
:1083C40000000000000000000000000000000000A9
:1083D40000C30000000000000000000000000000D6
:1083E4000000000000000000000000000000000089
:1083F4000000000000000000000000000000000079
:108404000000000000000000000000000000000068
:108414000000000000000000000000000000000058
:10842400000000000000000C3020000000000000EC
:108434000000000000000000000000000000000038
:108444000000000000000000000000000000000028
:108454000000000000000000000000000000000018
:108464000000000000000000000000000000000008
:108474000000000000000000000000000000C30035
:1084840000000000000000000000000000000000E8
:1084940000000000000000000000000000000000D8
:1084A40000000000000000000000000000000000C8
:1084B40000000000000000000000000000000000B8
:1084C40000000000000000000000000000000000A8
:1084D400000000000C30200000000000000000003C
:1084E4000000000000000000000000000000000088
:1084F4000000000000000000000000000000000078
:108504000000000000000000000000000000000067
:108514000000000000000000000000000000000057
:108524000000000000000000000000C30000000084
:108534000000000000000000000000000000000037
:108544000000000000000000000000000000000027
:108554000000000000000000000000000000000017
:108564000000000000000000000000000000000007
:1085740000000000000000000000000000000000F7
:10858400000C30200000000000000000000000008B
:1085940000000000000000000000000000000000D7
:1085A40000000000000000000000000000000000C7
:1085B40000000000000000000000000000000000B7
:1085C40000000000000000000000000000000000A7
:1085D4000000000000000000C300000000000000D4
:1085E4000000000000000000000000000000000087
:1085F4000000000000000000000000000000000077
:108604000000000000000000000000000000000066
:108614000000000000000000000000000000000056
:1086240000000000000000000000000000000C300A
:108634002000000000000000000000000000000016
:108644000000000000000000000000000000000026
:108654000000000000000000000000000000000016
:108664000000000000000000000000000000000006
:1086740000000000000000000000000000000000F6
:108684000000000000C30000000000000000000023
:1086940000000000000000000000000000000000D6
:1086A40000000000000000000000000000000000C6
:1086B40000000000000000000000000000000000B6
:1086C40000000000000000000000000000000000A6
:1086D40000000000000000000000000C302000003A
:1086E4000000000000000000000000000000000086
:1086F4000000000000000000000000000000000076
:108704000000000000000000000000000000000065
:108714000000000000000000000000000000000055
:108724000000000000000000000000000000000045
:108734000000C30000000000000000000000000072
:108744000000000000000000000000000000000025
:108754000000000000000000000000000000000015
:108764000000000000000000000000000000000005
:1087740000000000000000000000000000000000F5
:1087840000000000000000000C3020000000000089
:1087940000000000000000000000000000000000D5
:1087A40000000000000000000000000000000000C5
:1087B40000000000000000000000000000000000B5
:1087C40000000000000000000000000000000000A5
:1087D400000000000000000000000000000000C3D2
:1087E4000000000000000000000000000000000085
:1087F4000000000000000000000000000000000075
:108804000000000000000000000000000000000064
:108814000000000000000000000000000000000054
:108824000000000000000000000000000000000044
:1088340000000000000C30200000000000000000D8
:108844000000000000000000000000000000000024
:108854000000000000000000000000000000000014
:108864000000000000000000000000000000000004
:1088740000000000000000000000000000000000F4
:10888400000000000000000000000000C300000021
:1088940000000000000000000000000000000000D4
:1088A40000000000000000000000000000000000C4
:1088B40000000000000000000000000000000000B4
:1088C40000000000000000000000000000000000A4
:1088D4000000000000000000000000000000000094
:1088E40000000C3020000000000000000000000028
:1088F4000000000000000000000000000000000074
:108904000000000000000000000000000000000063
:108914000000000000000000000000000000000053
:108924000000000000000000000000000000000043
:10893400000000000000000000C300000000000070
:108944000000000000000000000000000000000023
:108954000000000000000000000000000000000013
:108964000000000000000000000000000000000003
:1089740000000000000000000000000000000000F3
:108984000000000000000000000000000000000CD7
:108994003020000000000000000000000000000083
:1089A40000000000000000000000000000000000C3
:1089B40000000000000000000000000000000000B3
:1089C40000000000000000000000000000000000A3
:1089D4000000000000000000000000000000000093
:1089E400000000000000C3000000000000000000C0
:1089F4000000000000000000000000000000000073
:108A04000000000000000000000000000000000062
:108A14000000000000000000000000000000000052
:108A24000000000000000000000000000000000042
:108A34000000000000000000000000000C302000D6
:108A44000000000000000000000000000000000022
:108A54000000000000000000000000000000000012
:108A64000000000000000000000000000000000002
:108A740000000000000000000000000000000000F2
:108A840000000000000000000000000000000000E2
:108A9400000000C30000000000000000000000000F
:108AA40000000000000000000000000000000000C2
:108AB40000000000000000000000000000000000B2
:108AC40000000000000000000000000000000000A2
:108AD4000000000000000000000000000000000092
:108AE4000000000000000000000C30200000000026
:108AF4000000000000000000000000000000000072
:108B04000000000000000000000000000000000061
:108B14000000000000000000000000000000000051
:108B24000000000000000000000000000000000041
:108B34000000000000000000000000000000000031
:108B4400C30000000000000000000000000000005E
:108B54000000000000000000000000000000000011
:108B64000000000000000000000000000000000001
:108B740000000000000000000000000000000000F1
:108B840000000000000000000000000000000000E1
:108B94000000000000000C30200000000000000075
:108BA40000000000000000000000000000000000C1
:108BB40000000000000000000000000000000000B1
:108BC40000000000000000000000000000000000A1
:108BD4000000000000000000000000000000000091
:108BE40000000000000000000000000000C30000BE
:108BF4000000000000000000000000000000000071
:108C04000000000000000000000000000000000060
:108C14000000000000000000000000000000000050
:108C24000000000000000000000000000000000040
:108C34000000000000000000000000000000000030
:108C44000000000C302000000000000000000000C4
:108C54000000000000000000000000000000000010
:108C64000000000000000000000000000000000000
:108C740000000000000000000000000000000000F0
:108C840000000000000000000000000000000000E0
:108C940000000000000000000000C300000000000D
:108CA40000000000000000000000000000000000C0
:108CB40000000000000000000000000000000000B0
:108CC40000000000000000000000000000000000A0
:108CD4000000000000000000000000000000000090
:108CE4000000000000000000000000000000000080
:108CF4000C30200000000000000000000000000014
:108D0400000000000000000000000000000000005F
:108D1400000000000000000000000000000000004F
:108D2400000000000000000000000000000000003F
:108D3400000000000000000000000000000000002F
:108D440000000000000000C300000000000000005C
:108D5400000000000000000000000000000000000F
:108D640000000000000000000000000000000000FF
:108D740000000000000000000000000000000100EE
:108D840000000000000000000000000000000000DF
:108D9400000000000000000000000000000C302073
:108DA40000000000000000000000000000000000BF
:108DB40000000000000000000000000000000000AF
:108DC400000000000000000000000000000000009F
:108DD400000000000000000000000000000000008F
:108DE400000000000000000000000000000000007F
:108DF40000000000C30000000000000000000000AC
:108E0400000000000000000000000000000000005E
:108E1400000000000000000000000000000000004E
:108E2400000000000000000000000000000000003E
:108E3400000000000000000000000000000000002E
:108E4400000000000000000000000C3020000000C2
:108E5400000000000000000000000000000000000E
:108E640000000000000000000000000000000000FE
:108E740000000000000000000000000000000000EE
:108E840000000000000000000000000000000000DE
:108E940000000000000000000000000000000000CE
:108EA40000C30000000000000000000000000000FB
:108EB40000000000000000000000000000000000AE
:108EC400000000000000A0000000000000000000FE
:108ED400000000000000000000000000000000008E
:108EE400000000000000000000000000000000007E
:108EF400000000000000000C302000000000000012
:108F0400000000000000000000000000000000005D
:108F1400000000000000000000000000000000004D
:108F2400000000000000000000000000000000003D
:108F3400000000000000000000000000000000002D
:108F44000000000000000000000000000000C3005A
:108F5400000000000000000000000000000000000D
:108F640000000000000000000000000000000000FD
:108F740000000000000000000000000000000000ED
:108F840000000000000000000000000000000000DD
:108F940000000000000000000000000000000000CD
:108FA400000000000C302000000000000000000061
:108FB40000000000000000000000000000000000AD
:108FC400000000000000000000000000000000009D
:108FD400000000000000000000000000000000008D
:108FE400000000000000000000000000000000007D
:108FF4000000000000000000000000C300000000AA
:10900400000000000000000000000000000000005C
:10901400000000000000000000000000000000004C
:10902400000000000000000000000000000000003C
:10903400000000000000000000000000000000002C
:10904400000000000000000000000000000000001C
:10905400000C3020000000000000000000000000B0
:1090640000000000000000000000000000000000FC
:1090740000000000000000000000000000000000EC
:1090840000000000000000000000000000000000DC
:1090940000000000000000000000000000000000CC
:1090A4000000000000000000C300000000000000F9
:1090B40000000000000000000000000000000000AC
:1090C400000000000000000000000000000000009C
:1090D400000000000000000000000000000000008C
:1090E400000000000000000000000000000000007C
:1090F40000000000000000000000000000000C3030
:10910400200000000000000000000000000000003B
:10911400000000000000000000000000000000004B
:10912400000000000000000000000000000000003B
:10913400000000000000000000000000000000002B
:10914400000000000000000000000000000000001B
:109154000000000000C30000000000000000000048
:1091640000000000000000000000000000000000FB
:1091740000000000000000000000000000000000EB
:1091840000000000000000000000000000000000DB
:1091940000000000000000000000000000000000CB
:1091A40000000000000000000000000C302000005F
:1091B40000000000000000000000000000000000AB
:1091C400000000000000000000000000000000009B
:1091D400000000000000000000000000000000008B
:1091E400000000000000000000000000000000007B
:1091F400000000000000000000000000000000006B
:109204000000C30000000000000000000000000097
:10921400000000000000000000000000000000004A
:10922400000000000000000000000000000000003A
:10923400000000000000000000000000000000002A
:10924400000000000000000000000000000000001A
:1092540000000000000011010101000000000000F6
:1092640000000000000000000000000000000000FA
:1092740000000000000000180000000000000000D2
:10928400000000000000000000000000000000805A
:1092940000000000000000000000000000000000CA
:1092A40000000000000000000000000000000000BA
:1092B40000000000000000000000000000000000AA
:1092C400000000000000000000000000000080001A
:1092D400000000000000000000000000000000008A
:1092E400000000000000000000000000000000007A
:1092F400000000000000000000000000000000006A
:109304000000000000000000000000000000000059
:109314000000000000000000000000000000000049
:109324000000000000000000000000000000000039
:1093340000000000000000000000000040000000E9
:109344000000010000000000000000000000000018
:1093540000000000000000400000000000000000C9
:1093640000000000000000000000000000000000F9
:1093740000000000000000000000000000000000E9
:1093840000000000000000000000000000000000D9
:1093940000000000000000000000000000000000C9
:1093A40000000000000000000000000000000000B9
:1093B40000000000000000000000000000000000A9
:1093C4000000000000000000000000000000000099
:1093D4000000000000000000000000000000000089
:1093E40000000000000000000080000000000000F9
:1093F4000000000000000000000000000000000069
:109404000000000000000000000000000000000058
:109414000000000000000000000000000000000048
:109424000000000000000000000000000000000038
:109434000000000000000000000000000000000028
:1094440000000030000000000000000000000000E8
:109454000000000000000000000000000000000008
:1094640000000000000000000000000000000000F8
:1094740000000000000000000000000000000000E8
:1094840000000000000000000000000000000000D8
:1094940000000000000000000000000000000014B4
:1094A40000000000000000000000000000000000B8
:1094B4000080000100000000000000000000000027
:1094C4000000000000000000000000000000000098
:1094D4000000000000000000000000000000000088
:1094E4000000180000000000000000000000000060
:1094F4000000000000000000000000000000000068
:109504000000000000000000000000000000000057
:109514000000000000000000000000000000000047
:109524000000000000000000000000000000000037
:109534000000000000000000000000000000000027
:10954400000000000002000000000000080000000D
:109554000000000000000000000000000000000007
:1095640002000000000000000000000000000000F5
:1095740000000000000000000000000000000000E7
:1095840000000000000000000000000000000000D7
:1095940000000000000000000000000000000000C7
:1095A40000000000000000000000000000000000B7
:1095B40000000000000000000000000000000000A7
:1095C4000000000000000000000000000000000097
:1095D4000000000000000000000030000000000057
:1095E40000C00000000000010000000000000000B6
:1095F4000000000000000000000000000000000067
:109604000000000000000000000000000000000056
:109614000000000000000000000000000000000046
:1096240000000000000000000000000000800000B6
:1096340003000002000000000000080000002000F9
:109644000000000000000000000000000000000016
:109654000000000000000000000000000000000006
:1096640000000000000000000000000000000000F6
:1096740000000000000000000000000000000000E6
:1096840000000000000000000000000200000000D4
:109694000000000000000000000000000000038043
:1096A40000000000000000000000000000000000B6
:1096B40000000000000000000000000000000000A6
:1096C4000000000000000000000000000000000096
:1096D4000000000000000000000040000000000046
:1096E400010024000000000400000000000000004D
:1096F400000000040008000000000000000000005A
:109704000000000000000000000000000000000055
:109714000000000000000000000000000000000045
:109724000000000000000000000000000000000035
:1097340000000010000000000000400000000000D5
:109744000100000000000000000000000100000013
:109754000000000000000000000000000000000005
:1097640000000000000000000000000000000000F5
:1097740000000000000000000000000000000000E5
:109784000000000000000080000000000002000053
:1097940000000000080000000000000000000000BD
:1097A40000000000000000000000000000000000B5
:1097B40000000000000000000000000000000000A5
:1097C4000000000000000C30000000000000000059
:1097D4000000000000000000000000000000000085
:1097E40000C3300000000000000000000000000082
:1097F4000000000000000000000000000000000065
:109804000000000000000000000000000000000054
:1098140000000000000000000000000000C302007F
:109824000000000000000000000000000000000034
:1098340000000000000000193300000000000000D8
:109844000000000000000000000000000000000014
:109854000000000000000000000000000000000004
:1098640000000000000000000000000000000000F4
:109874000000000C300000000000000000000000A8
:1098840000000000000000000000000000000000D4
:1098940000000000000000000000000000000000C4
:1098A40000000000000000000000000000000000B4
:1098B40000000000000000000000000000000000A4
:1098C40000000000000000000000C30200000000CF
:1098D4000000000000000000000000000000000084
:1098E400000000000000000000180000000000005C
:1098F4000000000000000000000000000000000064
:109904000000000000000000000000000000000053
:109914000000000000000000000000000000000043
:109924000C300000000000000000000000000000F7
:109934000000000000000000000001000000000022
:109944000000000000000000000000000000000013
:109954000000000000000000000000000000000003
:1099640000000000000000000000000000000000F3
:1099740000000000000000C302000000000000001E
:1099840000000000000000000000000000000006CD
:10999400000810400000000000000000000000006B
:1099A40000000000000000000000000000000000B3
:1099B40000000000000000000000000000000000A3
:1099C400000000000000000000000000000C300057
:1099D4000000000000000000000000000000000083
:1099E40000000000000040000040000000000000F3
:1099F4000000000000000000000000000000000063
:109A04000000000000000000000000000000000052
:109A14000000000000000000000000000000000042
:109A240000000000C302000000000000000000006D
:109A340000000000000000000000000020004000C2
:109A440040000000000000000000000000000000D2
:109A54000000000000000000000000000000000002
:109A640000000000000000000000000000000000F2
:109A7400000000000000000000000C3000000000A6
:109A840000000000000000000000000000000000D2
:109A940000000000240CC0000000000000000000D2
:109AA40000000000000000000000000000000000B2
:109AB40000000000000000000000000000000000A2
:109AC4000000000000000000000000000000000092
:109AD40000C30200000000000000000000000000BD
:109AE40000000000000000000000000833400000F7
:109AF400580000000000000000000000000000000A
:109B04000000000000000000000000000000000051
:109B14000000000000000000000000000000000041
:109B2400000000000000000C3000000000000000F5
:109B34000000000000000000000000000000000021
:109B440000009CC00000000053A64000000000007C
:109B54000000000000000000000000000000000001
:109B640000000000000000000000000000000000F1
:109B74000000000000000000000000000000C3021C
:109B840000000000000000000000000000000000D1
:109B940000000000000000000833C0000001A8011C
:109BA4009800000000000000000000000000000019
:109BB40000000000000000000000000000000000A1
:109BC4000000000000000000000000000000000091
:109BD400000000000C300000000000000000000045
:109BE4000000000000000000000000800040008C25
:109BF400C002000000080100000000000000000096
:109C04000000000000000000000000000000000050
:109C14000000000000000000000000000000000040
:109C24000000000000000000000000C3020000006B
:109C34000000000000000000000000000000000020
:109C440000020020000833C00800000500010000E5
:109C54000000000000000000000000000000000000
:109C640000000000000000000000000000000000F0
:109C740000000000000000000000000000000000E0
:109C8400000C300000000000000000000000000094
:109C9400000000000000000000000200CCC04000F2
:109CA40000000000000000000000000000000000B0
:109CB40000000000000000000000000000000000A0
:109CC4000000000000000000000000000000000090
:109CD4000000000000000000C302000000000000BB
:109CE4000000000000000000000000000000000070
:109CF40006640833C00000000000000000000000FB
:109D0400000000000000000000000000000000004F
:109D1400000000000000000000000000000000003F
:109D240000000000000000000000000000000C30F3
:109D3400000000000000000000000000000000001F
:109D44000000000000000000020CC0000000000041
:109D540000000000000000000000000000000000FF
:109D640000000000000000000000000000000000EF
:109D740000000000000000000000000000000000DF
:109D84000000000000C3020000000000000000000A
:109D9400000000000000000000000000000061E876
:109DA40033C00000000000000000000000000000BC
:109DB400000000000000000000000000000000009F
:109DC400000000000000000000000000000000008F
:109DD40000000000000000000000000C3000000043
:109DE400000000000000000000000000000000006F
:109DF4000000000042020CC000000000000000004F
:109E0400000000000000000000000000000000004E
:109E1400000000000000000000000000000000003E
:109E2400000000000000000000000000000000002E
:109E34000000C30200000000000000000000000059
:109E44000000000000000000000020056833C0008E
:109E540000000000000000000000000000000000FE
:109E640000000000000000000000000000000000EE
:109E740000000000000000000000000000000000DE
:109E840000000000000000000C3000000000000092
:109E940000000000000000000000000000000000BE
:109EA400000000CCC0000000000000000000000022
:109EB400000000000000000000000000000000009E
:109EC400000000000000000000000000000000008E
:109ED400000000000000000000000000000000C3BB
:109EE400020000000000000000000000000000006C
:109EF4000000000000000006000933C0000000005C
:109F0400000000000000000000000000000000004D
:109F1400000000000000000000000000000000003D
:109F2400000000000000000000000000000000002D
:109F340000000000000C30000000000000000000E1
:109F4400000000000000000000000000000000000D
:109F54000CC0000000000000000000000000000031
:109F640000000000000000000000000000000000ED
:109F740000000000000000000000000000000000DD
:109F8400000000000000000000000000C302000008
:109F940000000000000000000000000000000000BD
:109FA4000000000000616833C000000000000000F1
:109FB400000000000000000000000000000000009D
:109FC400000000000000000000000000000000008D
:109FD400000000000000000000000000000000007D
:109FE40000000C3000000000000000000000000031
:109FF40000000000000000000000004200DCC0007F
:10A00400000000000000000000000000000000004C
:10A01400000000000000000000000000000000003C
:10A02400000000000000000000000000000000002C
:10A03400000000000000000000C302000000000057
:10A04400000000000000000000000000000000000C
:10A054000020040833C000000000000000000000DD
:10A0640000000000000000000000000000000000EC
:10A0740000000000000000000000000000000000DC
:10A084000000000000000000000000000000000CC0
:10A09400300000000000000000000000000000008C
:10A0A400000000000000000000020CC000000000DE
:10A0B400000000000000000000000000000000009C
:10A0C400000000000000000000000000000000008C
:10A0D400000000000000000000000000000000007C
:10A0E400000000000000C3020000000000000000A7
:10A0F4000000000000000000000000000000060155
:10A10400C833C00000000000000000000000000090
:10A11400000000000000000000000000000000003B
:10A12400000000000000000000000000000000002B
:10A134000000000000000000000000000C300000DF
:10A14400000000000000000000000000000000000B
:10A15400000000800000000CC000000000000000AF
:10A1640000000000000000000000000000000000EB
:10A1740000000000000000000000000000000000DB
:10A1840000000000000000000000000000000000CB
:10A19400000000C3020000000000000000000000F6
:10A1A400000000000000000000020000014833C06D
:10A1B400000000000000000000000000000000009B
:10A1C400000000000000000000000000000000008B
:10A1D400000000000000000000000000000000007B
:10A1E4000000000000000000000C3000000000002F
:10A1F400000000000000000000000000000000005B
:10A20400000000000CC0400000000000000000003E
:10A21400000000000000000000000000000000003A
:10A22400000000000000000000000000000000002A
:10A23400000000000000000000000000000000001A
:10A24400C302000000000000000000000000000045
:10A2540000000000000000000001C833C00000003E
:10A2640000000000000000000000000000000000EA
:10A2740000000000000000000000000000000000DA
:10A2840000000000000000000000000000000000CA
:10A294000000000000000C3000000000000000007E
:10A2A40000000000000000000000000000000000AA
:10A2B40000DCC000000000000000000000000000FE
:10A2C400000000000000000000000000000000008A
:10A2D400000000000000000000000000000000007A
:10A2E40000000000000000000000000000C30200A5
:10A2F400000000000000000000000000000000005A
:10A30400000000000000000933C00000000000004D
:10A314000000000000000000000000000000000039
:10A324000000000000000000000000000000000029
:10A334000000000000000000000000000000000019
:10A344000000000C300000000000000000000000CD
:10A3540000000000000000000000000000009CC09D
:10A3640000000000000000000000000000000000E9
:10A3740000000000000000000000000000000000D9
:10A3840000000000000000000000000000000000C9
:10A3940000000000000000000000C30200000000F4
:10A3A40000000000000000000000000000000000A9
:10A3B400000000000933C00000000000000000009D
:10A3C4000000000000000000000000000000000089
:10A3D4000000000000000000000000000000000079
:10A3E4000000000000000000000000000000000069
:10A3F4000C3000000000000000000000000000001D
:10A4040000000000000000000000008CC0000000FC
:10A414000000000000000000000000000000000038
:10A424000000000000000000000000000000000028
:10A434000000000000000000000000000000000018
:10A4440000000000000000C3020000000000000043
:10A4540000000000000000000000000000000000F8
:10A46400600933C00000000000000000000000008C
:10A4740000000000000000000000000000000000D8
:10A4840000000000000000000000000000000000C8
:10A49400000000000000000000000000000C30007C
:10A4A40000000000000000000000000000000000A8
:10A4B40000000000000000008CC00000000000004C
:10A4C4000000000000000000000000000000000088
:10A4D4000000000000000000000000000000000078
:10A4E4000000000000000000000000000000000068
:10A4F40000000000C3020000000000000000000093
:10A504000000000000000000000000000600093305
:10A51400C000000000000000000000000000000077
:10A524000000000000000000000000000000000027
:10A534000000000000000000000000000000000017
:10A54400000000000000000000000C3000000000CB
:10A5540000000000000000000000000000000000F7
:10A5640000000000009CC00000000000000000008B
:10A5740000000000000000000000000000000000D7
:10A5840000000000000000000000000000000000C7
:10A5940000000000000000000000000000000000B7
:10A5A40000C30200000000000000000000000000E2
:10A5B40000000000000000000000000833C000009C
:10A5C4000000000000000000000000000000000087
:10A5D4000000000000000000000000000000000077
:10A5E4000000000000000000000000000000000067
:10A5F400000000000000000C30000000000000001B
:10A604000000000000000000000000000000000046
:10A6140002020CC000000000000000000000000066
:10A624000000000000000000000000000000000026
:10A634000000000000000000000000000000000016
:10A644000000000000000000000000000000C30241
:10A6540000000000000000000000000000000000F6
:10A6640000000000000000054833C00000000000A6
:10A6740000000000000000000000000000000000D6
:10A6840000000000000000000000000000000000C6
:10A6940000000000000000000000000000000000B6
:10A6A400000000000C30000000000000000000006A
:10A6B400000000000000000000000080004200CC08
:10A6C400C0000000000000000000000000000000C6
:10A6D4000000000000000000000000000000000076
:10A6E4000000000000000000000000000000000066
:10A6F4000000000000000000000000C30200000091
:10A704000000000000000000000000000000000045
:10A7140000020026040833C000000000000000000E
:10A724000000000000000000000000000000000025
:10A734000000000000000000000000000000000015
:10A744000000000000000000000000000000000005
:10A75400000C3000000000000000000000000000B9
:10A764000000000000000000000040008CC0400019
:10A7740000000000000000000000000000000000D5
:10A7840000000000000000000010000000000000B5
:10A7940000000000000000000000000000000000B5
:10A7A4000000000000000000C302000000000000E0
:10A7B4000000000000000000000000000000000095
:10A7C40020600833C000000000000000000000000A
:10A7D4000000000000000000000000000000000075
:10A7E4000000000000000000000000000000000065
:10A7F40000000000000000000000010000000C3018
:10A8040000040000000000001000000000000040F0
:10A814000000000000010002020CC000040000005F
:10A824000000001000000000040000000000001000
:10A834008000000000004000000000000100000053
:10A8440000000004000000000000100000000000F0
:10A854000010000000C302004000000000000100DE
:10A86400000000000004000000000000100665E87D
:10A8740033C0004000000000000100000000004060
:10A8840000000000000110000000000004000000AF
:10A894000000001000000000000040000000000064
:10A8A40001000000000000010000000C3000040062
:10A8B4000000000000100000000000004000000044
:10A8C4000000010000020CC00004000000000000B1
:10A8D4001000000000040000000000001000000050
:10A8E4000000004000000000000100000000000023
:10A8F4000400000000000010000000000000100030
:10A904000000C3020040000000000001000000003D
:10A91400000004000000000000100061E833C000E3
:10A9240040000000000001000000000040000000A2
:10A93400000001000000000000040000000000000E
:10A9440010000000000000400000000000010000B2
:10A9540000000000010000000C30000400000000B2
:10A964000000100000000000004000000000000192
:10A974000000000CC00004000000000000100000F3
:10A9840000000400000000000010000000000000AF
:10A99400400000000000010000000000000400006E
:10A9A400000000001000000000000010000000C3C0
:10A9B400020040000000000001000000000000044C
:10A9C400000000000000100001E833C00040000057
:10A9D4000000000100000000004000000000000131
:10A9E400000000000000040000000000001000004F
:10A9F4000000000040000000000001000000000012
:10AA040000010000000C30000400000000000010F1
:10AA140000000000000040000000000001000000F1
:10AA24000CC000040000000000001000000000043E
:10AA340000000000000010000000000000400000C2
:10AA440000000001000000000000040000000000FD
:10AA5400001000000000000010000000C3020040CD
:10AA640000000000000100000000000004000000DD
:10AA74000000001000016833C00040000000000026
:10AA84000100000000004000000000000100000080
:10AA9400000000040000000000001000000000009E
:10AAA4000040000000000001000000000000000061
:10AAB40000000C3000000000000000000000000056
:10AAC400000000000000000000000040020CC00074
:10AAD4000000000000000000000000000000000072
:10AAE4000000000000000000000000000000000062
:10AAF4000000000000000000000000000000000052
:10AB0400000000000000000000C30200000000007C
:10AB14000000000000000000000000000000000031
:10AB2400002E01C833C00000000000000000000037
:10AB34000000000000000000000000000000000011
:10AB44000000000000000000000000000000000001
:10AB54000000000000000000000000000000000CE5
:10AB640030000000000000000000000000000000B1
:10AB7400000000000000000002020CC00000000001
:10AB840000000000000000000000000000000000C1
:10AB940000000000000000000000000000000000B1
:10ABA40000000000000000000000000000000000A1
:10ABB400000000000000C3020000000000000000CC
:10ABC4000000000000000000000000000000060576
:10ABD4004833C00000000000000000000000000036
:10ABE4000000000000000000000000000000000061
:10ABF4000000000000000000000000000000000051
:10AC04000000000000000000000000000C30000004
:10AC14000000000000000000000000000000000030
:10AC2400000000800000000CC000000000000000D4
:10AC34000000000000000000000000000000000010
:10AC44000000000000000000000000000000000000
:10AC540000000000000000000000000000000000F0
:10AC6400000000C30200000000000000000000001B
:10AC7400000000000000000000020000015A33C080
:10AC840000000000000000000000000000000000C0
:10AC940000000000000000000000000000000000B0
:10ACA40000000000000000000000000000000000A0
:10ACB4000000000000000000000C30000000000054
:10ACC4000000000000000000000000000000000080
:10ACD400000140008000200000000000000000008F
:10ACE4000000000000000000000000000000000060
:10ACF4000000000000000000000000000000000050
:10AD0400000000000000000000000000000000003F
:10AD1400C30200000000000000000000000000006A
:10AD2400000000000000000000000000800000009F
:10AD3400000000000000000000000000000000000F
:10AD440000000000000000000000000000000000FF
:10AD540000000000000000000000000000000000EF
:10AD64000000010000000C3000040000000000009E
:10AD7400100000000000004000000000000100007E
:10AD840000000000040000000000001000000000AB
:10AD9400040000000000001000000000000040005B
:10ADA400000000000100000000000004000000009A
:10ADB40000001000000000000010000000C30200AA
:10ADC400400000000000010000000000000400003A
:10ADD400000000001000000000000040000000001F
:10ADE400000100000000004000000000000100001D
:10ADF400000000000400000000000010000000003B
:10AE040000004000000000000100000000000001FC
:10AE14000000000C300004000000000000100000DE
:10AE240000000000400000000000010000000000DD
:10AE340000040000000000001000000000040000F6
:10AE440000000000100000000000004000000000AE
:10AE540000010000000000000400000000000010D9
:10AE640000000000000010000000C30200400000C9
:10AE740000000001000000000000040000000000C9
:10AE8400001000000000000040000000000001006D
:10AE9400000000004000000000000100000000006D
:10AEA400000400000000000010000000000000404A
:10AEB400000000000001000000000000010000008C
:10AEC4000C3000040000000000001000000000002E
:10AED4000040000000000001000000000000040029
:10AEE400000000000010000000000400000000004A
:10AEF40000100000000000004000000000000100FD
:10AF04000000000000040000000000001000000029
:10AF140000000010000000C3020040000000000018
:10AF24000100000000000004000000000000100008
:10AF340000000000004000000000000100000000CC
:10AF440000400000000000010000000000000400B8
:10AF5400000000000010000000000000400000009D
:10AF6400000001000000000000010000000C30009F
:10AF74000400000000000010000000000000400079
:10AF84000000000001004000000000040000000078
:10AF94000000100000000004000000000000100089
:10AFA400000000000040000000000001000000005C
:10AFB4000000040000000000001000000000000079
:10AFC40010000000C3020040000000000001000067
:10AFD4000000000004000000000000102000000039
:10AFE40000004000000000000100000000004000DC
:10AFF4000000000001000000000000040000000048
:10B0040000001000000000000040000000000001EB
:10B01400000000000000000000000C3000000000F0
:10B02400000000000000000000000000000000001C
:10B03400000000000000000000000000000000000C
:10B0440000000000000000000000000000000000FC
:10B0540000000000000000000000000000000000EC
:10B0640000000000000000000000000000000000DC
:10B0740000C3020000000000000000000000000007
:10B0840000000000000000000000000000000000BC
:10B0940000000000000000000000000000000000AC
:10B0A400000000000000000000000000000000009C
:10B0B400000000000000000000000000000000008C
:10B0C400000000000000000C300000000000000040
:10B0D400000000000000000000000000000000006C
:10B0E400000000000000000000000000000000005C
:10B0F400000000000000000000000000000000004C
:10B10400000000000000000000000000000000003B
:10B114000000000000000000000000000000C30266
:10B12400000000000000000000000000000000001B
:10B13400000000000000000000000000000000000B
:10B1440000000000000000000000000000000000FB
:10B1540000000000000000000000000000000000EB
:10B1640000000000000000000000000000000000DB
:10B17400000000000C30000000000000000000008F
:10B18400000000000000000000000080000000003B
:10B1940000000000000000000000000000000000AB
:10B1A400000000000000000000000000000000009B
:10B1B400000000000000000000000000000000008B
:10B1C4000000000000000000000000C302000000B6
:10B1D400000000000000000000000000000000006B
:10B1E4000002000000000000000000000000000059
:10B1F400000000000000000000000000000000004B
:10B20400000000000000000000000000000000003A
:10B21400000000000000000000000000000000002A
:10B22400000C3000000000000000000000000000DE
:10B23400000000000000000000000000C3C0800007
:10B2440000000000000000000000000000000000FA
:10B2540000000000000000000000000000000000EA
:10B2640000000000000000000000000000000000DA
:10B274000000000000000000C30200000000000005
:10B2840000000000000000000000000000000000BA
:10B294000000003C4000000000000000000000002E
:10B2A400000000000000000000000000000000009A
:10B2B400000000000000000000000000000000008A
:10B2C40000000000000000000000000000000C303E
:10B2D400000000000000000000000000000000006A
:10B2E400000000000000000000000000000000005A
:10B2F400000000000000000000000000000000004A
:10B304000000000000000000000000000000000039
:10B314000000000000000000000000000000000029
:10B324000000000000C30200000000000000000054
:10B334000000000000000000000000000000000009
:10B3440000000000000000000000000000000000F9
:10B3540000000000000000000000000000000000E9
:10B3640000000000000000000000000000000000D9
:10B3740000000000000000000000000C300000008D
:10B3840000000000000000000000000000000000B9
:10B3940000000000000000000000000000000000A9
:10B3A4000000000000000000000000000000000099
:10B3B4000000000000000000000000000000000089
:10B3C4000000000000000000000000000000000079
:10B3D4000000C302000000000000000000000000A4
:10B3E4000000000000000000000000000000000059
:10B3F4000000000000000000000000000000000049
:10B404000000000000000000000000000000000038
:10B414000000000000000000000000000000000028
:10B4240000000000000000000C30000000000000DC
:10B434000000000000000000000000000000000008
:10B4440000000000000000000000000000000000F8
:10B4540000000000000000000000000000000000E8
:10B4640000000000000000000000000000000000D8
:10B47400000000000000000000000000000000C305
:10B4840002000000000000000000000000000000B6
:10B4940000000000000000000000000000000000A8
:10B4A4000000000000000000000000000000000098
:10B4B4000000000000000000000000000000000088
:10B4C4000000000000000000000000000000000078
:10B4D40000000000000C300000000000000000002C
:10B4E4000000000000000000000000000000000058
:10B4F4000000000000000000000000000000000048
:10B504000000000000000000000000000000000037
:10B514000000000000000000000000000000000027
:10B52400000000000000000000000000C302000052
:10B534000000000000000000000000000000000007
:10B5440000000000000000000000000000000000F7
:10B5540000000000000000000000000000000000E7
:10B5640000000000000000000000000000000000D7
:10B5740000000000000000000000000000000000C7
:10B5840000000C300000000000000000000000007B
:10B5940000000000000000000000000000000000A7
:10B5A4000000000000000000000000000000000097
:10B5B4000000000000000000000000000000000087
:10B5C4000000000000000000000000000000000077
:10B5D400000000000000000000C3020000000000A2
:10B5E4000000000000000000000000000000000057
:10B5F4000000000000000000000000000000000047
:10B604000000000000000000000000000000000036
:10B614000000000000000000000000000000000026
:10B624000000000000000000000000000000000C0A
:10B6340030000000000000000000000000000000D6
:10B6440000000000000000000000000000000000F6
:10B6540000000000000000000000000000000000E6
:10B6640000000000000000000000000000000000D6
:10B6740000000000000000000000000000000000C6
:10B68400000000000000C3020000000000000000F1
:10B6940000000000000000000000000000000000A6
:10B6A4000000000000000000000000000000000096
:10B6B4000000000000000000000000000000000086
:10B6C4000000000000000000000000000000000076
:10B6D4000000000000000000000000000C3000002A
:10B6E4000000000000000000000000000000000056
:10B6F4000000000000000000000000000000000046
:10B704000000000000000000000000000000000035
:10B714000000000000000000000000000000000025
:10B724000000000000000000000000000000000015
:10B73400000000C302000000000000000000000040
:10B7440000000000000000000000000000000000F5
:10B7540000000000000000000000000000000000E5
:10B7640000000000000000000000000000000000D5
:10B7740000000000000000000000000000000000C5
:10B784000000000000000000000C30000000000079
:10B7940000000000000000000000000000000000A5
:10B7A4000000000000000000000000000000000095
:10B7B4000000000000000000000000000000000085
:10B7C4000000000000000000000000000000000075
:10B7D4000000000000000000000000000000000065
:10B7E400C302000000000000000000000000000090
:10B7F4000000000000000000000000000000000045
:10B804000000000000000000000000000000000034
:10B814000000000000000000000000000000000024
:10B824000000000000000000000000000000000014
:10B834000000000000000C300000000000000000C8
:10B8440000000000000000000000000000000000F4
:10B8540000000000000000000000000000000000E4
:10B8640000000000000000000000000000000000D4
:10B8740000000000000000000000000000000000C4
:10B8840000000000000000000000000000C30200EF
:10B8940000000000000000000000000000000000A4
:10B8A4000000000000000000000000000000000094
:10B8B4000000000000000000000000000000000084
:10B8C4000000000000000000000000000000000074
:10B8D4000000000000000000000000000000000064
:10B8E4000000000C30000000000000000000000018
:10B8F4000000000000000000000000000000000044
:10B904000000000000000000000000000000000033
:10B91400000008100000000000000000000000000B
:10B924000000000000000000000000000000000013
:10B9340000000000000000000000C302000000003E
:10B9440000000000000000000000000000000000F3
:10B9540000000000000000000000000000000000E3
:10B9640000000000000000000000000000000000D3
:10B9740000000000000000000000000000000000C3
:10B9840000000000000000000000000000000000B3
:10B994000C30000000000000000000000000000067
:10B9A4000000000000000000000000000000000093
:10B9B4000000000000000000000000000000000083
:10B9C4000000000000000000000000000000000073
:10B9D4000000000000000000000000000000000063
:10B9E40000000000000000C302000000000000008E
:10B9F4000000000000000000000000000000000043
:10BA04000000000000000000000000000000000032
:10BA14000000000000000000000000000000000022
:10BA24000000000000000000000000000000000012
:10BA3400000000000000000000000000000C3000C6
:10BA440000000000000000000000000000000000F2
:10BA540000000000000000000000000000000000E2
:10BA640000000000000000000000000000000000D2
:10BA740000000000000000000000000000000000C2
:10BA840000000000000000000000000000000000B2
:10BA940000000000C30200000000000000000000DD
:10BAA4000000000000000000000000000000000092
:10BAB4000000000000000000000000000000000082
:10BAC4000000000000000000000000000000000072
:10BAD4000000000000000000000000000000000062
:10BAE400000000000000000000000C300000000016
:10BAF4000000000000000000000000000000000042
:10BB04000000000000000000000000000000000031
:10BB14000000000000000000000000000000000021
:10BB24000000000000000000000000000000000011
:10BB34000000000000000000000000000000000001
:10BB440000C302000000000000000000000000002C
:10BB540000000000000000000000000000000000E1
:10BB640000000000000000000000000000000000D1
:10BB740000000000000000000000000000000000C1
:10BB840000000000000000000000000000000000B1
:10BB9400000000000000000C300000000000000065
:10BBA4000000000000000000000000000000000091
:10BBB4000000000000000000000000000000000081
:10BBC4000000000000000000000000000000000071
:10BBD4000000000000000000000000000000000061
:10BBE4000000000000000000000000000000C3028C
:10BBF4000000000000000000000000000000000041
:10BC04000000000000000000000000000000000030
:10BC14000000000000000000000000000000000020
:10BC24000000000000000000000000000000000010
:10BC34000000000000000000000000000000000000
:10BC4400000000000C3000000000000000000000B4
:10BC540000000000000000000000000000000000E0
:10BC640000000000000000000000000000000000D0
:10BC740000000000000000000000000000000000C0
:10BC840000000000000000000000000000000000B0
:10BC94000000000000000000000000C302000000DB
:10BCA4000000000000000000000000000000000090
:10BCB4000000000000000000000000000000000080
:10BCC4000000000000000000000000000000000070
:10BCD4000000000000000000000000000000000060
:10BCE4000000000000000000000000000000000050
:10BCF400000C300000000000000000000000000004
:10BD0400000000000000000000000000000000002F
:10BD14000000000000000800000000000000000017
:10BD240000000000000000000010000000000000FF
:10BD340000000000000000000000000000000000FF
:10BD44000000000000000000C3020000000000002A
:10BD540000000000000000000000000000000000DF
:10BD640000000000000000000000000000000000CF
:10BD740000000000000000000000000000000000BF
:10BD840000000000000000000000000000000000AF
:10BD940000000000000000000000000000000C3063
:10BDA400000000000000000000000000000000008F
:10BDB400000000000000000000000000000000007F
:10BDC400000000000000000000000000000000006F
:10BDD400000000000000000000000000000000005F
:10BDE400000000000000000000000000000000004F
:10BDF4000000000000C3020000000000000000007A
:10BE0400000000000000000000000000000000002E
:10BE1400000000000000000000000000000000001E
:10BE2400000000000000000000000000000000000E
:10BE340000000000000000000000000000000000FE
:10BE440000000000000000000000000C30000000B2
:10BE540000000000000000000000000000000000DE
:10BE640000000000000000000000000000000000CE
:10BE740000000000000000000000000000000000BE
:10BE840000000000000000000000000000000000AE
:10BE9400000000000000000000000000000000009E
:10BEA4000000C302000000000000000000000000C9
:10BEB400000000000000000000000000000000007E
:10BEC400000000000000000000000000000000006E
:10BED400000000000000000000000000000000005E
:10BEE400000000000000000000000000000000004E
:10BEF40000000000000000000C3000000000000002
:10BF0400000000000000000000000000000000002D
:10BF1400000000000000000000000000000000001D
:10BF2400000000000000000000000000000000000D
:10BF340000000000000000000000000000000000FD
:10BF4400000000000000000000000000000000C32A
:10BF540002000000000000000000000000000000DB
:10BF640000000000000000000000000000000000CD
:10BF740000000000000000000000000000000000BD
:10BF840000000000000000000000000000000000AD
:10BF9400000000000000000000000000000000009D
:10BFA40000000000000C3000000000000000000051
:10BFB400000000000000000000000000000000007D
:10BFC400000000000000000000000000000000006D
:10BFD400000000000000000000000000000000005D
:10BFE400000000000000000000000000000000004D
:10BFF400000000000000000000000000C302000078
:10C00400000000000000000000000000000000002C
:10C01400000000000000000000000000000000001C
:10C02400000000000000000000000000000000000C
:10C0340000000000000000000000000000000000FC
:10C0440000000000000000000000000000000000EC
:10C0540000000C30000000000000000000000000A0
:10C0640000000000000000000000000000000000CC
:10C0740000000000000000000000000000000000BC
:10C0840000000000000000000000000000000000AC
:10C09400000000000000000000000000000000009C
:10C0A400000000000000000000C3020000000000C7
:10C0B400000000000000000000000000000000007C
:10C0C400000000000000000000000000000000006C
:10C0D400000000000000000000000000000000005C
:10C0E400000000000000000000000000000000004C
:10C0F4000000000000000000000000000000000C30
:10C1040030000000000000000000000000000000FB
:10C11400000000000000000000000000000000001B
:10C12400000000000000000000000000000000000B
:10C1340000000000000000000000000000000000FB
:10C1440000000000000000000000000000000000EB
:10C15400000000000000C302000000000000000016
:10C1640000000000000000000000000000000000CB
:10C1740000000000000000000000000000000000BB
:10C1840000000000000000000000000000000000AB
:10C19400000000000000000000000000000000009B
:10C1A4000000000000000000000000000C3000004F
:10C1B400000000000000000000000000000000007B
:10C1C400000000000000000000000000000000006B
:10C1D400000000000000000000000000000000005B
:10C1E400000000000000000000000000000000004B
:10C1F400000000000000000000000000000000003B
:10C20400000000C302000000000000000000000065
:10C21400000000000000000000000000000000001A
:10C22400000000000000000000000000000000000A
:10C2340000000000000000000000000000000000FA
:10C2440000000000000000000000000000000000EA
:10C254000000000000000000000C3000000000009E
:10C2640000000000000000000000000000000000CA
:10C2740000000000000000000000000000000000BA
:10C2840000000000000000000000000000000000AA
:10C29400000000000000000000000000000000009A
:10C2A400000000000000000000000000000000008A
:10C2B400C3020000000000000000000000000000B5
:10C2C400000000000000000000000000000000006A
:10C2D400000000000000000000000000000000005A
:10C2E400000000000000000000000000000000004A
:10C2F400000000000000000000000000000000003A
:10C304000000000000000C300000000000000000ED
:10C314000000000000000000000000000000000019
:10C324000000000000000000000000000000000009
:10C3340000000000000000000000000000000000F9
:10C3440000000000000000000000000000000000E9
:10C3540000000000000000000000000000C3020014
:10C3640000000000000000000000000000000000C9
:10C3740000000000000000000000000000000000B9
:10C3840000000000000000000000000000000000A9
:10C394000000000000000000000000000000000099
:10C3A4000000000000000000000000000000000089
:10C3B4000000000C3000000000000000000000003D
:10C3C4000000000000000000000000000000000069
:10C3D4000000000000000000000000000000000059
:10C3E4000000000000000000000000000000000049
:10C3F4000000000000000000000000000000000039
:10C4040000000000000000000000C3020000000063
:10C414000000000000000000000000000000000018
:10C424000000000000000000000000000000000008
:10C4340000000000000000000000000000000000F8
:10C4440000000000000000000000000000000000E8
:10C4540000000000000000000000000000000000D8
:10C464000C3000000000000000000000000000008C
:10C4740000000000000000000000000000000000B8
:10C4840000000000000000000000000000000000A8
:10C494000000000000000000000000000000000098
:10C4A4000000000000000000000000000000000088
:10C4B40000000000000000C30200000000000000B3
:10C4C4000000000000000000000000000000000068
:10C4D4000000000000000000000000000000000058
:10C4E4000000000000000000000000000000000048
:10C4F4000000000000000000000000000000000038
:10C50400000000000000000000000000000C3000EB
:10C514000000000000000000000000000000000017
:10C524000000000000000000000000000000000007
:10C5340000000000000000000000000000000000F7
:10C5440000000000000000000000000000000000E7
:10C5540000000000000000000000000000000000D7
:10C5640000000000C3020000000000000000000002
:10C5740000000000000000000000000000000000B7
:10C5840000000000000000000000000000000000A7
:10C594000000000000000000000000000000000097
:10C5A4000000000000000000000000000000000087
:10C5B400000000000000000000000C30000000003B
:10C5C4000000000000000000000000000000000067
:10C5D4000000000000000000000000000000000057
:10C5E4000000000000000000000000000000000047
:10C5F4000000000000000000000000000000000037
:10C604000000000000000000000000000000000026
:10C6140000C3020000000000000000000000000051
:10C624000000000000000000000000000000000006
:10C6340000000000000000000000000000000000F6
:10C6440000000000000000000000000000000000E6
:10C6540000000000000000000000000000000000D6
:10C66400000000000000000C30000000000000008A
:10C6740000000000000000000000000000000000B6
:10C6840000000000000000000000000000000000A6
:10C694000000000000000000000000000000000096
:10C6A4000000000000000000000000000000000086
:10C6B4000000000000000000000000000000C302B1
:10C6C4000000000000000000000000000000000066
:10C6D4000000000000000000000000000000000056
:10C6E4000000000000000000000000000000000046
:10C6F4000000000000000000000000000000000036
:10C704000000000000000000000000000000000025
:10C71400000000000C3000000000000000000000D9
:10C724000000000000000000000000000000000005
:10C7340000000000000000000000000000000000F5
:10C7440000000000000000000000000000000000E5
:10C7540000000000000000000000000000000000D5
:10C764000000000000000000000000C30200000000
:10C7740000000000000000000000000000000000B5
:10C7840000000000000000000000000000000000A5
:10C794000000000000000000000000000000000095
:10C7A4000000000000000000000000000000000085
:10C7B4000000000000000000000000000000000075
:10C7C400000C300000000000000000000000000029
:10C7D4000000000000000000000000000000000055
:10C7E4000000000000000000000000000000000045
:10C7F4000000000000000000000000000000000035
:10C804000000000000000000000000000000000024
:10C814000000000000000000C3020000000000004F
:10C824000000000000000000000000000000000004
:10C8340000000000000000000000000000000000F4
:10C8440000000000000000000000000000000000E4
:10C8540000000000000000000000000000000000D4
:10C8640000000000000000000000000000000C3088
:10C8740000000000000000000000000000000000B4
:10C8840000000000000000000000000000000000A4
:10C894000000000000000000000000000000000094
:10C8A4000000000000000000000000000000000084
:10C8B4000000000000000000000000000000000074
:10C8C4000000000000C3020000000000000000009F
:10C8D4000000000000000000000000000000000054
:10C8E4000000000000000000000000000000000044
:10C8F4000000000000000000000000000000000034
:10C904000000000000000000000000000000000023
:10C9140000000000000000000000000C30000000D7
:10C924000000000000000000000000000000000003
:10C9340000000000000000000000000000000000F3
:10C9440000000000000000000000000000000000E3
:10C9540000000000000000000000000000000000D3
:10C9640000000000000000000000000000000000C3
:10C974000000C302000000000000000000000000EE
:10C9840000000000000000000000000000000000A3
:10C994000000000000000000000000000000000093
:10C9A4000000000000000000000000000000000083
:10C9B4000000000000000000000000000000000073
:10C9C40000000000000000000C3000000000000027
:10C9D4000000000000000000000000000000000053
:10C9E4000000000000000000000000000000000043
:10C9F4000000000000000000000000000000000033
:10CA04000000000000000000000000000000000022
:10CA1400000000000000000000000000000000C34F
:10CA24000200000000000000000000000000000000
:10CA340000000000000000000000000000000000F2
:10CA440000000000000000000000000000000000E2
:10CA540000000000000000000000000000000000D2
:10CA640000000000000000000000000000000000C2
:10CA740000000000000C3000000000000000000076
:10CA840000000000000000000000000000000000A2
:10CA94000000000000000000000000000000000092
:10CAA4000000000000000000000000000000000082
:10CAB4000000000000000000000000000000000072
:10CAC400000000000000000000000000C30200009D
:10CAD4000000000000000000000000000000000052
:10CAE4000000000000000000000000000000000042
:10CAF4000000000000000000000000000000000032
:10CB04000000000000000000000000000000000021
:10CB14000000000000000000000000000000000011
:10CB240000000C30000000000000000000000000C5
:10CB340000000000000000000000000000000000F1
:10CB440000000000000000000000000000000000E1
:10CB540000000000000000000000000000000000D1
:10CB640000000000000000000000000000000000C1
:10CB7400000000000000000000C3020000000000EC
:10CB840000000000000000000000000000000000A1
:10CB94000000000000000000000000000000000091
:10CBA4000000000000000000000000000000000081
:10CBB4000000000000000000000000000000000071
:10CBC4000000000000000000000000000000000C55
:10CBD4003000000000000000000000000000000021
:10CBE4000000000000000000000000000000000041
:10CBF4000000000000000000000000000000000031
:10CC04000000000000000000000000000000000020
:10CC14000000000000000000000000000000000010
:10CC2400000000000000C30200000000000000003B
:10CC340000000000000000000000000000000000F0
:10CC440000000000000000000000000000000000E0
:10CC540000000000000000000000000000000000D0
:10CC640000000000000000000000000000000000C0
:10CC74000000000000000000000000000C30000074
:10CC840000000000000000000000000000000000A0
:10CC94000000000000000000000000000000000090
:10CCA4000000000000000000000000000000000080
:10CCB4000000000000000000000000000000000070
:10CCC4000000000000000000000000000000000060
:10CCD400000000C30200000000000000000000008B
:10CCE4000000000000000000000000000000000040
:10CCF4000000000000000000000000000000000030
:10CD0400000000000000000000000000000000001F
:10CD1400000000000000000000000000000000000F
:10CD24000000000000000000000C300000000000C3
:10CD340000000000000000000000000000000000EF
:10CD440000000000000000000000000000000000DF
:10CD540000000000000000000000000000000000CF
:10CD640000000000000000000000000000000000BF
:10CD740000000000000000000000000000000000AF
:10CD8400C3020000000000000000000000000000DA
:10CD9400000000000000000000000000000000008F
:10CDA400000000000000000000000000000000007F
:10CDB400000000000000000000000000000000006F
:10CDC400000000000000000000000010000000004F
:10CDD400000000001102010100000000000000003A
:10CDE400000000000000000000000000000000003F
:10CDF400000000000000000000000000000000002F
:10CE0400000000000000000000000000000000001E
:10CE1400000000000000000000000000000000000E
:10CE240000000000000000000000000000000000FE
:10CE340000000000000000000000000000000000EE
:10CE440000000000000000000000000000000000DE
:10CE540000000000000000000000000000000000CE
:10CE640000000000000000000000000000000000BE
:10CE740000000000000000000000000000000000AE
:10CE8400000000000000000000000000000000009E
:10CE9400000000000000000000000000000000008E
:10CEA400000000000000000000000000000000007E
:10CEB40030008000000001000000000000000000BD
:10CEC400000000000000000000000040000000001E
:10CED400000000000000000000000000000000004E
:10CEE400000000000000000000000000000000003E
:10CEF400000000000000000000000000000000002E
:10CF040000000000000000400000000000180000C5
:10CF1400000000000000000000000000000000000D
:10CF240000070000000000000000000000000000F6
:10CF340000000000000000000000000000000000ED
:10CF440000000000000000000000000000000000DD
:10CF540000000000000000000000000000000000CD
:10CF640000000000000000000000000000000000BD
:10CF740000000000000000000000000000000000AD
:10CF8400000000000000400000000000000000005D
:10CF9400000000000000000000000000000000008D
:10CFA400000000000000000000000000000000007D
:10CFB400000000000000000000000000000000006D
:10CFC400000000000000000000000000000000005D
:10CFD4000000000000000000000000002400000029
:10CFE400000000000000000000000000000000003D
:10CFF400000000000000000000000000000000002D
:10D0040000000000000000000022000000000000FA
:10D01400000000000000000000000000000000000C
:10D0240000000000000000000000000000000000FC
:10D0340000000000000000000000000000000000EC
:10D0440000000000000000000000000000000000DC
:10D0540000000000000000000000000000000000CC
:10D0640000000000000000000000000000000000BC
:10D0740000000000000000000000000000000000AC
:10D08400000000000000000000000000000000009C
:10D09400000000000000000000000000000000008C
:10D0A400000000000000000000000000000000007C
:10D0B400000000000000300000000000000000003C
:10D0C400000000000000000000000000000000005C
:10D0D400000000000000000000000000000000004C
:10D0E400000000000000000000000000000000003C
:10D0F400000000000000000000000000000000002C
:10D10400000000000000000000000000000000001B
:10D11400000000000000000000000000000000000B
:10D1240000000000000000000000000000000000FB
:10D1340000000000000000000000000000000000EB
:10D1440000000000000000000000000000000000DB
:10D1540000000000000000000000000000000000CB
:10D164000000C0000000000000B000000000000249
:10D17400C000000000000A0010000000002C0000A5
:10D184000000000000000000000004000000000097
:10D19400000000000000000000000000000000008B
:10D1A400000000000000000000000000000000007B
:10D1B4000000000000000000080000000000000C57
:10D1C400000000200000000000008000001000A00B
:10D1D400020000030000000800000000000000003E
:10D1E40000C000000000000000000000000000007B
:10D1F400000000000000000000000000000000002B
:10D204000000000000000000000000000000001802
:10D214000000000000000001800000000000028007
:10D22400000000000000000000000000700000008A
:10D2340000000000000000000000000000000000EA
:10D2440000000000000000000000000000000000DA
:10D2540000000000000000000000000000000000CA
:10D2640000000000000000000008000000001000A2
:10D274002000000000000080000000000002000008
:10D284000000000008000000000000000000000092
:10D29400000000000000000000000000000000008A
:10D2A400000000000000000000000000000000007A
:10D2B400000000000000000000000000002000004A
:10D2C4000000000080000000000002024000000096
:10D2D40000080C0000000000200000000000000016
:10D2E400000000000000000000000000000000003A
:10D2F400000000000000000000000000000000002A
:10D304000000000000000000000000000000000019
:10D3140000000000000000000000000000100000F9
:10D3240000000400400000000010010000000000A4
:10D3340000040000000000000000000000000000E5
:10D344001030C000000000000000000000000000D9
:10D3540000000000000000000000000000000000C9
:10D364000000000000000000000017000844000056
:10D374000000000010001460000000000000000025
:10D384000000000000000018000000000000000879
:10D3940008216000010040030C00000000000000B0
:10D3A4000000000000000000000000000000000079
:10D3B4000000000000000000000000000000000069
:10D3C4000E08002000000000000000000280C000E1
:10D3D4000000000000000002000000000000000047
:10D3E400000000000000000000000000001030C039
:10D3F4000000000000000000000000000000000029
:10D404000000000000000000000000000000000018
:10D41400000000000000000000001C0000000004E8
:10D42400007000000001C0000000000000000000C7
:10D4340000000000000000000000000000000000E8
:10D4440000000100030C00000000000000000000C8
:10D4540000000000000000000000000000000000C8
:10D46400000000000000000000000000000D00F0BB
:10D474000040000000024001000000001000000015
:10D484000000000000000000000000000000000098
:10D49400000000000000000000041030C000000084
:10D4A4000000000000000000000000000000000078
:10D4B4000000000000000000000000000000000068
:10D4C40000000000000E188C0000000000000000A6
:10D4D40000000001800000000000000000000000C7
:10D4E4000000000000000000000003C16000000014
:10D4F40000030C0000000000000000000000000019
:10D504000000000000000000000000000000000017
:10D51400000000000000000000000E710000C000C8
:10D5240000000200000000000000000000000000F5
:10D5340000000000000000000800000000000000DF
:10D54400003C02000000001030C000000000000099
:10D5540000000000000000000000000000000000C7
:10D5640000000000000000000000000000000000B7
:10D57400001000000282F01800000000000000000B
:10D584000000000000000000000000000000000097
:10D594000000000000000000000000000000030C78
:10D5A4000000000000000000000000000000000077
:10D5B4000000000000000000000000000000000067
:10D5C400000000000000000D00000010AF0000008B
:10D5D4000000000000000000000000000000000047
:10D5E4000000000000000000000000000000000037
:10D5F400070B00001030C000000000000000000015
:10D604000000000000000000000000000000000016
:10D614000000000000000000000000000001F38092
:10D624000000040557800000000000000000000016
:10D6340000000000000000000000000000000000E6
:10D644000000000000000000000000030C000000C7
:10D6540000000000000000000000000000000000C6
:10D6640000000000000000000000000000000000B6
:10D67400000000000D000000000050400000000009
:10D684000000000B0000000000000000000000008B
:10D694000000000000000000000000000000000086
:10D6A400001030C000000000000000000000000076
:10D6B4000000000000000000000000000000000066
:10D6C4000000000000000000000000150A00000037
:10D6D4008180400000000000000000000000000005
:10D6E4000000000000000000000000000000000036
:10D6F4000000000000000000030C00000000000017
:10D704000000000000000000000000000000000015
:10D714000000000000000000000000000000000005
:10D72400024CD9B0000004273C00000000000000B7
:10D7340000000000000000000000000000000000E5
:10D74400000000000000000000000008000010308D
:10D75400C000000000000000000000000000000005
:10D7640000000000000000000000000000000000B5
:10D774000000000000000000139C000000000000F6
:10D784000000000000000000000000000000000095
:10D794000000000000000000000000000000000085
:10D7A4000000000000030C00000000000000000066
:10D7B4000000000000000000000000000000000065
:10D7C40000000000000000000000000000014CD830
:10D7D4000000000000000000000000000000000045
:10D7E4000000000000000000000000000000000035
:10D7F40000000000000000000000001030C0000025
:10D804000000000000000000000000000000000014
:10D814000000000000000000000000000000000004
:10D824000000000000001C000800000000040020AC
:10D8340000000000000000000000000000000000E4
:10D8440000000000000000000000000000000001D3
:10D85400C0C0030C00000000000000000000000035
:10D8640000000000000000000000000000000000B4
:10D874000000000000000000000003CB00F0008066
:10D8840000000042800200000000000000000000D0
:10D894000000000000000000000000000000000084
:10D8A40000000000000000081030C000000000006C
:10D8B4000000000000000000000000000000000064
:10D8C40000000000000000000000010080060000CD
:10D8D4001000078002040100062000001000000070
:10D8E40000000000600000000001000000000001D2
:10D8F4000002E786C00060100A040EF0000840032E
:10D904000C00000000000000000000000000000007
:10D914000000000000000000000000000000000003
:10D9240004000500000000000D08002004000000B1
:10D934004000000000000000008000100380000090
:10D94400000000000000000048157C0001000036C3
:10D95400E5D18F00001030C000000000000000007E
:10D9640000000000000000000000000000000000B3
:10D9740000000000000000010002800000400007D9
:10D9840080021001008020280070000000000000C8
:10D994000048100400000700000000001800000008
:10D9A400000000014000000000040100030C00001E
:10D9B4000000000000000000000000000000000063
:10D9C4000000000000000000000000000000000053
:10D9D40040000001000C000020400005004400014C
:10D9E400000000000000000042530000001000008E
:10D9F4000000000000000000000021000000000FF3
:10DA0400A0041030C000000000000000000000006E
:10DA14000000000000000000000000000000000002
:10DA24000000000007CC12B400003000070000081A
:10DA340003CC1014000020000000000A00000000C5
:10DA4400000040000000000000000202A5869400CF
:10DA54000030020400000080C0030C00000000003D
:10DA640000000000000000000000000000000000B2
:10DA740000000000000000000000000330406000CF
:10DA840003000C000000C003390000000300000084
:10DA94000000400000000000200000000000000022
:10DAA4000000099F2C20000000109C800000401002
:10DAB40030C0000000000000000000000000000072
:10DAC4000000000000000000000000000000000052
:10DAD4000007CC102028000000100EA14003CC1336
:10DAE4008660000000000000000000000002020048
:10DAF4000000000000000000000000202C000000D6
:10DB0400000000000000030C000000000000000002
:10DB14000000000000000000000000000000000001
:10DB24000000000000000000033900440000000D64
:10DB340000040C1003304002C0000000000000008C
:10DB4400000000001C0000000000000000000000B5
:10DB54000001468000000000000000001030C000FA
:10DB640000000000000000000000000000000000B1
:10DB7400000000000000000000000000000203CCD0
:10DB8400178000000000958A000003CC900000007C
:10DB94000000000000000000000000000000000081
:10DBA4000000000000000000000100000204080062
:10DBB400A00000030C0000000000000000000000B2
:10DBC4000000000000000000000000000000000051
:10DBD4000000000000033000000000081D50A000F9
:10DBE40000033300000050000000000000000000AB
:10DBF4000000000000000000000000000000000021
:10DC0400000000205D050000001030C0000000008E
:10DC14000000000000000000000000000000000000
:10DC2400000000000000000000000087CC900060AD
:10DC34000000201D8B000003CC16800400000000AF
:10DC440000000000000000000700000000000000C9
:10DC540000000000000000000008C1E00000000017
:10DC6400030C0000000000000000000000000000A1
:10DC740000000000000000000000000000000000A0
:10DC8400000003330000000000C950A1C0000330AD
:10DC9400000200000000000000000000000000007E
:10DCA4000000000000000000000000000000000070
:10DCB4000C3C000000001030C00000000000000018
:10DCC4000000000000000000000000000000000050
:10DCD400000000000000000003CC169E00000000BD
:10DCE4001D00A00003CC900601000000000000000D
:10DCF4000000000000020000000000000018000006
:10DD04000000000070000A8FCC80880000030C0023
:10DD140000000000000000000000000000000000FF
:10DD240000000000000000000000000000000043AC
:10DD3400304000000003CC500400000339000020F0
:10DD440000000000000000000000000000000000CF
:10DD54000000000000000000000000000028C607CA
:10DD64000000001030C000000000000000000000AF
:10DD7400000000000000000000000000000000009F
:10DD8400000000000003CC1786040000000000001F
:10DD94000803CC168000000000000000000000030F
:10DDA400C800000002000000000000000000001E87
:10DDB40000002000000001800080030C000000002F
:10DDC400000000000000000000000000000000004F
:10DDD40000000000000000000000000803304002C2
:10DDE400000003CD000000C003304000000000002C
:10DDF4000000000000083CD00000003000000000DB
:10DE040000400000000020000000000000000000AE
:10DE14001030C000000000000000000000000000FE
:10DE240000000000000000000000000000000000EE
:10DE3400000003CC12A000001000081B000403CC57
:10DE440012A000001000000000000000000000000C
:10DE540000000000000000000001000700000000B6
:10DE640000414A00100040030C00000000000000C4
:10DE7400000000000000000000000000000000009E
:10DE84000000000000000000020330004000000019
:10DE94000950A020120330004000000000000000E0
:10DEA4000000000000000000000000000002140454
:10DEB400000000000000000016850900001030C0BA
:10DEC400000000000000000000000000000000004E
:10DED400000000000000000000000000000000033B
:10DEE400CC138060004000001B001C03CC12806037
:10DEF40000700000000000000000000000000000AE
:10DF040000000000000001CCFF0000300018204099
:10DF140050B00100030C00000000000000000000ED
:10DF240000000000000000000000000000000000ED
:10DF3400000000000000033000000001000800A100
:10DF44000050033000000001000000000000000049
:10DF540000000000000000000000000000033B403F
:10DF6400001000000002009E00041030C0000000F9
:10DF7400000000000000000000000000000000009D
:10DF840000000000000000000000000002CC100CA3
:10DF9400040020000380400802CC1000640030001C
:10DFA400000000000000000000000000000000006D
:10DFB40000400001CC170000000000837881A0001D
:10DFC40000030C000000000000000000000000003E
:10DFD400000000000000000000000000000000003D
:10DFE4000000008330242200030008080800D00346
:10DFF400302402000200000000001C0000000000A9
:10E0040000050000000000080000033341428500C1
:10E01400000017C90A00001030C000000000000012
:10E0240000000000000000000000000000000000EC
:10E0340000000000000000000002CC83800000000B
:10E0440000100E00000000000004000000000000AA
:10E05400018000000000000000000000000000003B
:10E0640001CC178000000000054800A00000030C4C
:10E07400000000000000000000000000000000009C
:10E08400000000000000000000000000000000008C
:10E09400033140000000000D0100000000000002F8
:10E0A400000000000000000000000000000000006C
:10E0B40000000000000000033D40000000000014C8
:10E0C400B50800001030C00000000000000000008F
:10E0D400000000000000000000000000000000003C
:10E0E4000000000000000000000000000101F180B9
:10E0F400A14202CC1EA000000000000000000000AD
:10E104000000000000000000000000000001CC93AB
:10E11400A004000019000018100000030C00000007
:10E1240000000000000000000000000000000000EB
:10E1340000000000000000000000000000000000DB
:10E14400000000001D080408000330034000000024
:10E1540000000000000000000000000000000000BB
:10E16400000A0000833F41C2400000001C00080078
:10E17400001030C00000000000000000000000009B
:10E18400000000000000000000000000000000008B
:10E19400000000025A004000000020199900020209
:10E1A4003C800000000000000000000000000000AF
:10E1B4000000000000000000400001CC17BE600019
:10E1C4000002061C00018000030C00000000000097
:10E1D400000000000000000000000000000000003B
:10E1E400000000000000000000000A5020000000B1
:10E1F400004C9990000003C10000000000000000E2
:10E20400000000000000000000000000000000000A
:10E2140000033542440000000004F0080000103000
:10E22400C00000000000000000000000000000002A
:10E2340000000000000000000000000000000000DA
:10E2440000000006600000201800A000000000008C
:10E2540000000000000000000000000000000000BA
:10E264000000000000000001CC170000000038216D
:10E274006080E04000030C0000000000000000008B
:10E28400000000000000000000000000000000008A
:10E2940000000000000000000000000000004C909E
:10E2A4000400000000000000000000000000000066
:10E2B4000000000000000000000000000000833B9C
:10E2C40043C3C000860000010000001030C00000FD
:10E2D400000000000000000000000000000000003A
:10E2E400000000000000000000000000000000002A
:10E2F400000000000008000008000000000000000A
:10E304000000000000000000000000000000000009
:10E314000000000005CC179E6000000203600000AE
:10E324000080030C0000000000000000000000005A
:10E3340000000000000000000000000000000000D9
:10E344000000000000000000000003CD700000C0C9
:10E3540000000000000000000000000000000000B9
:10E36400000000000000000000000003374004002B
:10E3740000001034D00000081030C000000000007D
:10E384000000000000000000000000000000000089
:10E394000000000000000000000000000000000079
:10E3A4000000081902040000000000000000000042
:10E3B4000000000000000000000000000000000059
:10E3C4000001CC921400000000600F8000004003A4
:10E3D4000C0000000000000000000000000000002D
:10E3E4000000000000000000000000000000000029
:10E3F40000000000000000000991902000000000CF
:10E404000000000000000000000000000000000008
:10E414000000000000000002033B40200000400018
:10E424001CC50B00001030C00000000000000000FC
:10E4340000000000000000000000000000000000D8
:10E4440000000000000800000000000000000000C0
:10E45400180210000000000000000000000000008E
:10E46400000000000000000000000000000001CCDB
:10E47400968028000048056D00000100030C000090
:10E484000000000000000000000000000000000088
:10E494000000000000000000000000000000000078
:10E4A40000000000000801002040000000000000FF
:10E4B4000000000000000000000000000000000058
:10E4C4000000000000033F40040000000037A000EB
:10E4D40000041030C0000000000000000000000034
:10E4E4000000000000000000000000000000000028
:10E4F4000000000000000000000000000180000C8B
:10E504000000000000000000000000000000000007
:10E51400000000000000000000000001CC160028EC
:10E5240000000006EC00000080030C000000000066
:10E5340000000000000000000000000000000000D7
:10E5440000000000000000000000000000000000C7
:10E554000000080800008000000000000000000027
:10E5640000000000000000000100000000000000A6
:10E57400000003330344000000003DCD00000810F8
:10E5840030C0000000000000000000000000000097
:10E594000000000000000000000000000000000077
:10E5A4000000000000000000001000000000000057
:10E5B4000000000000000000000000000000000057
:10E5C400000000000000000001CC13140000000053
:10E5D400000052100000030C0000000000000000C6
:10E5E4000000000000000000000000000000000027
:10E5F4000000000000000000000000000000000B0C
:10E6040010000000000000000000000000000000F6
:10E6140000000000000000000000000000000003F3
:10E624003D0362C000000000000800001030C0007C
:10E6340000020000000000000800000000000020AC
:10E644000000000000008000000000000200000044
:10E65400000000080041FB800200000000000008E8
:10E664000000000000002000000000000080000006
:10E67400000000020001CC138000080002060ED046
:10E6840011E000030C0000002000000000000080E6
:10E69400000000000002000000000000080000006C
:10E6A4000000002000000000000080000F70002027
:10E6B40000000000000080000000000002000000D4
:10E6C40000000008000000000000200003330003E5
:10E6D400C08000000CE10902001030C000000200FC
:10E6E40000000000000800000000000020000000FE
:10E6F4000000008000000000000200000000000094
:10E70400080020001D0200000000000008000000B6
:10E714000000002000000000000080000000000055
:10E72400020001CC97000008000040DF01802000B7
:10E73400030C000000200000000000008000000026
:10E7440000000200000000000008000000000000BB
:10E754002000000000000080004F00F020000000B6
:10E764000000008000000000000200000000000023
:10E77400080000000000002000033D43C0008000AA
:10E78400002DC01A02001030C0000002000000007A
:10E79400000008000000000000200000000000004D
:10E7A40080000000000002000000000000080000DB
:10E7B400000E02000000000000080000000000013C
:10E7C400A0000000000000A0000000000002000102
:10E7D400CC178000080000000000A02000030C00FB
:10E7E4000000200000000000008000000000000283
:10E7F40000000000000008000000000000200000ED
:10E804000000000080034E11002000000000000002
:10E814008000000000000200000000000009000069
:10E8240000000000200003354002C0800000000505
:10E834000A02001030C000000200000000000008BE
:10E844000000000000002000000000000080000024
:10E854000000000200000000000008000013810214
:10E864000C00000000000800000000000020000070
:10E8740000000000800000000000020001CC9700AE
:10E884000008000043E850A02080030C0000002092
:10E8940000000000000080000000000002000000F2
:10E8A400000000080000000000002000000000003C
:10E8B400008002CC00D02080000000000080000016
:10E8C400000000020000000000000800000000003A
:10E8D400002000033543C0008000003CF500020026
:10E8E4001030C00000000000000000000000000024
:10E8F4000000000000000000000000000000000014
:10E904000000000000000000000000000000000003
:10E9140000000000000000000000000000000000F3
:10E92400000000000000000000029592800000102A
:10E934000B9E0C00000040030C00000000000000CF
:10E9440000000000000000000000000000000000C3
:10E9540000000000000000000000000000000000B3
:10E9640000000000000000000000000000000000A3
:10E974000000000000000000000000000000000291
:10E984000A9F30028000002045B00000001030C013
:10E994000000000000000000000000000000000073
:10E9A4000000000000000000000000000000000063
:10E9B4000000000000000000000000000000000053
:10E9C4000000000000000000000000000000000043
:10E9D40000000000000002A3F87470004000000072
:10E9E40000100100030C0000000000000000000003
:10E9F4000000000000000000000000000000000013
:10EA04000000000000000000000000000000000002
:10EA140000000000000000000000000000000000F2
:10EA2400000000000000000000000000000533AFFB
:10EA3400C40001000000000900041030C000000000
:10EA440000000000000000000000000000000000C2
:10EA540000000000000000000000000000000000B2
:10EA640000000000000000000000000000000000A2
:10EA74000000000000000000000000000000000092
:10EA84000000000227D8142C003000055D78100027
:10EA9400C0030C00000000000000000000000000A3
:10EAA4000000000000000000000000000000000062
:10EAB4000000000000000000000000000000000052
:10EAC4000000000000000000000000000000000042
:10EAD4000000000000000000000001BF2D42800083
:10EAE40000002CD08800001030C00000000000009E
:10EAF4000000000000000000000000000000000012
:10EB04000000000000000000000000000000000001
:10EB140000000000000000000000000000000000F1
:10EB240000000000000000000000000000000000E1
:10EB340002279A002C000000000000000000030CD3
:10EB440000000000000000000000000000000000C1
:10EB540000000000000000000000000000000000B1
:10EB640000000000000000000000000000000000A1
:10EB74000000000000000000000000000000000091
:10EB840000000000000000027F8143C0000000007C
:10EB9400000000001030C00000020000000000006F
:10EBA40008000000000000200000000000008000B9
:10EBB4000000000002000000000000080000000047
:10EBC4000200000000000008000000000000200017
:10EBD4000000000000800000000000020002AF1BE3
:10EBE400E0040800000000D8002000030C0000002E
:10EBF400200000000000008000000000000200006F
:10EC040000000000080000000000002000000000D8
:10EC140000008000000000200000000000008000D0
:10EC240000000000020000000000000800000000D6
:10EC3400000020000050FCC200800000000500021B
:10EC4400001030C0000002000000000000080000B6
:10EC54000000000020000000000000800000000010
:10EC64000002000000000000080000000002000094
:10EC74000000000008000000000000200000000068
:10EC84000000800000000000020002C57B0660084E
:10EC94000000000081A02000030C00000020000000
:10ECA40000000000800000000000020000000000DE
:10ECB40000080000000000002000000000000080A8
:10ECC40000000000200000000000008000000000A0
:10ECD4000002000000000000080000000000002006
:10ECE400000C5DC000008000000005000200103030
:10ECF400C000000200000000000008000000000046
:10ED0400002000000000000080000000000002005D
:10ED140000000000000800000000020000000000E5
:10ED24000008000000000000200000000000008037
:10ED34000000000000020002A58760000800000037
:10ED44000000042800030C00000020000000000064
:10ED54000080000000000002000000000000080025
:10ED640000000000002000000000000080000000FF
:10ED740000200000000000008000000000000200ED
:10ED84000000000000080000000000002000099FAF
:10ED940068400080000000000023001030C0000024
:10EDA4000200000000000008000000000000200035
:10EDB40000000000008000000000000200000000CD
:10EDC400000008000000000200000000000008002D
:10EDD400000000000020000000000000800000008F
:10EDE4000000020002AF57C4000820000000000029
:10EDF4002080030C000000200000000000008000C0
:10EE040000000000020000000000000800000000F4
:10EE1400000020000000000000800000000020002E
:10EE2400000000000080000000000002000000005C
:10EE3400000008000000000000200000A063C000E3
:10EE440080000000000002001030C000000000003C
:10EE540000000000000000000000000000000000AE
:10EE6400000000000000000000000000000000009E
:10EE7400000000000000000000000000000000008E
:10EE8400000000000000000000000000000000007E
:10EE9400000000000004001008286A8000004003FD
:10EEA4000C00000000000000000000000000000052
:10EEB400000000000000000000000000000000004E
:10EEC400000000000000000000000000000000003E
:10EED400000000000000000000000000000000002E
:10EEE400000000000000000000000002800000029A
:10EEF40080050000001030C0000000000000000089
:10EF040000000000000000000000000000000000FD
:10EF140000000000000000000000000000000000ED
:10EF240000000000000000000000000000000000DD
:10EF340000000000000000000000000018000000B5
:10EF4400000000004000000001A00100030C0000CC
:10EF540000000000000000000000000000000000AD
:10EF6400000000000000000000000000000000009D
:10EF7400000000000000000000000000000000008D
:10EF8400000000000000000000000000000000007D
:10EF9400000000000000000000000100000000006C
:10EFA40000041030C0000000000000000000000059
:10EFB400000000000000000000000000000000004D
:10EFC400000000000000000000000000000000003D
:10EFD400000000000000000000000000000000002D
:10EFE400000000000000000000000000000000001D
:10EFF40000004015E17A100080030C0000000000BE
:10F0040000000000000000000000000000000000FC
:10F0140000000000000000000000000000000000EC
:10F0240000000000000000000000000000000000DC
:10F0340000000000000000000000000000000000CC
:10F044000000000000000000000282D088000810C8
:10F0540030C00000000000000000000000000000BC
:10F06400000000000000000000000000000000009C
:10F07400000000000000000000000000000000008C
:10F08400000000000000000000000000000000007C
:10F09400000000000000000000000000000000006C
:10F0A400000001E00000030C00000000000000006C
:10F0B400000000000000000000000000000000004C
:10F0C400000000000000000000000000000000003C
:10F0D400000000000000000000000000000000002C
:10F0E400000000000000000000000000000000001C
:10F0F4000000000000000000001000001030C000FC
:10F1040000000000000000000000000000000000FB
:10F1140000000000000000000000000000000000EB
:10F1240000000000000000000000000000000000DB
:10F1340000000000000000000000000000000000CB
:10F1440000000000000000000000000000000000BB
:10F15400000000030C00000000000000000000009C
:10F16400000000000000000000000000000000009B
:10F17400000000000000000000000000000000008B
:10F18400000000000000000000000000000000007B
:10F19400000000000000000000000000000000006B
:10F1A4000000000000000000001030C0000000005B
:10F1B400000000000000000000000000000000004B
:10F1C400000000000000000000000000000000003B
:10F1D400000000000000000000000000000000002B
:10F1E40000000000000000000000200000000000FB
:10F1F4000000000000000000000A061C800000005F
:10F20400030C0000000000000000000000000000EB
:10F2140000000000000000000000000000000000EA
:10F2240000000000000000000000000000000000DA
:10F2340000000000000000000000000000000000CA
:10F2440005000000000000000000000000000004B1
:10F254002045010000001030C00000000000000044
:10F26400000000000000000000000000000000009A
:10F27400000000000000000000000000000000008A
:10F28400000000000000000000000000000000007A
:10F29400000000000000000000000000001800064C
:10F2A400000000000000080C6000000000030C00D7
:10F2B400000000000000000000000000000000004A
:10F2C400000000000000000000000000000000003A
:10F2D400000000000000000000000000000000002A
:10F2E400000000000000000000000000000000001A
:10F2F4000000000000010100200000000000F400F4
:10F304000000001030C000000000000000000000F9
:10F3140000000000000000000000000000000000E9
:10F3240000000000000000000000000000000000D9
:10F3340000000000000000000000000000000000C9
:10F3440000000000000000000000000000000000B9
:10F3540000000000000080000080030C000000009A
:10F364000000000000000000000000000000000099
:10F374000000000000000000000000000000000089
:10F384000000000000000000000000000000000079
:10F394000000000000000000000000000000000069
:10F3A4000000000000000000000000000500000C48
:10F3B4001030C00000000000000000000000000049
:10F3C4000000000000000000000000000000000039
:10F3D4000000000000000000000000000000000029
:10F3E4000000000000000000000000000000000019
:10F3F4000000000000000000000000000000000009
:10F4040000000000000000030C00000000000000E9
:10F4140000000000000000000000000000000000E8
:10F4240000000000000000000000000000000000D8
:10F4340000000000000000000000000000000000C8
:10F4440000000000000000000000000000000000B8
:10F45400000000000000000000000000001030C0A8
:10F464000000000000000000000000000000000098
:10F474000000000000000000000000000000000088
:10F484000000000000000000000000000000000078
:10F494000000000000000000000000000000000068
:10F4A4000000000000000000000000000000000058
:10F4B40000000000030C0000000000000000000039
:10F4C4000000000000000000000000000000000038
:10F4D4000000000000000000000000000000000028
:10F4E4000000000000000000000000000000000018
:10F4F4000000000000000000000000000000000008
:10F50400000000000000000000001030C0000000F7
:10F5140000000000000000000000000000000000E7
:10F5240000000000000000000000000000000000D7
:10F5340000000000000000000000000000000000C7
:10F5440000000000000000000000000000000000B7
:10F5540000000000000000000000000000000000A7
:10F5640000030C0000000000000000000000000088
:10F574000000000000000000000000000000000087
:10F584000000000000000000000000000000000077
:10F594000000000000000000000000000000000067
:10F5A4000000000000000000000000000000000057
:10F5B400000000000000001030C000000000000047
:10F5C4000000000000000000000000000000000037
:10F5D4000000000000000000000000000000000027
:10F5E4000000000000000000000000000000000017
:10F5F4000000000000000007000000000000000000
:10F604000000000000000000000000000000030CE7
:10F6140000000000000000000000000000000000E6
:10F6240000000000000000000000000000000000D6
:10F6340000000000000000000000000000000000C6
:10F6440000000000000000000000000000000000B6
:10F6540000000000000000000000000000000000A6
:10F66400000000001030C000000000000000000096
:10F674000000000000000000000000000000000086
:10F684000000000000000000000000000000000076
:10F694000000000000000000000000000000000066
:10F6A4000000000000000000000000000000000056
:10F6B4000000000000000000000000030C00000037
:10F6C4000000000000000000000000000000000036
:10F6D4000000000000000000000000000000000026
:10F6E4000000000000000000000000000000000016
:10F6F4000000000000000000000000000000000006
:10F7040000000000000000000000000000000000F5
:10F71400001030C0000000000000000000000000E5
:10F7240000000000000000000000000000000000D5
:10F7340000000000000000000000000000000000C5
:10F7440000000000000000000000000000000000B5
:10F7540000000000000000000000000000000000A5
:10F764000000000000000000030C00000000000086
:10F774000000000000000000000000000000000085
:10F784000000000000000000000000000000000075
:10F794000000000000000000000000000000000065
:10F7A4000000000000000000000000000000000055
:10F7B4000000000000000000000000000000103005
:10F7C400C000000000000000000000000000000075
:10F7D4000000000000000000000000000000000025
:10F7E4000000000000000000000000000000000015
:10F7F4000000000000000000000000000000000005
:10F8040000000000000000000000000000000000F4
:10F814000000000000030C000000000000000000D5
:10F8240000000000000000000000000000000000D4
:10F8340000000000000000000000000000000000C4
:10F8440000000000000000000000000000000000B4
:10F8540000000000000000000000000000000000A4
:10F8640000000000000000000000001030C0000094
:10F874000000000000000000000000000000000084
:10F884000000000000000000000000000000000074
:10F894000000000000000000000000000000000064
:10F8A4000000000000000000000000000000000054
:10F8B4000000000000000000000000000000000044
:10F8C4000000030C00000000000000000000000025
:10F8D4000000000000000000000000000000000024
:10F8E4000000000000000000000000000000000014
:10F8F4000000000000000000000000000000000004
:10F9040000000000000000000000000000000000F3
:10F9140000000000000000001030C00000000000E3
:10F9240000000000000000000000000000000000D3
:10F9340000000000000000000000000000000000C3
:10F9440000000000000000000000000000000000B3
:10F9540000000000000000000000000000000000A3
:10F964000000000000000000000000000000000390
:10F974000C00000000000000000000000000000077
:10F984000000000000000000000000000000000073
:10F994000000000000000000000000000000000063
:10F9A4000000000000000000000000000000000053
:10F9B4000000000000000000000000000000000043
:10F9C40000000000001030C0000000000000000033
:10F9D4000000000000000000000000000000000023
:10F9E4000000000000000000000000000000000013
:10F9F4000000000000000000000000000000000003
:10FA040000000000000000000000000000000000F2
:10FA1400000000000000000000000000030C0000D3
:10FA240000000000000000000000000000000000D2
:10FA340000000000000000000000000000000000C2
:10FA440000000000000000000000000000000000B2
:10FA540000000000000000000000000000000000A2
:10FA64000000000000000000000000000000000092
:10FA740000001030C0000000000000000000000082
:10FA84000000000000000000000000000000000072
:10FA94000000000000000000000000000000000062
:10FAA4000000000000000000000000000000000052
:10FAB4000000000000000000000000000000000042
:10FAC400000000000000000000030C000000000023
:10FAD4000000000000000000000000000000000022
:10FAE4000000000000000000000000000000000012
:10FAF4000000000000000000000000000000000002
:10FB040000000000000000000000000000000000F1
:10FB140000000000000000000000000000000010D1
:10FB240030C00000000000000000000000000000E1
:10FB340000000000000000000000000000000000C1
:10FB440000000000000000000000000000000000B1
:10FB540000000000000000000000000000000000A1
:10FB64000000000000000000000000000000000091
:10FB7400000000000000030C000000000000000072
:10FB84000000000000000000000000000000000071
:10FB94000000000000000000000000000000000061
:10FBA4000000000000000000000000000000000051
:10FBB4000000000000000000000000000000000041
:10FBC4000000000000000000000000001030C00031
:10FBD4000000000000000000000000000000000021
:10FBE4000000000000000000000000000000000011
:10FBF4000000000000000000000000000000000001
:10FC040000000000000000000000000000000000F0
:10FC140000000000000000000000000000000000E0
:10FC2400000000030C0000000000000000000000C1
:10FC340000000000000000000000000000000000C0
:10FC440000000000000000000000000000000000B0
:10FC540000000000000000000000000000000000A0
:10FC64000000000000000000000000000000000090
:10FC74000000000000000000001030C00000000080
:10FC84000000000000000000000000000000000070
:10FC94000000000000000000000000000000000060
:10FCA4000000000000000000000000000000000050
:10FCB4000000000000000000000000000000000040
:10FCC4000000000000000000000000000000000030
:10FCD400030C000000000000000000000000000011
:10FCE4000000000000000000000000000000000010
:10FCF4000000000000000000000000000000000000
:10FD040000000000000000000000000000000000EF
:10FD140000000000000000000000000000000000DF
:10FD24000000000000001030C000000000000000CF
:10FD340000000000000000000000000000000000BF
:10FD440000000000000000000000000000000000AF
:10FD5400000000000000000000000000000000009F
:10FD6400000000000000000000000000000000008F
:10FD740000000000000000000000000000030C0070
:10FD8400000000000000000000000000000000006F
:10FD9400000000000000000000000000000000005F
:10FDA400000000000000000000000000000000004F
:10FDB400000000000000000000000000000000003F
:10FDC400000000000000000000000000000000002F
:10FDD4000000001030C0000000000000000000001F
:10FDE400000000000000000000000000000000000F
:10FDF40000000000000000000000000000000000FF
:10FE040000000000000000000000000000000000EE
:10FE140000000000000000000000000000000000DE
:10FE240000000000000000000000030C00000000BF
:10FE340000000000000000000000000000000000BE
:10FE440000000000000000000000000000000000AE
:10FE5400000000000000000000000000000000009E
:10FE6400000000000000000000000000000000008E
:10FE7400000000000000000000000000000000007E
:10FE84001030C0000000000000000000000000006E
:10FE9400000000000000000000000000000000005E
:10FEA400000000000000000000000000000000004E
:10FEB400000000000000000000000000000000003E
:10FEC400000000000000000000000000000000002E
:10FED40000000000000000030C000000000000000F
:10FEE400000000000000000000000000000000000E
:10FEF40000000000000000000000000000000000FE
:10FF040000000000000000000000000000000000ED
:10FF140000000000000000000000000000000000DD
:10FF2400000000000000000000000000001030C0CD
:10FF340000000000000000000000000000000000BD
:10FF440000000000000000000000000000000000AD
:10FF5400000000000000000000000000000000009D
:10FF6400000000000000000000000000000000008D
:10FF7400000000000000000000000000000000007D
:10FF840000000000030C000000000000000000005E
:10FF9400000000000000000000000000000000005D
:10FFA400000000000000000000000000000000004D
:10FFB400000000000000000000000000000000003D
:10FFC400000000000000000000000000000000002D
:10FFD400000000000000000000001030C00000001D
:10FFE400000000000000000000000000000000000D
:0CFFF40000000000000000000000000001
:020000040801F1
:1000000000000000000000000000000000000000F0
:1000100000000000000000000000000000000000E0
:1000200000000000000000000000000000000000D0
:100030000000000000030C000000000000000000B1
:1000400000000000000000000000000000000000B0
:1000500000000000000000000000000000000000A0
:100060000000000000000000000000000000000090
:100070000000000000000000000000000000000080
:1000800000000000000000000000001030C0000070
:100090000000000000000000000000000000000060
:1000A0000000000000000000000000000000000050
:1000B0000000000000000000000000000000000040
:1000C0000000000000000000000000000000000030
:1000D0000000000000000000000000000000000020
:1000E0000000030C00000000000000000000000001
:1000F0000000000000000000000000000000000000
:1001000000000000000000000000000000000000EF
:1001100000000000000000000000000000000000DF
:1001200000000000000000000000000000000000CF
:1001300000000000000000001030C00000000000BF
:1001400000000000000000000000000000000000AF
:10015000000000000000000000000000000000009F
:10016000000000000000000000000000000000008F
:10017000000000000000000000000000000000007F
:10018000000000000000000000000000000000036C
:100190000C00000000000000000000000000000053
:1001A000000000000000000000000000000000004F
:1001B000000000000000000000000000000000003F
:1001C000000000000000000000000000000000002F
:1001D000000000000000000000000000000000001F
:1001E00000000000001030C000000000000000000F
:1001F00000000000000000000000000000000000FF
:1002000000000000000000000000000000000000EE
:1002100000000000000000000000000000000000DE
:1002200000000000000000000000000000000000CE
:10023000000000000000000000000000030C0000AF
:1002400000000000000000000000000000000000AE
:10025000000000000000000000000000000000009E
:10026000000000000000000000000000000000008E
:10027000000000000000000000000000000000007E
:10028000000000000000000000000000000000006E
:1002900000001030C000000000000000000000005E
:1002A000000000000000000000000000000000004E
:1002B000000000000000000000000000000000003E
:1002C000000000000000000000000000000000002E
:1002D000000000000000000000000000000000001E
:1002E000000000000000000000030C0000000000FF
:1002F00000000000000000000000000000000000FE
:1003000000000000000000000000000000000000ED
:1003100000000000000000000000000000000000DD
:1003200000000000000000000000000000000000CD
:1003300000000000000000000000000000000010AD
:1003400030C00000000000000000000000000000BD
:10035000000000000000000000000000000000009D
:10036000000000000000000000000000000000008D
:10037000000000000000000000000000000000007D
:10038000000000000000000000000000000000006D
:10039000000000000000030C00000000000000004E
:1003A000000000000000000000000000000000004D
:1003B000000000000000000000000000000000003D
:1003C000000000000000000000000000000000002D
:1003D000000000000000000000000000000000001D
:1003E0000000000000000000000000001030C0000D
:1003F00000000000000000000000000000000000FD
:1004000000000000000000000000000000000000EC
:1004100000000000000000000000000000000000DC
:10042000000000000000000000000000005000007C
:1004300000000000000000000000000000000000BC
:10044000000000030C00000000000000000000009D
:10045000000000000000000000000000000000009C
:10046000000000000000000000000000000000008C
:10047000000000000000000000000000000000007C
:10048000000000000000000000000000000000006C
:100490000000000000000000001030C0000000005C
:1004A000000000000000000000000000000000004C
:1004B000000000000000000000000000000000003C
:1004C000000000000000000000000000000000002C
:1004D000000000000000000000000000000000001C
:1004E000000000000000000000000000000000000C
:1004F000030C0000000000000000000000000000ED
:1005000000000000000000000000000000000000EB
:1005100000000000000000000000000000000000DB
:1005200000000000000000000000000000000000CB
:1005300000000000000000000000000000000000BB
:100540000000000000001030C000000000000000AB
:10055000000000000000000000000000000000009B
:10056000000000000000000000000000000000008B
:10057000000000000000000000000000000000007B
:10058000000000000000000000000000000000006B
:1005900000000000000000000000000000030C004C
:1005A000000000000000000000000000000000004B
:1005B000000000000000000000000000000000003B
:1005C000000000000000000000000000000000002B
:1005D000000000000000000000000000000000001B
:1005E000000000000000000000000000000000000B
:1005F0000000001030C000000000000000000000FB
:1006000000000000000000000000000000000000EA
:1006100000000000000000000000000000000000DA
:1006200000000000000000000000000000000000CA
:1006300000000000000000000000000000000000BA
:1006400000000000000000000000030C000000009B
:10065000000000000000000000000000000000009A
:10066000000000000000000000000000000000008A
:10067000000000000000000000000000000000007A
:10068000000000000000000000000000000000006A
:10069000000000000000000000000000000000005A
:1006A0001030C0000000000000000000000000004A
:1006B000000000000000000000000000000000003A
:1006C000000000000000000000000000000000002A
:1006D000000000000000000000000000000000001A
:1006E000000000000000000000000000000000000A
:1006F00000000000000000030C00000000000000EB
:1007000000000000000000000000000000000000E9
:1007100000000000000000000000000000000000D9
:1007200000000000000000000000000000000000C9
:1007300000000000000000000000000000000000B9
:10074000000000000000000000000000001030C0A9
:100750000000000000000000000000000000000099
:100760000000000000000000000000000000000089
:100770000000000000000000000000000000000079
:100780000000000000000000000000000800000061
:100790000000000000000000000000000000000059
:1007A00000000000030C000000000000000000003A
:1007B0000000000000000000000000000000000039
:1007C0000000000000000000000000000000000029
:1007D0000000000000000000000000000000000019
:1007E0000000000000000000000000000000000009
:1007F000000000000000000000001030C0000000F9
:1008000000000000000000000000000000000000E8
:1008100000000000000000000000000000000000D8
:1008200000000000000000000000000000000000C8
:1008300000000000000000000000000000000000B8
:1008400000000000000000000000000000000000A8
:1008500000030C0000000000000000000000000089
:100860000000000000000000000000000000000088
:100870000000000000000000000000000000000078
:100880000000000000000000000000000000000068
:100890000000000000000000000000000000000058
:1008A000000000000000001030C000000000000048
:1008B0000000000000000000000000000000000038
:1008C0000000000000000000000000000000000028
:1008D0000000000000000000000000000000000018
:1008E0000000000000000000000000000000000008
:1008F0000000000000000000000000000000030CE9
:1009000000000000000000000000000000000000E7
:1009100000000000000000000000000000000000D7
:1009200000000000000000000000000000000000C7
:1009300000000000000000000000000000000000B7
:1009400000000000000000000000000000000000A7
:100950000000000000001103010100000000000081
:100960000000000000000000000000000000000087
:100970000000000000000000000000000000000077
:100980000000000000000000000000000000000067
:100990000000000000000000000000000000000057
:1009A0000000000000000000000000000000000047
:1009B0000000000000000000000000000000000037
:1009C0000000000000000000000000000000000027
:1009D0000000000000000000000000000000000017
:1009E0000000000000000000000000000000000007
:1009F00000000000000000000000000000000000F7
:100A000000000000000000000000000000000000E6
:100A100000000000000000000000000000000000D6
:100A200000000000000000000000000000000000C6
:100A30000000000080000000000002000000000034
:100A40000000000000000000200000000000000086
:100A5000000000000000000000000000080000008E
:100A60000000000000000000000000000000000086
:100A70000000000000000000000000000000000076
:100A80000000000000000000000000000000000066
:100A90000000000000000000000000000000000056
:100AA0000000000000000000000000000000000046
:100AB0000000000000000000000000000000000036
:100AC0000000000000000000000000000000000026
:100AD0000000000000000000000000000000000016
:100AE0000000000000000000000000000000000006
:100AF00000000000000000000000000000000000F6
:100B000000000000000000000000000000000000E5
:100B100000000000000000000000000000000000D5
:100B200000000000000000000000000000000000C5
:100B300000000000000000000000000000000000B5
:100B400000000000000000000000000000000000A5
:100B50000000000000000000000000000000000095
:100B60000000000000000000000000000000000085
:100B70000000000000000000000000000000000075
:100B80000000000000000000000000000000000065
:100B90000000000000000000000000000000000055
:100BA0000000000000000000000000000000000045
:100BB000000000020300040000000000000000002C
:100BC0000000000000000000000000000000000025
:100BD0000000000000000000000000000000000015
:100BE0000000000000000000000000000000000005
:100BF00000000000000000000000000000000000F5
:100C000000000000000000000000000400000000E0
:100C100000000000000000000000000000000000D4
:100C200000000000000000000000000000000000C4
:100C30000000000000000000100000000000004064
:100C40000000000000000000000000000C00000098
:100C50000000000000000000000000000000000094
:100C60000300000000000000000000000000000081
:100C70000000000000000000000000000000000074
:100C80000000000000000000000000000000000064
:100C90000000000000000000000000000000000054
:100CA0000000000000000000000000000000000044
:100CB0000000000000000000000000000000000034
:100CC0000000000000000000000000000000000024
:100CD0000000000000000000000000000000000014
:100CE0000000000000000000000000000000000004
:100CF00000000000000000000000000000000000F4
:100D000000000000000000000000000004000000DF
:100D100000000000000000000000000000000000D3
:100D200000000000000000000000000000000000C3
:100D300000000000000000000000000000000000B3
:100D400000000000000000000000000000000000A3
:100D50000000000000000000000000000000000093
:100D60000000008000000000000000000000000003
:100D70000000000000000000000000000000000073
:100D80000000000000000000000000000000000063
:100D90000000000000000000000000000000000053
:100DA0000000000000000000000000000000000043
:100DB0000000000000000000000000000000000033
:100DC0000000000000000000000000000000000023
:100DD0000000000000000000000000000000000013
:100DE00000000000000000000000000800000000FB
:100DF0000000200000000000008000000000000251
:100E000000000000000000000000000000000000E2
:100E10000000000080000000000000000000000052
:100E200000000000000000000000000000000000C2
:100E30000000000000000000000000000000002092
:100E40000000000000008000000000000200000020
:100E5000000000080000200000000000000000006A
:100E60000000000000000002200000000000000060
:100E70000000000000000000000000000000000072
:100E80000000000000000000000000000000000062
:100E90000000000000000000000000000000000052
:100EA000000000000000000000000800000000003A
:100EB0000000000000000000000000000000000032
:100EC00000000030C0000000000000000000000032
:100ED0000000000000000000000000000000000012
:100EE0000000000000000000000000000000000002
:100EF00000000000000000000000000000000000F2
:100F000000000000000000000000000000000000E1
:100F1000000000000000000001030C0000000000C1
:100F200000000000000000000000000000000000C1
:100F300000000000000000000000000000000000B1
:100F400000000000000000000000000000000000A1
:100F50000000000000000000000000000000000091
:100F60000000000000000000000000000000000081
:100F700030C0000000000000000000000000000081
:100F80000000000000000000000000000000000061
:100F90000000000000000000000000000000000051
:100FA0000000000000000000000000000000000041
:100FB0000000000000000000000000000000000031
:100FC000000000000001030C000000000000000011
:100FD0000000000000000000000000000000000011
:100FE0000000000000000000000000000000000001
:100FF00000000000000000000000000000000000F1
:1010000000000000000000000000000000000000E0
:101010000000000000000000000000000030C000E0
:1010200000000000000000000000000000000000C0
:1010300000000000000000000000000000000000B0
:1010400000000000000000000000000000000000A0
:101050000000000000000000000000000000000090
:101060000000000000000000000000000000000080
:10107000000001030C000000000000000000000060
:101080000000000000000000000000000000000060
:101090000000000000000000000000000000000050
:1010A0000000000000000000000000000000000040
:1010B0000000000000000000000000000000000030
:1010C0000000000000000000000030C00000000030
:1010D0000000000000000000000000000000000010
:1010E0000000000000000000000000000000000000
:1010F00000000000000000000000000000000000F0
:1011000000000000000000000000000000000000DF
:1011100000000000000000000000000000000001CE
:10112000030C0000000000000000000000000000B0
:1011300000000000000000000000000000000000AF
:10114000000000000000000000000000000000009F
:10115000000000000000000000000000000000008F
:10116000000000000000000000000000000000007F
:101170000000000000000030C0000000000000007F
:10118000000000000000000000000000000000005F
:10119000000000000000000000000000000000004F
:1011A000000000000000000000000000000000003F
:1011B000000000000000000000000000000000002F
:1011C00000000000000000000000000001030C000F
:1011D000000000000000000000000000000000000F
:1011E00000000000000000000000000000000000FF
:1011F00000000000000000000000000000000000EF
:1012000000000000000000000000000000000000DE
:1012100000000000000000000000000000000000CE
:101220000000000030C000000000000000000000CE
:1012300000000000000000000000000000000000AE
:10124000000000000000000000000000000000009E
:10125000000000000000000000000000000000008E
:10126000000000000000000000000000000000007E
:1012700000000000000000000001030C000000005E
:10128000000000000000000000000000000000005E
:10129000000000000000000000000000000000004E
:1012A000000000000000000000000000000000003E
:1012B000000000000000000000000000000000002E
:1012C000000000000000000000000000000000001E
:1012D0000030C0000000000000000000000000001E
:1012E00000000000000000000000000000000000FE
:1012F00000000000000000000000000000000000EE
:1013000000000000000000000000000000000000DD
:1013100000000000000000000000000000000000CD
:1013200000000000000001030C00000000000000AD
:1013300000000000000000000000000000000000AD
:10134000000000000000000000000000000000009D
:10135000000000000000000000000000000000008D
:10136000000000000000000000000000000000007D
:10137000000000000000000000000000000030C07D
:10138000000000000000000000000000000000005D
:10139000000000000000000000000000000000004D
:1013A000000000000000000000000000000000003D
:1013B000000000000000000000000000000000002D
:1013C000000000000000000000000000000000001D
:1013D00000000001030C00000000000000000000FD
:1013E00000000000000000000000000000000000FD
:1013F00000000000000000000000000000000000ED
:1014000000000000000000000000000000000000DC
:1014100000000000000000000000000000000000CC
:10142000000000000000000000000030C0000000CC
:1014300000000000000000000000000000000000AC
:10144000000000000000000000000000000000009C
:10145000000000000000000000000000000000008C
:10146000000000000000000000000000000000007C
:10147000000000000000000000000000000000006C
:1014800001030C000000000000000000000000004C
:10149000000000000000000000000000000000004C
:1014A000000000000000000000000000000000003C
:1014B000000000000000000000000000000000002C
:1014C000000000000000000000000000000000001C
:1014D000000000000000000030C00000000000001C
:1014E00000000000000000000000000000000000FC
:1014F00000000000000000000000000000000000EC
:1015000000000000000000000000000000000000DB
:1015100000000000000000000000000000000000CB
:101520000000000000000000000000000001030CAB
:1015300000000000000000000000000000000000AB
:10154000000000000000000000000000000000009B
:10155000000000000000000000000000000000008B
:10156000000000000000000000000000000000007B
:10157000000000000000000000000000000000006B
:10158000000000000030C00000000000000000006B
:10159000000000000000000000000000000000004B
:1015A000000000000000000000000000000000003B
:1015B000000000000000000000000000000000002B
:1015C000000000000000000000000000000000001B
:1015D0000000000000000000000001030C000000FB
:1015E00000000000000000000000000000000000FB
:1015F00000000000000000000000000000000000EB
:1016000000000000000000000000000000000000DA
:1016100000000000000000000000000000000000CA
:1016200000000000000000000000000000000000BA
:10163000000030C0000000000000000000000000BA
:10164000000000000000000000000000000000009A
:10165000000000000000000000000000000000008A
:10166000000000000000000000000000000000007A
:10167000000000000000000000000000000000006A
:101680000000000000000001030C0000000000004A
:10169000000000000000000000000000000000004A
:1016A000000000000000000000000000000000003A
:1016B000000000000000000000000000000000002A
:1016C000000000000000000000000000000000001A
:1016D00000000000000000000000000000000030DA
:1016E000C00000000000000000000000000000003A
:1016F00000000000000000000000000000000000EA
:1017000000000000000000000000000000000000D9
:1017100000000000000000000000000000000000C9
:1017200000000000000000000000000000000000B9
:101730000000000001030C00000000000000000099
:101740000000000000000000000000000000000099
:101750000000000000000000000000000000000089
:101760000000000000000000000000000000000079
:101770000000000000000000000000000000000069
:1017800000000000000000000000000030C0000069
:101790000000000000000000000000000000000049
:1017A0000000000000000000000000000000000039
:1017B0000000000000000000000000000000000029
:1017C0000000000000000000000000000000000019
:1017D0000000000000000000000000000000000009
:1017E0000001030C000000000000000000000000E9
:1017F00000000000000000000000000000000000E9
:1018000000000000000000000000000000000000D8
:1018100000000000000000000000000000000000C8
:1018200000000000000000000000000000000000B8
:1018300000000000000000000030C00000000000B8
:101840000000000000000000000000000000000098
:101850000000000000000000000000000000000088
:101860000000000000000000000000000000000078
:101870000000000000000000000000000000000068
:101880000000000000000000000000000000010354
:101890000C0000000000000000000000000000003C
:1018A0000000000000000000000000000000000038
:1018B0000000000000000000000000000000000028
:1018C0000000000000000000000000000000000018
:1018D0000000000000000000000000000000000008
:1018E00000000000000030C0000000000000000008
:1018F00000000000000000000000000000000000E8
:1019000000000000000000000000000000000000D7
:1019100000000000000000000000000000000000C7
:1019200000000000000000000000000000000000B7
:10193000000000000000000000000001030C000097
:101940000000000000000000000000000000000097
:101950000000000000000000000000000000000087
:101960000000000000000000000000000000000077
:101970000000000000000000000000000000000067
:101980000000000000000000000000000000000057
:1019900000000030C0000000000000000000000057
:1019A0000000000000000000000000000000000037
:1019B0000000000000000000000000000000000027
:1019C0000000000000000000000000000000000017
:1019D0000000000000000000000000000000000007
:1019E000000000000000000001030C0000000000E7
:1019F00000000000000000000000000000000000E7
:101A000000000000000000000000000000000000D6
:101A100000000000000000000000000000000000C6
:101A200000000000000000000000000000000000B6
:101A300000000000000000000000000000000000A6
:101A400030C00000000000000000000000000000A6
:101A50000000000000000000000000000000000086
:101A60000000000000000000000000000000000076
:101A70000000000000000000000000000000000066
:101A80000000000000000000000000000000000056
:101A9000000000000001030C000000000000000036
:101AA0000000000000000000000000000000000036
:101AB0000000000000000000000000000000000026
:101AC0000000000000000000000000000000000016
:101AD0000000000000000000000000000000000006
:101AE0000000000000000000000000000030C00006
:101AF00000000000000000000000000000000000E6
:101B000000000000000000000000000000000000D5
:101B100000000000000000000000000000000000C5
:101B200000000000000000000000000000000000B5
:101B300000000000000000000000000000000000A5
:101B4000000001030C000000000000000000000085
:101B50000000000000000000000000000000000085
:101B60000000000000000000000000000000000075
:101B70000000000000000000000000000000000065
:101B80000000000000000000000000000000000055
:101B90000000000000000000000030C00000000055
:101BA0000000000000000000000000000000000035
:101BB0000000000000000000000000000000000025
:101BC0000000000000000000000000000000000015
:101BD00000000000000000000010000000000000F5
:101BE00000000000000000000000000000000001F4
:101BF000030C0000000000000000000000000000D6
:101C000000000000000000000000000000000000D4
:101C100000000000000000000000000000000000C4
:101C200000000000000000000000000000000000B4
:101C30008000000000000000000000000000000024
:101C40000000000000000030C000000000000000A4
:101C50000000000000000000000000000000000084
:101C60000000000000000000000000000000000074
:101C70000000000000000000000000000000000064
:101C80000000000000000000000000000000000054
:101C900000000000000000000000000001030C0034
:101CA0000000000000000000000000000000000034
:101CB0000000000000000000000000000000000024
:101CC0000000000000000000000000000000000014
:101CD0000000000000000000000000000000000004
:101CE00000000000000000000000000000000000F4
:101CF0000000000030C000000000000000000000F4
:101D000000000000000000000000000000000000D3
:101D100000000000000000000000000000000000C3
:101D200000000000000000000000000000000000B3
:101D300000000000000000000000000000000000A3
:101D400000000000000000000001030C0000000083
:101D50000000000000000000000000000000000083
:101D60000000000000000000000000000000000073
:101D70000000000000000000000000000000000063
:101D80000000000000000000000000000000000053
:101D90000000000000000000000000000000000043
:101DA0000030C00000000000000000000000000043
:101DB0000000000000000000000000000000000023
:101DC0000000000000000000000000000000000013
:101DD0000000000000000000000000000000000003
:101DE00000000000000000000000000000000000F3
:101DF00000000000000001030C00000000000000D3
:101E000000000000000000000000000000000000D2
:101E100000000000000000000000000000000000C2
:101E200000000000000000000000000000000000B2
:101E300000000000000000000000000000000000A2
:101E4000000000000000000000000000000030C0A2
:101E50000000000000000000000000000000000082
:101E60000000000000000000000000000000000072
:101E70000000000000000000000000000000000062
:101E80000000000000000000000000000000000052
:101E90000000000000000000000000000000000042
:101EA00000000001030C0000000000000000000022
:101EB0000000000000000000000000000000000022
:101EC0000000000000000000000000000000000012
:101ED0000000000000000000000000000000000002
:101EE00000000000000000000000000000000000F2
:101EF000000000000000000000000030C0000002F0
:101F000000000000000008000000000000200000A9
:101F1000000000008000000000000200000000003F
:101F2000000800000000020000000000000800009F
:101F30000000000020000000000000800000000001
:101F40000002000000000000080000000000002067
:101F500001030C00000020000000000000800000D1
:101F60000000000200000000000008000000000067
:101F700000200000000000008000000000200000A1
:101F800000000000800000000000020000000000CF
:101F90000008000000000000200000000000008099
:101FA000000000000002000030C00000020000003D
:101FB00000000008000000000000200000000000F9
:101FC0000080000000000002000000000000080087
:101FD00000000002000000000000080000000000F7
:101FE000002000000000000080000000000002004F
:101FF0000000000000080000000000002001030CA9
:102000000000002000000000000080000000000030
:102010000200000000000008000000000000200096
:102020000000000000800000000020000000000010
:102030000080000000000002000000000000080016
:1020400000000000002000000000000080000000F0
:10205000000002000030C00000020000000000008C
:1020600008000000000000200000000000008000C8
:102070000000000002000000000000080000000056
:102080000200000000000008000000000000200026
:1020900000000000008000000000000200000000BE
:1020A0000000080000000000002001030C000000F8
:1020B000200000000000008000000000000200007E
:1020C00000000000080000000000002000000000E8
:1020D00000008000000000200000000000008000E0
:1020E00000000000020000000000000800000000E6
:1020F000000020000000000000800000000000023E
:10210000000030C0000002000000000000080000D5
:10211000000000002000000000000080000000001F
:1021200000020000000000000800000000020000A3
:102130000000000008000000000000200000000077
:102140000000800000000000020000000000000805
:102150000000000000002001030C0000002000002F
:1021600000000000800000000000020000000000ED
:1021700000080000000000002000000000000080B7
:1021800000000000200000000000008000000000AF
:102190000002000000000000080000000000002015
:1021A000000000000000800000000000020000307D
:1021B000C00000000000000000000000000000005F
:1021C000000000000000000000000000000000000F
:1021D00000000000000000000000000000000000FF
:1021E00000000000000000000000000000000000EF
:1021F00000000000000000000000000000000000DF
:102200000000000001030C000000000000000000BE
:1022100000000000000000000000000000000000BE
:1022200000000000000000000000000000000000AE
:10223000000000000000000000000000000000009E
:10224000000000000000000000000000000000008E
:1022500000000000000000000000000030C000008E
:10226000000000000000000000000000000000006E
:10227000000000000000000000000000000000005E
:10228000000000000000000000000000000000004E
:10229000000000000000000000000000000000003E
:1022A000000000000000000000000000000000002E
:1022B0000001030C0000000000000000000000000E
:1022C000000000000000000000000000000000000E
:1022D00000000000000000000000000000000000FE
:1022E00000000000000000000000000000000000EE
:1022F00000000000000000000000000000000000DE
:1023000000000000000000000030C00000000000DD
:1023100000000000000000000000000000000000BD
:1023200000000000000000000000000000000000AD
:10233000000000000000000000000000000000009D
:10234000000000000000000000000000000000008D
:102350000000000000000000000000000000010379
:102360000C00000000000000000000000000000061
:10237000000000000000000000000000000000005D
:10238000000000000000000000000000000000004D
:10239000000000000000000000000000000000003D
:1023A000000000000000000000000000000000002D
:1023B00000000000000030C000000000000000002D
:1023C000000000000000000000000000000000000D
:1023D00000000000000000000000000000000000FD
:1023E00000000000000000000000000000000000ED
:1023F00000000000000000000000000000000000DD
:10240000000000000000000000000001030C0000BC
:1024100000000000000000000000000000000000BC
:1024200000000000000000000000000000000000AC
:10243000000000000000000000000000000000009C
:10244000000000000000000000000000000000008C
:10245000000000000000000000000000000000007C
:1024600000000030C0000002000000000000080072
:1024700000000000002000000000000080000000BC
:102480000000020000000000000800000000020040
:102490000000000000080000000000002000000014
:1024A00000000080000000000002000000000000AA
:1024B000080000000000002001030C0000002000C4
:1024C000000000000080000000000002000000008A
:1024D00000000800000000000020000000000000D4
:1024E00080000000002000000000000080000000CC
:1024F00000000200000000000008000000000000D2
:102500002000000000000080000000000002000029
:1025100030C00000020000000000000800000000C1
:102520000000200000000000008000000000000209
:102530000000000000000800000000020000000091
:102540000000080000000000002000000000000063
:1025500080000000000002000000000000080000F1
:10256000000000002001030C00000020000000001B
:1025700000008000000000000200000000000008D1
:1025800000000000000020000000000000800000AB
:102590000000200000000000008000000000000299
:1025A0000000000000000800000000000020000003
:1025B0000000000080000000000002000030C000A9
:1025C00000020000000000000800000000000020E1
:1025D0000000000000008000000000000200000079
:1025E00000000008000000000200000000000008D9
:1025F000000000000000200000000000008000003B
:1026000000000002000000000000080000000000C0
:10261000002001030C0000002000000000000080EA
:1026200000000000000200000000000008000000A0
:1026300000000020000000000000800000000020DA
:102640000000000000008000000000000200000008
:102650000000000800000000000020000000000052
:102660000080000000000002000030C000000200F6
:102670000000000000080000000000002000000032
:1026800000000080000000000002000000000000C8
:102690000800000000020000000000000800000028
:1026A000000000200000000000008000000000008A
:1026B00002000000000000080000000000002001EF
:1026C000030C00000020000000000000800000005B
:1026D00000000200000000000008000000000000F0
:1026E000200000000000008000000000200000002A
:1026F0000000008000000000000200000000000058
:102700000800000000000020000000000000800021
:102710000000000002000030C000000000000000C7
:1027200000000000000000000000000000000000A9
:102730000000000000000000000000000000000099
:102740000000000000000000000000000000000089
:102750000000000000000000000000000000000079
:1027600000000000000000000000000001030C0059
:102770000000000000000000000000000000000059
:102780000000000000000000000000000000000049
:102790000000000000000000000000000000000039
:1027A0000000000000000000000000000000000029
:1027B0000000000000000000000000000000000019
:1027C0000000000030C00000000000000000000019
:1027D00000000000000000000000000000000000F9
:1027E00000000000000000000000000000000000E9
:1027F00000000000000000000000000000000000D9
:1028000000000000000000000000000000000000C8
:1028100000000000000000000001030C00000000A8
:1028200000000000000000000000000000000000A8
:102830000000000000000000000000000000000098
:102840000000000000000000000000000000000088
:102850000000000000000000000000000000000078
:102860000000000000000000000000000000000068
:102870000030C00000000000000000000000000068
:102880000000000000000000000000000000000048
:102890000000000000000000000000000000000038
:1028A0000000000000000000000000000000000028
:1028B0000000000000000000000000000000000018
:1028C00000000000000001030C00000000000000F8
:1028D00000000000000000000000000000000000F8
:1028E00000000000000000000000000000000000E8
:1028F00000000000000000000000000000000000D8
:1029000000000000000000000000000000000000C7
:10291000000000000000000000000000000030C0C7
:1029200000000000000000000000000000000000A7
:102930000000000000000000000000000000000097
:102940000000000000000000000000000000000087
:102950000000000000000000000000000000000077
:102960000000000000000000000000000000000067
:1029700000000001030C0000000000000000000047
:102980000000000000000000000000000000000047
:102990000000000000000000000000000000000037
:1029A0000000000000000000000000000000000027
:1029B0000000000000000000000000000000000017
:1029C000000000000000000000000030C000000017
:1029D00000000000000000000000000000000000F7
:1029E00000000000000000000000000000000000E7
:1029F00000000000000000000000000000000000D7
:102A000000000000000000000000000000000000C6
:102A100000000000000000000000000000000000B6
:102A200001030C0000000000000000000000000096
:102A30000000000000000000000000000000000096
:102A40000000000000000000000000000000000086
:102A50000000000000000000000000000000000076
:102A60000000000000000000000000000000000066
:102A7000000000000000000030C000000000000066
:102A80000000000000000000000000000000000046
:102A90000000000000000000000000000000000036
:102AA0000000000000000000000000000000000026
:102AB0000000000000000000000000000000000016
:102AC0000000000000000000000000000001030CF6
:102AD00000000000000000000000000000000000F6
:102AE00000000000000000000000000000000000E6
:102AF00000000000000000000000000000000000D6
:102B000000000000000000000000000000000000C5
:102B100000000000000000000000000000000000B5
:102B2000000000000030C0000000000000000000B5
:102B30000000000000000000000000000000000095
:102B40000000000000000000000000000000000085
:102B50000000000000000000000000000000000075
:102B60000000000000000000000000000000000065
:102B70000000000000000000000001030C00000045
:102B80000000000000000000000000000000000045
:102B90000000000000000000000000000000000035
:102BA0000000000000000000000000000000000025
:102BB0000000000000000000000000000000000015
:102BC0000000000000000000000000000000000005
:102BD000000030C000000000000000000000000005
:102BE00000000000000000000000000000000000E5
:102BF00000000000000000000000000000000000D5
:102C000000000000000000000000000000000000C4
:102C100000000000000000000000000000000000B4
:102C20000000000000000001030C00000000000094
:102C30000000000000000000000000000000000094
:102C40000000000000000000000000000000000084
:102C50000000000000000000000000000000000074
:102C60000000000000000000000000000000000064
:102C70000000000000000000000000000000003024
:102C8000C000000000000000000000000000000084
:102C90000000000000000000000000000000000034
:102CA0000000000000000000000000000000000024
:102CB0000000000000000000000000000000000014
:102CC0000000000000000000000000000000000004
:102CD0000000000001030C000000000000000000E4
:102CE00000000000000000000000000000000000E4
:102CF00000000000000000000000000000000000D4
:102D000000000000000000000000000000000000C3
:102D100000000000000000000000000000000000B3
:102D200000000000000000000000000030C00000B3
:102D30000000000000000000000000000000000093
:102D40000000000000000000000000000000000083
:102D50000000000000000000000000000000000073
:102D60000000000000000000000000000000000063
:102D70000000000000000000000000000000000053
:102D80000001030C00000000000000000000000033
:102D90000000000000000000000000000000000033
:102DA0000000000000000000000000000000000023
:102DB0000000000000000000000000000000000013
:102DC0000000000000000000000000000000000003
:102DD00000000000000000000030C0000000000003
:102DE00000000000000000000000000000000000E3
:102DF00000000000000000000000000000000000D3
:102E000000000000000000000000000000000000C2
:102E100000000000000000000000000000000000B2
:102E2000000000000000000000000000000001039E
:102E30000C00000000000000000000000000000086
:102E40000000000000000000000000000000000082
:102E50000000000000000000000000000000000072
:102E60000000000000000000000000000000000062
:102E70000000000000000000000000000000000052
:102E800000000000000030C0000000000000000052
:102E90000000000000000000000000000000000032
:102EA0000000000000000000000000000000000022
:102EB0000000000000000000000000000000000012
:102EC0000000000000000000000000000000000002
:102ED000000000000000000000000001030C0000E2
:102EE00000000000000000000000000000000000E2
:102EF00000000000000000000000000000000000D2
:102F000000000000000000000000000000000000C1
:102F100000000000000000000000000000000000B1
:102F200000000000000000000000000000000000A1
:102F300000000030C00000000000000000000000A1
:102F40000000000000000000000000000000000081
:102F50000000000000000000000000000000000071
:102F60000000000000000000000000000000000061
:102F70000000000000000000000000000000000051
:102F8000000000000000000001030C000000000031
:102F90000000000000000000000000000000000031
:102FA0000000000000000000000000000000000021
:102FB0000000000000000000000000000000000011
:102FC0000000000000000000000000000000000001
:102FD00000000000000000000000000000000000F1
:102FE00030C00000000000000000000000000000F1
:102FF00000000000000000000000000000000000D1
:1030000000000000000000000000000000000000C0
:1030100000000000000000000000000000000000B0
:1030200000000000000000000000000000000000A0
:10303000000000000001030C000000000000000080
:103040000000000000000000000000000000000080
:103050000000000000000000000000000000000070
:103060000000000000000000000000000000000060
:103070000000000000000000000000000000000050
:103080000000000000000000000000000030C00050
:103090000000000000000000000000000000000030
:1030A0000000000000000000000000000000000020
:1030B0000000000000000000000000000000000010
:1030C0000000000000000000000000000000000000
:1030D00000000000000000000000000000000000F0
:1030E000000001030C0000000000000000000000D0
:1030F00000000000000000000000000000000000D0
:1031000000000000000000000000000000000000BF
:1031100000000000000000000000000000000000AF
:10312000000000000000000000000000000000009F
:103130000000000000000000000030C0000000009F
:10314000000000000000000000000000000000007F
:10315000000000000000000000000000000000006F
:10316000000000000000000000000000000000005F
:10317000000000000000000000000000000000004F
:10318000000000000000000000000000000000013E
:10319000030C000000000000000000000000000020
:1031A000000000000000000000000000000000001F
:1031B000000000000000000000000000000000000F
:1031C00000000000000000000000000000000000FF
:1031D00000000000000000000000000000000000EF
:1031E0000000000000000030C000000000000000EF
:1031F00000000000000000000000000000000000CF
:1032000000000000000000000000000000000000BE
:1032100000000000000000000000000000000000AE
:10322000000000000000000000000000000000009E
:1032300000000000000000000000000001030C007E
:10324000000000000000000000000000000000007E
:10325000000000000000000000000000000000006E
:10326000000000000000000000000000000000005E
:10327000000000000000000000000000000000004E
:10328000000000000000000000000000000000003E
:103290000000000030C0000000000000000000003E
:1032A000000000000000000000000000000000001E
:1032B000000000000000000000000000000000000E
:1032C00000000000000000000000000000000000FE
:1032D00000000006000000000000000000000000E8
:1032E00000000000000000000001030C00000000CE
:1032F00000000000000000000000000000000000CE
:1033000000000000000000000000000000000000BD
:1033100000000000000000000000000000000000AD
:10332000000000000000000000000000000000009D
:10333000000000000000000000000000000000008D
:103340000030C0000000000000000000000000008D
:10335000000000000000000000000000000000006D
:10336000000000000000000000000000000000005D
:10337000000000000000000000000000000000004D
:10338000000000000000000000000000000000003D
:1033900000000000000001030C000000000000001D
:1033A000000000000000000000000000000000001D
:1033B000000000000000000000000000000000000D
:1033C00000000000000000000000000000000000FD
:1033D00000000000000000000000000000000000ED
:1033E000000000000000000000000000000030C0ED
:1033F00000000000000000000000000000000000CD
:1034000000000000000000000000000000000000BC
:1034100000000000000000000000000000000000AC
:10342000000000000000000000000000000000009C
:10343000000000000000000000000000000000008C
:1034400000000001030C000000000000000000006C
:10345000000000000000000000000000000000006C
:10346000000000000000000000000000000000005C
:10347000000000000000000000000000000000004C
:10348000000000000000000000000000000000003C
:10349000000000000000000000000030C00000003C
:1034A000000000000000000000000000000000001C
:1034B000000000000000000000000000000000000C
:1034C00000000000000000000000000000000000FC
:1034D00000000000000000000000000000000000EC
:1034E00000000000000000000000000000000000DC
:1034F00001030C00000000000000000000000000BC
:1035000000000000000000000000000000000000BB
:1035100000000000000000000000000000000000AB
:10352000000000000000000000000000000000009B
:10353000000000000000000000000000000000008B
:10354000000000000000000030C00000000000008B
:10355000000000000000000000000000000000006B
:10356000000000000000000000000000000000005B
:10357000000000000000000000000000000000004B
:10358000000000000000000000000000000000003B
:103590000000000000000000000000000001030C1B
:1035A000000000000000000000000000000000001B
:1035B000000000000000000000000000000000000B
:1035C00000000000000000000000000000000000FB
:1035D00000000000000000000000000000000000EB
:1035E00000000000000000000000000000000000DB
:1035F000000000000030C0000000000000000000DB
:1036000000000000000000000000000000000000BA
:1036100000000000000000000000000000000000AA
:10362000000000000000000000000000000000009A
:10363000000000000000000000000000000000008A
:103640000000000000000000000001030C0000006A
:10365000000000000000000000000000000000006A
:10366000000000000000000000000000000000005A
:10367000000000000000000000000000000000004A
:10368000000000000000000000000000000000003A
:10369000000000000000000000000000000000002A
:1036A000000030C00000000000000000000000002A
:1036B000000000000000000000000000000000000A
:1036C00000000000000000000000000000000000FA
:1036D00000000000000000000000000000000000EA
:1036E00000000000000000000000000000000000DA
:1036F0000000000000000001030C000000000000BA
:1037000000000000000000000000000000000000B9
:1037100000000000000000000000000000000000A9
:103720000000000000000000000000000000000099
:103730000000000000000000000000000000000089
:103740000000000000000000000000000000003049
:10375000C0000000000000000000000000000000A9
:103760000000000000000000000000000000000059
:103770000000000000000000000000000000000049
:103780000000000000000000000000000000000039
:103790000000000000000000000000000000000029
:1037A0000000000001030C00000000000000000009
:1037B0000000000000000000000000000000000009
:1037C00000000000000000000000000000000000F9
:1037D00000000000000000000000000000000000E9
:1037E00000000000000000000000000000000000D9
:1037F00000000000000000000000000030C00000D9
:1038000000000000000000000000000000000000B8
:1038100000000000000000000000000000000000A8
:103820000000000000000000000000000000000098
:103830000000000000000000000000000000000088
:103840000000000000000000000000000000000078
:103850000001030C00000000000000000000000058
:103860000000000000000000000000000000000058
:103870000000000000000000000000000000000048
:103880000000000000000000000000000000000038
:103890000000000000000000000000000000000028
:1038A00000000000000000000030C0000000000028
:1038B0000000000000000000000000000000000008
:1038C00000000000000000000000000000000000F8
:1038D00000000000000000000000000000000000E8
:1038E00000000000000000000000000000000000D8
:1038F00000000000000000000000000000000103C4
:103900000C000000000000000000000000000000AB
:1039100000000000000000000000000000000000A7
:103920000000000000000000000000000000000097
:103930000000000000000000000000000000000087
:103940000000000000000000000000000000000077
:1039500000000000000030C0000000000000000077
:103960000000000000000000000000000000000057
:103970000000000000000000000000000000000047
:103980000000000000000000000000000000000037
:103990000000000000000000000000000000000027
:1039A000000000000000000000000001030C000007
:1039B0000000000000000000000000000000000007
:1039C00000000000000000000000000000000000F7
:1039D00000000000000000000000000000000000E7
:1039E00000000000000000000000000000000000D7
:1039F00000000000000000000000000000000000C7
:103A000000000030C00000000000000000000000C6
:103A100000000000000000000000000000000000A6
:103A20000000000000000000000000000000000096
:103A30000000000000000000000000000000000086
:103A40000000000000000000000000000000000076
:103A5000000000000000000001030C000000000056
:103A60000000000000000000000000000000000056
:103A70000000000000000000000000000000000046
:103A80000000000000000000000000000000000036
:103A90000000000000000000000000000000000026
:103AA0000000000000000000000000000000000016
:103AB00030C0000000000000000000000000000016
:103AC00000000000000000000000000000000000F6
:103AD00000000000000000000000000000000000E6
:103AE00000000000000000000000000000000000D6
:103AF00000000000000000000000000000000000C6
:103B0000000000000001030C0000000000000000A5
:103B100000000000000000000000000000000000A5
:103B20000000000000000000000000000000000095
:103B30000000000000000000000000000000000085
:103B40000000000000000000000000000000000075
:103B50000000000000000000000000000030C00075
:103B60000000000000000000000000000000000055
:103B70000000000000000000000000000000000045
:103B80000000000000000000000000000000000035
:103B90000000000000000000000000000000000025
:103BA0000000000000000000000000000000000015
:103BB000000001030C0000000000000000000000F5
:103BC00000000000000000000000000000000000F5
:103BD00000000000000000000000000000000000E5
:103BE00000000000000000000000000000000000D5
:103BF00000000000000000000000000000000000C5
:103C00000000000000000000000030C000000000C4
:103C100000000000000000000000000000000000A4
:103C20000000000000000000000000000000000094
:103C30000000000000000000000000000000000084
:103C40000000000000000000000000000000000074
:103C50000000000000000000000000000000000163
:103C6000030C000000000000000000000000000045
:103C70000000000000000000000000000000000044
:103C80000000000000000000000000000000000034
:103C90000000000000000000000000000000000024
:103CA0000000000000000000000000000000000014
:103CB0000000000000000030C00000000000000014
:103CC00000000000000000000000000000000000F4
:103CD00000000000000000000000000000000000E4
:103CE00000000000000000000000000000000000D4
:103CF00000000000000000000000000000000000C4
:103D000000000000000000000000000001030C00A3
:103D100000000000000000000000000000000000A3
:103D20000000000000000000000000000000000093
:103D30000000000000000000000000000000000083
:103D40000000000000000000000000000000000073
:103D50000000000000000000000000000000000063
:103D60000000000030C00000000000000000000063
:103D70000000000000000000000000000000000043
:103D80000000000000000000000000000000000033
:103D90000000000000000000000000000000000023
:103DA0000000000000000000000000000000000013
:103DB00000000000000000000001030C00000000F3
:103DC00000000000000000000000000000000000F3
:103DD00000000000000000000000000000000000E3
:103DE00000000000000000000000000000000000D3
:103DF00000000000000000000000000000000000C3
:103E000000000000000000000000000000000000B2
:103E10000030C000000000000000000000000000B2
:103E20000000000000000000000000000000000092
:103E30000000000000000000000000000000000082
:103E40000000000000000000000000000000000072
:103E50000000000000000000000000000000000062
:103E600000000000000001030C0000000000000042
:103E70000000000000000000000000000000000042
:103E80000000000000000000000000000000000032
:103E90000000000000000000000000000000000022
:103EA0000000000000000000000000000000000012
:103EB000000000000000000000000000000030C012
:103EC00000000000000000000000000000000000F2
:103ED00000000000000000000000000000000000E2
:103EE00000000000000000000000000000000000D2
:103EF00000000000000000000000000000000000C2
:103F000000000000000000000000000000000000B1
:103F100000000001030C0000000000000000000091
:103F20000000000000000000000000000000000091
:103F30000000000000000000000000000000000081
:103F40000000000000000000000000000000000071
:103F50000000000000000000000000000000000061
:103F6000000000000000000000000030C000000061
:103F70000000000000000000000000000000000041
:103F80000000000000000000000000000000000031
:103F90000000000000000000000000000000000021
:103FA0000000000000000000000000000000000011
:103FB0000000000000000000000000000000000001
:103FC00001030C00000000000000000000000000E1
:103FD00000000000000000000000000000000000E1
:103FE00000000000000000000000000000000000D1
:103FF00000000000000000000000000000000000C1
:1040000000000000000000000000000000000000B0
:10401000000000000000000030C0000000000000B0
:104020000000000000000000000000000000000090
:104030000000000000000000000000000000000080
:104040000000000000000000000000000000000070
:104050000000000000000000000000000000000060
:104060000000000000000000000000000001030C40
:104070000000000000000000000000000000000040
:104080000000000000000000000000000000000030
:104090000000000000000000000000000000000020
:1040A0000000000000000000000000000000000010
:1040B0000000000000000000000000000000000000
:1040C000000000000030C000000000000000000000
:1040D00000000000000000000000000000000000E0
:1040E00000000000000000000000000000000000D0
:1040F00000000000000000000000000000000000C0
:1041000000000000000000000000000000000000AF
:104110000000000000000000000001030C0000008F
:10412000000000000000000000000000000000008F
:10413000000000000000000000000000000000007F
:10414000000000000000000000000000000000006F
:10415000000000000000000000000000000000005F
:10416000000000000000000000000000000000004F
:10417000000030C00000000000000000000000004F
:10418000000000000000000000000000000000002F
:10419000000000000000000000000000000000001F
:1041A000000000000000000000000000000000000F
:1041B00000000000000000000000000000000000FF
:1041C0000000000000000001030C000000000000DF
:1041D00000000000000000000000000000000000DF
:1041E00000000000000000000000000000000000CF
:1041F00000000000000000000000000000000000BF
:1042000000000000000000000000000000000000AE
:10421000000000000000000000000000000000306E
:10422000C0000000000000000000000000000000CE
:10423000000000000000000000000000000000007E
:10424000000000000000000000000000000000006E
:10425000000000000000000000000000000000005E
:10426000000000000000000000000000000000004E
:104270000000000001030C0000000000000000002E
:10428000000000000000000000000000000000002E
:10429000000000000000000000000000000000001E
:1042A000000000000000000000000000000000000E
:1042B00000000000000000000000000000000000FE
:1042C00000000000000000000000000030C00000FE
:1042D00000000000000000000000000000000000DE
:1042E00000000000000000000000000000000000CE
:1042F00000000000000000000000000000000000BE
:1043000000000000000000000000000000000000AD
:10431000000000000000000000000000000000009D
:104320000001030C0000000000000000000000007D
:10433000000000000000000000000000000000007D
:10434000000000000000000000000000000000006D
:10435000000000000000000000000000000000005D
:10436000000000000000000000000000000000004D
:1043700000000000000000000030C000000000004D
:10438000000000000000000000000000000000002D
:10439000000000000000000000000000000000001D
:1043A000000000000000000000000000000000000D
:1043B00000000000000000000000000000000000FD
:1043C00000000000000000000000000000000103E9
:1043D0000C000000000000000000000000000000D1
:1043E00000000000000000000000000000000000CD
:1043F00000000000000000000000000000000000BD
:1044000000000000000000000000000000000000AC
:10441000000000000000000000000000000000009C
:1044200000000000000030C000000000000000009C
:10443000000000000000000000000000000000007C
:10444000000000000000000000000000000000006C
:10445000000000000000000000000000000000005C
:10446000000000000000000000000000000000004C
:10447000000000000000000000000001030C00002C
:10448000000000000000000000000000000000002C
:10449000000000000000000000000000000000001C
:1044A000000000000000000000000000000000000C
:1044B00000000000000000000000000000000000FC
:1044C00000000000000000000000000000000000EC
:1044D0000020000062004F72008011008200000185
:1044E00003000000000000000000000000000000C9
:1044F00000000000000000000000000000000000BC
:1045000000000000000000000000000000000000AB
:10451000000000000000000000000000000000009B
:10452000000000000000000000000000000000008B
:10453000000000000000000000000000000000007B
:10454000000000000000000000000000000000006B
:10455000000000000000000000000000000000005B
:10456000000000000000000000000000000000004B
:10457000000000000000000000000000000000003B
:10458000000000000000000000000000000000002B
:10459000000000000000000000000000000000001B
:1045A000000000000000000000000000000000000B
:1045B00000000000000000000000000000000000FB
:1045C00000000000000000000000000000000000EB
:1045D00000000000000000000000000000000000DB
:1045E00000000000000000000000000000000000CB
:1045F00000000000000000000000000000000000BB
:1046000000000000000000000000000000000000AA
:10461000000000000000000000000000000000009A
:10462000000000000000000000000000000000008A
:10463000000000000000000000000000000000007A
:10464000000000000000000000000000000000006A
:10465000000000000000000000000000000000005A
:10466000000000000000000000000000000000004A
:10467000000000000000000000000000000000003A
:10468000000000000000000000000000000000002A
:10469000000000000000000000000000000000001A
:1046A000000000000000000000000000000000000A
:1046B00000000000000000000000000000000000FA
:1046C00000000000000000000000000000000000EA
:1046D00000000000000000000000000000000000DA
:1046E00000000000000000000000000000000000CA
:1046F00000000000000000000000000000000000BA
:1047000000000000000000000000000000000000A9
:104710000000000000000000000000000000000099
:104720000000000000000000000000000000000089
:104730000000000000000000000000000000000079
:104740000000000000000000000000000000000069
:104750000000000000000000000000000000000059
:104760000000000000000000000000000000000049
:104770000000000000000000000000000000000039
:104780000000000000000000000000000000000029
:104790000000000000000000000000000000000019
:1047A0000000000000000000000000000000000009
:1047B00000000000000000000000000000000000F9
:1047C00000000000000000000000000000000000E9
:1047D00000000000000000000000000000000000D9
:1047E00000000000000000000000000000000000C9
:1047F00000000000000000000000000000000000B9
:1048000000000000000000000000000000000000A8
:104810000000000000000000000000000000000098
:104820000000000000000000000000000000000088
:104830000000000000000000000000000000000078
:104840000000000000000000000000000000000068
:104850000000000000000000000000000000000058
:104860000000000000000000000000000000000048
:104870000000000000000000000000000000000038
:104880000000000000000000000000000000000028
:104890000000000000000000000000000000000018
:1048A0000000000000000000000000000000000008
:1048B00000000000000000000000000000000000F8
:1048C00000000000000000000000000000000000E8
:1048D00000000000000000000000000000000000D8
:1048E00000000000000000000000000000000000C8
:1048F00000000000000000000000000000000000B8
:1049000000000000000000000000000000000000A7
:104910000000000000000000000000000000000097
:104920000000000000000000000000000000000087
:104930000000000000000000000000000000000077
:104940000000000000000000000000000000000067
:104950000000000000000000000000000000000057
:104960000000000000000000000000000000000047
:104970000000000000000000000000000000000037
:104980000000000000000000000000000000000027
:104990000000000000000000000000000000000017
:1049A0000000000000000000000000000000000007
:1049B00000000000000000000000000000000000F7
:1049C00000000000000000000000000000000000E7
:1049D00000000000000000000000000000000000D7
:1049E00000000082008001030000000000000000C1
:1049F00000000000000000000000000000000000B7
:104A000000000000000000000000000000000000A6
:104A10000000000000000000000000000000000096
:104A20000000000000000000000000000000000086
:104A30000000000000000000000000000000000076
:104A40000000000000000000000000000000000066
:104A50000000000000000000000000000000000056
:104A60000000000000000000000000000000000046
:104A70000000000000000000000000000000000036
:104A80000000000000000000000000000000000026
:104A90000000000000000000000000000000000016
:104AA0000000000000000000000000000000000006
:104AB00000000000000000000000000000000000F6
:104AC00000000000000000000000000000000000E6
:104AD00000000000000000000000000000000000D6
:104AE00000000000000000000000000000000000C6
:104AF00000000000000000000000000000000000B6
:104B000000000000000000000000000000000000A5
:104B10000000000000000000000000000000000095
:104B20000000000000000000000000000000000085
:104B30000000000000000000000000000000000075
:104B40000000000000000000000000000000000065
:104B50000000000000000000000000000000000055
:104B60000000000000000000000000000000000045
:104B70000000000000000000000000000000000035
:104B80000000000000000000000000000000000025
:104B90000000000000000000000000000000000015
:104BA0000000000000000000000000000000000005
:104BB00000000000000000000000000000000000F5
:104BC00000000000000000000000000000000000E5
:104BD00000000000000000000000000000000000D5
:104BE00000000000000000000000000000000000C5
:104BF00000000000000000000000000000000000B5
:104C000000000000000000000000000000000000A4
:104C10000000000000000000000000000000000094
:104C20000000000000000000000000000000000084
:104C30000000000000000000000000000000000074
:104C40000000000000000000000000000000000064
:104C50000000000000000000000000000000000054
:104C60000000000000000000000000000000000044
:104C70000000000000000000000000000000000034
:104C80000000000000000000000000000000000024
:104C90000000000000000000000000000000000014
:104CA0000000000000000000000000000000000004
:104CB00000000000000000000000000000000000F4
:104CC00000000000000000000000000000000000E4
:104CD00000000000000000000000000000000000D4
:104CE00000000000000000000000000000000000C4
:104CF00000000000000000000000000000000000B4
:104D000000000000000000000000000000000000A3
:104D10000000000000000000000000000000000093
:104D20000000000000000000000000000000000083
:104D30000000000000000000000000000000000073
:104D40000000000000000000000000000000000063
:104D50000000000000000000000000000000000053
:104D60000000000000000000000000000000000043
:104D70000000000000000000000000000000000033
:104D80000000000000000000000000000000000023
:104D90000000000000000000000000000000000013
:104DA0000000000000000000000000000000000003
:104DB00000000000000000000000000000000000F3
:104DC00000000000000000000000000000000000E3
:104DD00000000000000000000000000000000000D3
:104DE00000000000000000000000000000000000C3
:104DF00000000000000000000000000000000000B3
:104E000000000000000000000000000000000000A2
:104E10000000000000000000000000000000000092
:104E20000000000000000000000000000000000082
:104E30000000000000000000000000000000000072
:104E40000000000000000000000000000000000062
:104E50000000000000000000000000000000000052
:104E60000000000000000000000000000000000042
:104E70000000000000000000000000000000000032
:104E80000000000000000000000000000000000022
:104E90000000000000000000000000000000000012
:104EA0000000000000000000000000000000000002
:104EB00000000000000000000000000000000000F2
:104EC00000000000000000000000000000000000E2
:104ED00000000000000000000000000000000000D2
:104EE000000000000000000000001101820000012D
:104EF00003000000000000000000000000000000AF
:104F000000000000000000000000000000000000A1
:104F10000000000000000000000000000000000091
:104F20000000000000000000000000000000000081
:104F30000000000000000000000000000000000071
:104F40000000000000000000000000000000000061
:104F50000000000000000000000000000000000051
:104F60000000000000000000000000000000000041
:104F70000000000000000000000000000000000031
:104F80000000000000000000000000000000000021
:104F90000000000000000000000000000000000011
:104FA0000000000000000000000000000000000001
:104FB00000000000000000000000000000000000F1
:104FC00000000000000000000000000000000000E1
:104FD00000000000000000000000000000000000D1
:104FE00000000000000000000000000000000000C1
:104FF00000000000000000000000000000000000B1
:1050000000000000000000000000000000000000A0
:105010000000000000000000000000000000000090
:105020000000000000000000000000000000000080
:105030000000000000000000000000000000000070
:105040000000000000000000000000000000000060
:105050000000000000000000000000000000000050
:105060000000000000000000000000000000000040
:105070000000000000000000000000000000000030
:105080000000000000000000000000000000000020
:105090000000000000000000000000000000000010
:1050A0000000000000000000000000000000000000
:1050B00000000000000000000000000000000000F0
:1050C00000000000000000000000000000000000E0
:1050D00000000000000000000000000000000000D0
:1050E00000000000000000000000000000000000C0
:1050F00000000000000000000000000000000000B0
:10510000000000000000000000000000000000009F
:10511000000000000000000000000000000000008F
:10512000000000000000000000000000000000007F
:10513000000000000000000000000000000000006F
:10514000000000000000000000000000000000005F
:10515000000000000000000000000000000000004F
:10516000000000000000000000000000000000003F
:10517000000000000000000000000000000000002F
:10518000000000000000000000000000000000001F
:10519000000000000000000000000000000000000F
:1051A00000000000000000000000000000000000FF
:1051B00000000000000000000000000000000000EF
:1051C00000000000000000000000000000000000DF
:1051D00000000000000000000000000000000000CF
:1051E00000000000000000000000000000000000BF
:1051F00000000000000000000000000000000000AF
:10520000000000000000000000000000000000009E
:10521000000000000000000000000000000000008E
:10522000000000000000000000000000000000007E
:10523000000000000000000000000000000000006E
:10524000000000000000000000000000000000005E
:10525000000000000000000000000000000000004E
:10526000000000000000000000000000000000003E
:10527000000000000000000000000000000000002E
:10528000000000000000000000000000000000001E
:10529000000000000000000000000000000000000E
:1052A00000000000000000000000000000000000FE
:1052B00000000000000000000000000000000000EE
:1052C00000000000000000000000000000000000DE
:1052D00000000000000000000000000000000000CE
:1052E00000000000000000000000000000000000BE
:1052F00000000000000000000000000000000000AE
:10530000000000000000000000000000000000009D
:10531000000000000000000000000000000000008D
:10532000000000000000000000000000000000007D
:10533000000000000000000000000000000000006D
:10534000000000000000000000000000000000005D
:10535000000000000000000000000000000000004D
:10536000000000000000000000000000000000003D
:10537000000000000000000000000000000000002D
:10538000000000000000000000000000000000001D
:10539000000000000000000000000000000000000D
:1053A00000000000000000000000000000000000FD
:1053B00000000000000000000000000000000000ED
:1053C00000000000000000000000000000000000DD
:1053D00000000000000000000000000000000000CD
:1053E00000000000000000000000000000000000BD
:1053F00000000082008001030000000000000000A7
:10540000000000000000000000000000000000009C
:10541000000000000000000000000000000000008C
:10542000000000000000000000000000000000007C
:10543000000000000000000000000000000000006C
:10544000000000000000000000000000000000005C
:10545000000000000000000000000000000000004C
:10546000000000000000000000000000000000003C
:10547000000000000000000000000000000000002C
:10548000000000000000000000000000000000001C
:10549000000000000000000000000000000000000C
:1054A00000000000000000000000000000000000FC
:1054B00000000000000000000000000000000000EC
:1054C00000000000000000000000000000000000DC
:1054D00000000000000000000000000000000000CC
:1054E00000000000000000000000000000000000BC
:1054F00000000000000000000000000000000000AC
:10550000000000000000000000000000000000009B
:10551000000000000000000000000000000000008B
:10552000000000000000000000000000000000007B
:10553000000000000000000000000000000000006B
:10554000000000000000000000000000000000005B
:10555000000000000000000000000000000000004B
:10556000000000000000000000000000000000003B
:10557000000000000000000000000000000000002B
:10558000000000000000000000000000000000001B
:10559000000000000000000000000000000000000B
:1055A00000000000000000000000000000000000FB
:1055B00000000000000000000000000000000000EB
:1055C00000000000000000000000000000000000DB
:1055D00000000000000000000000000000000000CB
:1055E00000000000000000000000000000000000BB
:1055F00000000000000000000000000000000000AB
:10560000000000000000000000000000000000009A
:10561000000000000000000000000000000000008A
:10562000000000000000000000000000000000007A
:10563000000000000000000000000000000000006A
:10564000000000000000000000000000000000005A
:10565000000000000000000000000000000000004A
:10566000000000000000000000000000000000003A
:10567000000000000000000000000000000000002A
:10568000000000000000000000000000000000001A
:10569000000000000000000000000000000000000A
:1056A00000000000000000000000000000000000FA
:1056B00000000000000000000000000000000000EA
:1056C00000000000000000000000000000000000DA
:1056D00000000000000000000000000000000000CA
:1056E00000000000000000000000000000000000BA
:1056F00000000000000000000000000000000000AA
:105700000000000000000000000000000000000099
:105710000000000000000000000000000000000089
:105720000000000000000000000000000000000079
:105730000000000000000000000000000000000069
:105740000000000000000000000000000000000059
:105750000000000000000000000000000000000049
:105760000000000000000000000000000000000039
:105770000000000000000000000000000000000029
:105780000000000000000000000000000000000019
:105790000000000000000000000000000000000009
:1057A00000000000000000000000000000000000F9
:1057B00000000000000000000000000000000000E9
:1057C00000000000000000000000000000000000D9
:1057D00000000000000000000000000000000000C9
:1057E00000000000000000000000000000000000B9
:1057F00000000000000000000000000000000000A9
:105800000000000000000000000000000000000098
:105810000000000000000000000000000000000088
:105820000000000000000000000000000000000078
:105830000000000000000000000000000000000068
:105840000000000000000000000000000000000058
:105850000000000000000000000000000000000048
:105860000000000000000000000000000000000038
:105870000000000000000000000000000000000028
:105880000000000000000000000000000000000018
:105890000000000000000000000000000000000008
:1058A00000000000000000000000000000000000F8
:1058B00000000000000000000000000000000000E8
:1058C00000000000000000000000000000000000D8
:1058D00000000000000000000000000000000000C8
:1058E00000000000000000000000000000000000B8
:1058F0000000000000000000000011028200000112
:1059000003B0EF0E4000000000000090BBBDB200ED
:10591000000000000040671F810000000000000040
:10592000006F37000000000000B0EF0E40000000E4
:1059300000000090BBBDB200000000000040671FE7
:105940008100000000000000006F37000000000030
:1059500000B0EF0E4000000000000090BBBDB200A0
:10596000000000000040671F8100000000000000F0
:10597000006F37000000000000B0EF0E4000000094
:1059800000000090BBBDB200000000000040671F97
:105990008100000000000000006F370000000000E0
:1059A00000B0EF0E4000000000000090BBBDB20050
:1059B000000000000040671F8100000000000000A0
:1059C000006F37000000000000B0EF0E4000000044
:1059D00000000090BBBDB200000000000040671F47
:1059E0008100000000000000006F37000000000090
:1059F00000B0EF0E4000000000000090BBBDB20000
:105A0000000000000040671F81000000000000004F
:105A1000006F37000000000000B0EF0E40000000F3
:105A200000000090BBBDB200000000000040671FF6
:105A30008100000000000000006F3700000000003F
:105A400000B0EF0E4000000000000090BBBDB200AF
:105A5000000000000040671F8100000000000000FF
:105A6000006F37000000000000B0EF0E40000000A3
:105A700000000090BBBDB200000000000040671FA6
:105A80008100000000000000006F370000000000EF
:105A900000B0EF0E4000000000000090BBBDB2005F
:105AA000000000000040671F8100000000000000AF
:105AB000006F37000000000000B0EF0E4000000053
:105AC00000000090BBBDB200000000000040671F56
:105AD0008100000000000000006F3700000000009F
:105AE00000B0EF0E4000000000000090BBBDB2000F
:105AF000000000000040671F81000000000000005F
:105B0000006F37000000000000B0EF0E4000000002
:105B100000000090BBBDB200000000000040671F05
:105B20008100000000000000006F3700000000004E
:105B300000B0EF0E4000000000000090BBBDB200BE
:105B4000000000000040671F81000000000000000E
:105B5000006F37000000000000B0EF0E40000000B2
:105B600000000090BBBDB200000000000040671FB5
:105B70008100000000000000006F370000000000FE
:105B800000B0EF0E4000000000000090BBBDB2006E
:105B9000000000000040671F8100000000000000BE
:105BA000006F37000000000000B0EF0E4000000062
:105BB00000000090BBBDB200000000000040671F65
:105BC0008100000000000000006F370000000000AE
:105BD00000B0EF0E4000000000000090BBBDB2001E
:105BE000000000000040671F81000000000000006E
:105BF000006F37000000000000B0EF0E4000000012
:105C000000000090BBBDB200000000000040671F14
:105C10008100000000000000006F3700000000005D
:105C200000B0EF0E4000000000000090BBBDB200CD
:105C3000000000000040671F81000000000000001D
:105C4000006F37000000000000B0EF0E40000000C1
:105C500000000090BBBDB200000000000040671FC4
:105C60008100000000000000006F3700000000000D
:105C700000B0EF0E4000000000000090BBBDB2007D
:105C8000000000000040671F8100000000000000CD
:105C9000006F37000000000000B0EF0E4000000071
:105CA00000000090BBBDB200000000000040671F74
:105CB0008100000000000000006F370000000000BD
:105CC00000B0EF0E4000000000000090BBBDB2002D
:105CD000000000000040671F81000000000000007D
:105CE000006F37000000000000B0EF0E4000000021
:105CF00000000090BBBDB200000000000040671F24
:105D00008100000000000000006F3700000000006C
:105D100000B0EF0E4000000000000090BBBDB200DC
:105D2000000000000040671F81000000000000002C
:105D3000006F37000000000000B0EF0E40000000D0
:105D400000000090BBBDB200000000000040671FD3
:105D50008100000000000000006F3700000000001C
:105D600000B0EF0E4000000000000090BBBDB2008C
:105D7000000000000040671F8100000000000000DC
:105D8000006F37000000000000B0EF0E4000000080
:105D900000000090BBBDB200000000000040671F83
:105DA0008100000000000000006F370000000000CC
:105DB00000B0EF0E4000000000000090BBBDB2003C
:105DC000000000000040671F81000000000000008C
:105DD000006F37000000000000B0EF0E4000000030
:105DE00000000090BBBDB200000000000040671F33
:105DF0008100000000000000006F3700000000007C
:105E0000000000820080010300000000000000008C
:105E10000000000000000000000000000000000082
:105E20000000000000000000000000000000000072
:105E30000000000000000000000000000000000062
:105E40000000000000000000000000000000000052
:105E50000000000000000000000000000000000042
:105E60000000000000000000000000000000000032
:105E70000000000000000000000000000000000022
:105E80000000000000000000000000000000000012
:105E90000000000000000000000000000000000002
:105EA00000000000000000000000000000000000F2
:105EB00000000000000000000000000000000000E2
:105EC00000000000000000000000000000000000D2
:105ED00000000000000000000000000000000000C2
:105EE00000000000000000000000000000000000B2
:105EF00000000000000000000000000000000000A2
:105F00000000000000000000000000000000000091
:105F10000000000000000000000000000000000081
:105F20000000000000000000000000000000000071
:105F30000000000000000000000000000000000061
:105F40000000000000000000000000000000000051
:105F50000000000000000000000000000000000041
:105F60000000000000000000000000000000000031
:105F70000000000000000000000000000000000021
:105F80000000000000000000000000000000000011
:105F90000000000000000000000000000000000001
:105FA00000000000000000000000000000000000F1
:105FB00000000000000000000000000000000000E1
:105FC00000000000000000000000000000000000D1
:105FD00000000000000000000000000000000000C1
:105FE00000000000000000000000000000000000B1
:105FF00000000000000000000000000000000000A1
:106000000000000000000000000000000000000090
:106010000000000000000000000000000000000080
:106020000000000000000000000000000000000070
:106030000000000000000000000000000000000060
:106040000000000000000000000000000000000050
:106050000000000000000000000000000000000040
:106060000000000000000000000000000000000030
:106070000000000000000000000000000000000020
:106080000000000000000000000000000000000010
:106090000000000000000000000000000000000000
:1060A00000000000000000000000000000000000F0
:1060B00000000000000000000000000000000000E0
:1060C00000000000000000000000000000000000D0
:1060D00000000000000000000000000000000000C0
:1060E00000000000000000000000000000000000B0
:1060F00000000000000000000000000000000000A0
:10610000000000000000000000000000000000008F
:10611000000000000000000000000000000000007F
:10612000000000000000000000000000000000006F
:10613000000000000000000000000000000000005F
:10614000000000000000000000000000000000004F
:10615000000000000000000000000000000000003F
:10616000000000000000000000000000000000002F
:10617000000000000000000000000000000000001F
:10618000000000000000000000000000000000000F
:1061900000000000000000000000000000000000FF
:1061A00000000000000000000000000000000000EF
:1061B00000000000000000000000000000000000DF
:1061C00000000000000000000000000000000000CF
:1061D00000000000000000000000000000000000BF
:1061E00000000000000000000000000000000000AF
:1061F000000000000000000000000000000000009F
:10620000000000000000000000000000000000008E
:10621000000000000000000000000000000000007E
:10622000000000000000000000000000000000006E
:10623000000000000000000000000000000000005E
:10624000000000000000000000000000000000004E
:10625000000000000000000000000000000000003E
:10626000000000000000000000000000000000002E
:10627000000000000000000000000000000000001E
:10628000000000000000000000000000000000000E
:1062900000000000000000000000000000000000FE
:1062A00000000000000000000000000000000000EE
:1062B00000000000000000000000000000000000DE
:1062C00000000000000000000000000000000000CE
:1062D00000000000000000000000000000000000BE
:1062E00000000000000000000000000000000000AE
:1062F000000000000000000000000000000000009E
:1063000000000000000000000000110382000001F6
:10631000030000000000000000000000000000007A
:10632000000000000000000000000000000000006D
:10633000000000000000000000000000000000005D
:10634000000000000000000000000000000000004D
:10635000000000000000000000000000000000003D
:10636000000000000000000000000000000000002D
:10637000000000000000000000000000000000001D
:10638000000000000000000000000000000000000D
:1063900000000000000000000000000000000000FD
:1063A00000000000000000000000000000000000ED
:1063B00000000000000000000000000000000000DD
:1063C00000000000000000000000000000000000CD
:1063D00000000000000000000000000000000000BD
:1063E00000000000000000000000000000000000AD
:1063F000000000000000000000000000000000009D
:10640000000000000000000000000000000000008C
:10641000000000000000000000000000000000007C
:10642000000000000000000000000000000000006C
:10643000000000000000000000000000000000005C
:10644000000000000000000000000000000000004C
:10645000000000000000000000000000000000003C
:10646000000000000000000000000000000000002C
:10647000000000000000000000000000000000001C
:10648000000000000000000000000000000000000C
:1064900000000000000000000000000000000000FC
:1064A00000000000000000000000000000000000EC
:1064B00000000000000000000000000000000000DC
:1064C00000000000000000000000000000000000CC
:1064D00000000000000000000000000000000000BC
:1064E00000000000000000000000000000000000AC
:1064F000000000000000000000000000000000009C
:10650000000000000000000000000000000000008B
:10651000000000000000000000000000000000007B
:10652000000000000000000000000000000000006B
:10653000000000000000000000000000000000005B
:10654000000000000000000000000000000000004B
:10655000000000000000000000000000000000003B
:10656000000000000000000000000000000000002B
:10657000000000000000000000000000000000001B
:10658000000000000000000000000000000000000B
:1065900000000000000000000000000000000000FB
:1065A00000000000000000000000000000000000EB
:1065B00000000000000000000000000000000000DB
:1065C00000000000000000000000000000000000CB
:1065D00000000000000000000000000000000000BB
:1065E00000000000000000000000000000000000AB
:1065F000000000000000000000000000000000009B
:10660000000000000000000000000000000000008A
:10661000000000000000000000000000000000007A
:10662000000000000000000000000000000000006A
:10663000000000000000000000000000000000005A
:10664000000000000000000000000000000000004A
:10665000000000000000000000000000000000003A
:10666000000000000000000000000000000000002A
:10667000000000000000000000000000000000001A
:10668000000000000000000000000000000000000A
:1066900000000000000000000000000000000000FA
:1066A00000000000000000000000000000000000EA
:1066B00000000000000000000000000000000000DA
:1066C00000000000000000000000000000000000CA
:1066D00000000000000000000000000000000000BA
:1066E00000000000000000000000000000000000AA
:1066F000000000000000000000000000000000009A
:106700000000000000000000000000000000000089
:106710000000000000000000000000000000000079
:106720000000000000000000000000000000000069
:106730000000000000000000000000000000000059
:106740000000000000000000000000000000000049
:106750000000000000000000000000000000000039
:106760000000000000000000000000000000000029
:106770000000000000000000000000000000000019
:106780000000000000000000000000000000000009
:1067900000000000000000000000000000000000F9
:1067A00000000000000000000000000000000000E9
:1067B00000000000000000000000000000000000D9
:1067C00000000000000000000000000000000000C9
:1067D00000000000000000000000000000000000B9
:1067E00000000000000000000000000000000000A9
:1067F0000000000000000000000000000000000099
:106800000000000000000000000000000000000088
:106810000000008200800103000000000000000072
:106820000000000000000000000000000000000068
:106830000000000000000000000000000000000058
:106840000000000000000000000000000000000048
:106850000000000000000000000000000000000038
:106860000000000000000000000000000000000028
:106870000000000000000000000000000000000018
:106880000000000000000000000000000000000008
:1068900000000000000000000000000000000000F8
:1068A00000000000000000000000000000000000E8
:1068B00000000000000000000000000000000000D8
:1068C00000000000000000000000000000000000C8
:1068D00000000000000000000000000000000000B8
:1068E00000000000000000000000000000000000A8
:1068F0000000000000000000000000000000000098
:106900000000000000000000000000000000000087
:106910000000000000000000000000000000000077
:106920000000000000000000000000000000000067
:106930000000000000000000000000000000000057
:106940000000000000000000000000000000000047
:106950000000000000000000000000000000000037
:106960000000000000000000000000000000000027
:106970000000000000000000000000000000000017
:106980000000000000000000000000000000000007
:1069900000000000000000000000000000000000F7
:1069A00000000000000000000000000000000000E7
:1069B00000000000000000000000000000000000D7
:1069C00000000000000000000000000000000000C7
:1069D00000000000000000000000000000000000B7
:1069E00000000000000000000000000000000000A7
:1069F0000000000000000000000000000000000097
:106A00000000000000000000000000000000000086
:106A10000000000000000000000000000000000076
:106A20000000000000000000000000000000000066
:106A30000000000000000000000000000000000056
:106A40000000000000000000000000000000000046
:106A50000000000000000000000000000000000036
:106A60000000000000000000000000000000000026
:106A70000000000000000000000000000000000016
:106A80000000000000000000000000000000000006
:106A900000000000000000000000000000000000F6
:106AA00000000000000000000000000000000000E6
:106AB00000000000000000000000000000000000D6
:106AC00000000000000000000000000000000000C6
:106AD00000000000000000000000000000000000B6
:106AE00000000000000000000000000000000000A6
:106AF0000000000000000000000000000000000096
:106B00000000000000000000000000000000000085
:106B10000000000000000000000000000000000075
:106B20000000000000000000000000000000000065
:106B30000000000000000000000000000000000055
:106B40000000000000000000000000000000000045
:106B50000000000000000000000000000000000035
:106B60000000000000000000000000000000000025
:106B70000000000000000000000000000000000015
:106B80000000000000000000000000000000000005
:106B900000000000000000000000000000000000F5
:106BA00000000000000000000000000000000000E5
:106BB00000000000000000000000000000000000D5
:106BC00000000000000000000000000000000000C5
:106BD00000000000000000000000000000000000B5
:106BE00000000000000000000000000000000000A5
:106BF0000000000000000000000000000000000095
:106C00000000000000000000000000000000000084
:106C10000000000000000000000000000000000074
:106C20000000000000000000000000000000000064
:106C30000000000000000000000000000000000054
:106C40000000000000000000000000000000000044
:106C50000000000000000000000000000000000034
:106C60000000000000000000000000000000000024
:106C70000000000000000000000000000000000014
:106C80000000000000000000000000000000000004
:106C900000000000000000000000000000000000F4
:106CA00000000000000000000000000000000000E4
:106CB00000000000000000000000000000000000D4
:106CC00000000000000000000000000000000000C4
:106CD00000000000000000000000000000000000B4
:106CE00000000000000000000000000000000000A4
:106CF0000000000000000000000000000000000094
:106D00000000000000000000000000000000000083
:106D100000000000000000000000223EE00106002C
:106D20000000000001020304000000000000000059
:106D300001020304060708090006101600061016D3
:106D40007951000899510008C951000849520008BA
:046D5000C95200081C
:086D54009CE6FE7F0100000037
:046D5C0051020008D8
:046D60002D020008F8
:106D64000024F400010000001000000001000000F5
:106D7400000000000000000000000000000000000F
:106D840000000000000000000000000000000000FF
:106D940000000000000000000000000000000000EF
:106DA40000000000000000000000000000000000DF
:106DB40000000000000000000000000000000000CF
:106DC40000000000000000000000000000000000BF
:106DD40000000000000000000000000000000000AF
:106DE400000000000000000000000000000000009F
:106DF400000000000000000000000000000000008F
:106E0400000000000000000000000000000000007E
:106E1400000000000000000000000000000000006E
:106E2400000000000000000000000000000000005E
:106E3400000000000000000000000000000000004E
:106E4400000000000000000000000000000000003E
:106E5400000000000000000000000000000000002E
:106E6400000000000000000000000000000000001E
:106E7400000000000000000000000000000000000E
:106E840000000000000000000000000000000000FE
:106E940000000000000000000000000000000000EE
:106EA40000000000000000000000000000000000DE
:0400000508000DDD05
:00000001FF
