$version Generated by VerilatedVcd $end
$timescale 1ps $end
 $scope module tb $end
  $var wire 1 5 clk $end
  $var wire 1 6 cs $end
  $var wire 1 7 phy_clk_t $end
  $var wire 2 8 ctl_t [1:0] $end
  $var wire 2 9 phy_data_t [1:0] $end
  $var wire 1 G empty_t $end
  $var wire 1 ( hf_t $end
  $var wire 6 H phy_data_pad_t [5:0] $end
  $var wire 1 : first_read_t $end
  $var wire 32 I i [31:0] $end
  $scope module uut $end
   $var wire 1 5 quad_spi_clk $end
   $var wire 1 6 quad_spi_cs $end
   $var wire 4 ; quad_spi_data [3:0] $end
   $var wire 1 7 phy_clk $end
   $var wire 1 J phy_rst $end
   $var wire 1 J phy_lreq $end
   $var wire 2 8 phy_ctl [1:0] $end
   $var wire 8 < phy_data [7:0] $end
   $var wire 1 J fifo_full $end
   $var wire 1 ( fifo_half_full $end
   $var wire 1 G fifo_empty $end
   $var wire 3 " led [2:0] $end
   $var wire 1 K error_status $end
   $var wire 1 = qspi_data_ready $end
   $var wire 4 > qspi_tx_data [3:0] $end
   $var wire 1 ? phy_data_available $end
   $var wire 1 ) dv_data_available $end
   $var wire 4 @ phy_rx_data [3:0] $end
   $var wire 4 * dv_rx_data [3:0] $end
   $var wire 1 0 phy_receiving $end
   $var wire 1 A phy_status $end
   $scope module b $end
    $var wire 1 7 clk $end
    $var wire 1 # led1 $end
    $var wire 1 $ led2 $end
    $var wire 1 % led3 $end
    $var wire 32 L BITS [31:0] $end
    $var wire 32 M LOG2DELAY [31:0] $end
    $var wire 28 & counter [27:0] $end
    $var wire 3 ' outcnt [2:0] $end
   $upscope $end
   $scope module dv $end
    $var wire 1 J rst_i $end
    $var wire 1 7 phy_clk_i $end
    $var wire 1 A status_state_i $end
    $var wire 1 0 receive_state_i $end
    $var wire 4 @ data_i [3:0] $end
    $var wire 4 * data_o [3:0] $end
    $var wire 1 ? data_strobe_i $end
    $var wire 1 ) data_strobe_o $end
    $var wire 5 1 headerNybbleCounter [4:0] $end
    $var wire 5 2 firstEightByteIgnoreCounter [4:0] $end
    $var wire 17 3 dataNybbleCounter [16:0] $end
    $var wire 1 + status_state_reg $end
    $var wire 1 4 ignore $end
   $upscope $end
   $scope module fifo $end
    $var wire 32 N ADDRESS_WIDTH [31:0] $end
    $var wire 32 O DATA_WIDTH [31:0] $end
    $var wire 1 7 write_clk_i $end
    $var wire 1 ) write_en_i $end
    $var wire 4 * data_in_i [3:0] $end
    $var wire 1 5 read_clk_i $end
    $var wire 1 = read_en_i $end
    $var wire 4 > data_out_o [3:0] $end
    $var wire 1 J fifo_full_o $end
    $var wire 1 ( fifo_half_full_o $end
    $var wire 1 J fifo_empty_o $end
    $var wire 12 , write_addr [11:0] $end
    $var wire 12 B read_addr [11:0] $end
    $var wire 1 - write_addr_2nd_msb $end
    $var wire 1 . fifo_half_full_edge $end
    $var wire 4 / pulseCounter [3:0] $end
    $var wire 32 C i [31:0] $end
   $upscope $end
   $scope module firewire $end
    $var wire 1 J rst_i $end
    $var wire 1 7 phy_clk_i $end
    $var wire 2 8 phy_ctl_i [1:0] $end
    $var wire 2 9 phy_data_i [1:0] $end
    $var wire 4 @ data_o [3:0] $end
    $var wire 1 ? data_strobe_o $end
    $var wire 1 0 receive_state_o $end
    $var wire 1 A status_state_o $end
    $var wire 2 P CTL_IDLE [1:0] $end
    $var wire 2 Q CTL_STATUS [1:0] $end
    $var wire 2 R CTL_RECEIVE [1:0] $end
    $var wire 2 P SPEED_CODE_S100 [1:0] $end
    $var wire 4 D data_shift [3:0] $end
    $var wire 1 E data_strobe_temp $end
    $var wire 1 0 receiving_data $end
   $upscope $end
   $scope module quad_spi $end
    $var wire 1 5 qspi_sclk_i $end
    $var wire 1 6 qspi_cs_i $end
    $var wire 4 ; qspi_data_io [3:0] $end
    $var wire 1 = data_fetch_o $end
    $var wire 4 > data_in_i [3:0] $end
    $var wire 2 P IDLE [1:0] $end
    $var wire 2 R TRANSMIT_DATA [1:0] $end
    $var wire 2 F qspi_state [1:0] $end
   $upscope $end
  $upscope $end
 $upscope $end
$enddefinitions $end


#0
b000 "
0#
0$
0%
b0000000000000000000000000000 &
b000 '
0(
0)
b0000 *
0+
b000000000000 ,
0-
0.
b0000 /
00
b10000 1
b10000 2
b00000000000000000 3
04
05
06
07
b00 8
b00 9
1:
b0000 ;
b00000000 <
0=
b0000 >
0?
b0000 @
0A
b000000000000 B
b00000000000000000000000100000000 C
b0000 D
0E
b00 F
0G
b000000 H
b00000000000000000000000000000000 I
0J
1K
b00000000000000000000000000000011 L
b00000000000000000000000000011001 M
b00000000000000000000000000001011 N
b00000000000000000000000000000100 O
b00 P
b10 Q
b01 R
#10000
b0000000000000000000000000001 &
15
17
#20000
05
07
1=
b01 F
#30000
b0000000000000000000000000010 &
15
17
b01 8
b11 9
b00000011 <
#40000
05
07
b000000000001 B
#50000
b0000000000000000000000000011 &
15
17
#60000
05
07
b000000000010 B
#70000
b0000000000000000000000000100 &
15
17
#80000
05
07
b000000000011 B
#90000
b0000000000000000000000000101 &
15
17
#100000
05
07
b0001 ;
b0001 >
b000000000100 B
#110000
b0000000000000000000000000110 &
15
17
b00 9
b00000000 <
#120000
10
05
07
b0000 ;
b0000 >
b000000000101 B
#130000
b0000000000000000000000000111 &
15
17
b11 9
b00000011 <
#140000
05
07
b0010 ;
b0010 >
b000000000110 B
b0011 D
1E
#150000
b0000000000000000000000001000 &
15
17
#160000
05
07
b0000 ;
b0000 >
1?
b1111 @
b000000000111 B
b1111 D
0E
#170000
b0000000000000000000000001001 &
15
17
#180000
b01111 1
b00000000000011110 3
05
07
b0011 ;
b0011 >
0?
b0000 @
b000000001000 B
1E
#190000
b0000000000000000000000001010 &
15
17
#200000
05
07
b0000 ;
b0000 >
1?
b1111 @
b000000001001 B
0E
#210000
b0000000000000000000000001011 &
15
17
#220000
b01110 1
b00000000111111110 3
05
07
b0100 ;
b0100 >
0?
b0000 @
b000000001010 B
1E
#230000
b0000000000000000000000001100 &
15
17
#240000
05
07
b0000 ;
b0000 >
1?
b1111 @
b000000001011 B
0E
#250000
b0000000000000000000000001101 &
15
17
#260000
b01101 1
b00001111111111110 3
05
07
b0101 ;
b0101 >
0?
b0000 @
b000000001100 B
1E
#270000
b0000000000000000000000001110 &
15
17
#280000
05
07
b0000 ;
b0000 >
1?
b1111 @
b000000001101 B
0E
#290000
b0000000000000000000000001111 &
15
17
#300000
b01100 1
b11111111111111110 3
05
07
b0110 ;
b0110 >
0?
b0000 @
b000000001110 B
1E
#310000
b0000000000000000000000010000 &
15
17
#320000
05
07
b0000 ;
b0000 >
1?
b1111 @
b000000001111 B
0E
#330000
b0000000000000000000000010001 &
15
17
#340000
b01011 1
14
05
07
b0111 ;
b0111 >
0?
b0000 @
b000000010000 B
1E
#350000
b0000000000000000000000010010 &
15
17
#360000
05
07
b0000 ;
b0000 >
1?
b1111 @
b000000010001 B
0E
#370000
b0000000000000000000000010011 &
15
17
#380000
b01010 1
05
07
b1000 ;
b1000 >
0?
b0000 @
b000000010010 B
1E
#390000
b0000000000000000000000010100 &
15
17
#400000
05
07
b0000 ;
b0000 >
1?
b1111 @
b000000010011 B
0E
#410000
b0000000000000000000000010101 &
15
17
#420000
b01001 1
05
07
b1001 ;
b1001 >
0?
b0000 @
b000000010100 B
1E
#430000
b0000000000000000000000010110 &
15
17
#440000
05
07
b0000 ;
b0000 >
1?
b1111 @
b000000010101 B
0E
#450000
b0000000000000000000000010111 &
15
17
#460000
b01000 1
05
07
b1010 ;
b1010 >
0?
b0000 @
b000000010110 B
1E
#470000
b0000000000000000000000011000 &
15
17
#480000
05
07
b0000 ;
b0000 >
1?
b1111 @
b000000010111 B
0E
#490000
b0000000000000000000000011001 &
15
17
#500000
b00111 1
05
07
b1011 ;
b1011 >
0?
b0000 @
b000000011000 B
1E
#510000
b0000000000000000000000011010 &
15
17
#520000
05
07
b0000 ;
b0000 >
1?
b1111 @
b000000011001 B
0E
#530000
b0000000000000000000000011011 &
15
17
#540000
b00110 1
05
07
b1100 ;
b1100 >
0?
b0000 @
b000000011010 B
1E
#550000
b0000000000000000000000011100 &
15
17
#560000
05
07
b0000 ;
b0000 >
1?
b1111 @
b000000011011 B
0E
#570000
b0000000000000000000000011101 &
15
17
#580000
b00101 1
05
07
b1101 ;
b1101 >
0?
b0000 @
b000000011100 B
1E
#590000
b0000000000000000000000011110 &
15
17
#600000
05
07
b0000 ;
b0000 >
1?
b1111 @
b000000011101 B
0E
#610000
b0000000000000000000000011111 &
15
17
#620000
b00100 1
05
07
b1110 ;
b1110 >
0?
b0000 @
b000000011110 B
1E
#630000
b0000000000000000000000100000 &
15
17
#640000
05
07
b0000 ;
b0000 >
1?
b1111 @
b000000011111 B
0E
#650000
b0000000000000000000000100001 &
15
17
#660000
b00011 1
05
07
b1111 ;
b1111 >
0?
b0000 @
b000000100000 B
1E
#670000
b0000000000000000000000100010 &
15
17
#680000
05
07
b0001 ;
b0001 >
1?
b1111 @
b000000100001 B
0E
#690000
b0000000000000000000000100011 &
15
17
#700000
b00010 1
05
07
b0000 ;
b0000 >
0?
b0000 @
b000000100010 B
1E
#710000
b0000000000000000000000100100 &
15
17
#720000
05
07
b0001 ;
b0001 >
1?
b1111 @
b000000100011 B
0E
#730000
b0000000000000000000000100101 &
15
17
#740000
b00001 1
05
07
0?
b0000 @
b000000100100 B
1E
#750000
b0000000000000000000000100110 &
15
17
#760000
05
07
1?
b1111 @
b000000100101 B
0E
#770000
b0000000000000000000000100111 &
15
17
#780000
b00000 1
05
07
b0010 ;
b0010 >
0?
b0000 @
b000000100110 B
1E
#790000
b0000000000000000000000101000 &
15
17
#800000
05
07
b0001 ;
b0001 >
1?
b1111 @
b000000100111 B
0E
#810000
b0000000000000000000000101001 &
15
17
#820000
b01111 2
b11111111111111101 3
05
07
b0011 ;
b0011 >
0?
b0000 @
b000000101000 B
1E
#830000
b0000000000000000000000101010 &
15
17
#840000
05
07
b0001 ;
b0001 >
1?
b1111 @
b000000101001 B
0E
#850000
b0000000000000000000000101011 &
15
17
#860000
b01110 2
b11111111111111100 3
05
07
b0100 ;
b0100 >
0?
b0000 @
b000000101010 B
1E
#870000
b0000000000000000000000101100 &
15
17
#880000
05
07
b0001 ;
b0001 >
1?
b1111 @
b000000101011 B
0E
#890000
b0000000000000000000000101101 &
15
17
#900000
b01101 2
b11111111111111011 3
05
07
b0101 ;
b0101 >
0?
b0000 @
b000000101100 B
1E
#910000
b0000000000000000000000101110 &
15
17
#920000
05
07
b0001 ;
b0001 >
1?
b1111 @
b000000101101 B
0E
#930000
b0000000000000000000000101111 &
15
17
#940000
b01100 2
b11111111111111010 3
05
07
b0110 ;
b0110 >
0?
b0000 @
b000000101110 B
1E
#950000
b0000000000000000000000110000 &
15
17
#960000
05
07
b0001 ;
b0001 >
1?
b1111 @
b000000101111 B
0E
#970000
b0000000000000000000000110001 &
15
17
#980000
b01011 2
b11111111111111001 3
05
07
b0111 ;
b0111 >
0?
b0000 @
b000000110000 B
1E
#990000
b0000000000000000000000110010 &
15
17
#1000000
05
07
b0001 ;
b0001 >
1?
b1111 @
b000000110001 B
0E
#1010000
b0000000000000000000000110011 &
15
17
#1020000
b01010 2
b11111111111111000 3
05
07
b1000 ;
b1000 >
0?
b0000 @
b000000110010 B
1E
#1030000
b0000000000000000000000110100 &
15
17
#1040000
05
07
b0001 ;
b0001 >
1?
b1111 @
b000000110011 B
0E
#1050000
b0000000000000000000000110101 &
15
17
#1060000
b01001 2
b11111111111110111 3
05
07
b1001 ;
b1001 >
0?
b0000 @
b000000110100 B
1E
#1070000
b0000000000000000000000110110 &
15
17
b10 9
b00000010 <
#1080000
05
07
b0001 ;
b0001 >
1?
b1101 @
b000000110101 B
b1101 D
0E
#1090000
b0000000000000000000000110111 &
15
17
#1100000
b01000 2
b11111111111110110 3
05
07
b1010 ;
b1010 >
0?
b0000 @
b000000110110 B
b0101 D
1E
#1110000
b0000000000000000000000111000 &
15
17
#1120000
05
07
b0001 ;
b0001 >
1?
b0101 @
b000000110111 B
0E
#1130000
b0000000000000000000000111001 &
15
17
#1140000
b00111 2
b11111111111110101 3
05
07
b1011 ;
b1011 >
0?
b0000 @
b000000111000 B
1E
#1150000
b0000000000000000000000111010 &
15
17
#1160000
05
07
b0001 ;
b0001 >
1?
b0101 @
b000000111001 B
0E
#1170000
b0000000000000000000000111011 &
15
17
#1180000
b00110 2
b11111111111110100 3
05
07
b1100 ;
b1100 >
0?
b0000 @
b000000111010 B
1E
#1190000
b0000000000000000000000111100 &
15
17
#1200000
05
07
b0001 ;
b0001 >
1?
b0101 @
b000000111011 B
0E
#1210000
b0000000000000000000000111101 &
15
17
#1220000
b00101 2
b11111111111110011 3
05
07
b1101 ;
b1101 >
0?
b0000 @
b000000111100 B
1E
#1230000
b0000000000000000000000111110 &
15
17
#1240000
05
07
b0001 ;
b0001 >
1?
b0101 @
b000000111101 B
0E
#1250000
b0000000000000000000000111111 &
15
17
#1260000
b00100 2
b11111111111110010 3
05
07
b1110 ;
b1110 >
0?
b0000 @
b000000111110 B
1E
#1270000
b0000000000000000000001000000 &
15
17
#1280000
05
07
b0001 ;
b0001 >
1?
b0101 @
b000000111111 B
0E
#1290000
b0000000000000000000001000001 &
15
17
#1300000
b00011 2
b11111111111110001 3
05
07
b1111 ;
b1111 >
0?
b0000 @
b000001000000 B
1E
#1310000
b0000000000000000000001000010 &
15
17
#1320000
05
07
b0010 ;
b0010 >
1?
b0101 @
b000001000001 B
0E
#1330000
b0000000000000000000001000011 &
15
17
#1340000
b00010 2
b11111111111110000 3
05
07
b0000 ;
b0000 >
0?
b0000 @
b000001000010 B
1E
#1350000
b0000000000000000000001000100 &
15
17
#1360000
05
07
b0010 ;
b0010 >
1?
b0101 @
b000001000011 B
0E
#1370000
b0000000000000000000001000101 &
15
17
#1380000
b00001 2
b11111111111101111 3
05
07
b0001 ;
b0001 >
0?
b0000 @
b000001000100 B
1E
#1390000
b0000000000000000000001000110 &
15
17
b00 8
#1400000
00
05
07
b0010 ;
b0010 >
1?
b000001000101 B
b0000 D
0E
#1410000
b0000000000000000000001000111 &
15
17
#1420000
b10000 1
b10000 2
b00000000000000000 3
04
05
07
0?
b000001000110 B
#1430000
b0000000000000000000001001000 &
15
17
#1440000
05
07
b000001000111 B
#1450000
b0000000000000000000001001001 &
15
17
#1460000
05
07
b0011 ;
b0011 >
b000001001000 B
#1470000
b0000000000000000000001001010 &
15
17
#1480000
05
07
b0010 ;
b0010 >
b000001001001 B
#1490000
b0000000000000000000001001011 &
15
17
#1500000
05
07
b0100 ;
b0100 >
b000001001010 B
#1510000
b0000000000000000000001001100 &
15
17
#1520000
05
07
b0010 ;
b0010 >
b000001001011 B
#1530000
b0000000000000000000001001101 &
15
17
#1540000
05
07
b0101 ;
b0101 >
b000001001100 B
#1550000
b0000000000000000000001001110 &
15
17
#1560000
05
07
b0010 ;
b0010 >
b000001001101 B
#1570000
b0000000000000000000001001111 &
15
17
#1580000
05
07
b0110 ;
b0110 >
b000001001110 B
#1590000
b0000000000000000000001010000 &
15
17
b01 8
b11 9
b00000011 <
#1600000
05
07
b0010 ;
b0010 >
b000001001111 B
#1610000
b0000000000000000000001010001 &
15
17
#1620000
05
07
b0111 ;
b0111 >
b000001010000 B
#1630000
b0000000000000000000001010010 &
15
17
#1640000
05
07
b0010 ;
b0010 >
b000001010001 B
#1650000
b0000000000000000000001010011 &
15
17
#1660000
05
07
b1000 ;
b1000 >
b000001010010 B
#1670000
b0000000000000000000001010100 &
15
17
b00 9
b00000000 <
#1680000
10
05
07
b0010 ;
b0010 >
b000001010011 B
#1690000
b0000000000000000000001010101 &
15
17
#1700000
05
07
b1001 ;
b1001 >
b000001010100 B
1E
#1710000
b0000000000000000000001010110 &
15
17
#1720000
05
07
b0010 ;
b0010 >
1?
b000001010101 B
0E
#1730000
b0000000000000000000001010111 &
15
17
#1740000
b01111 1
05
07
b1010 ;
b1010 >
0?
b000001010110 B
1E
#1750000
b0000000000000000000001011000 &
15
17
#1760000
05
07
b0010 ;
b0010 >
1?
b000001010111 B
0E
#1770000
b0000000000000000000001011001 &
15
17
#1780000
b01110 1
05
07
b1011 ;
b1011 >
0?
b000001011000 B
1E
#1790000
b0000000000000000000001011010 &
15
17
#1800000
05
07
b0010 ;
b0010 >
1?
b000001011001 B
0E
#1810000
b0000000000000000000001011011 &
15
17
b11 9
b00000011 <
#1820000
b01101 1
05
07
b1100 ;
b1100 >
0?
b000001011010 B
b0011 D
1E
#1830000
b0000000000000000000001011100 &
15
17
b00 9
b00000000 <
#1840000
05
07
b0010 ;
b0010 >
1?
b1100 @
b000001011011 B
b1100 D
0E
#1850000
b0000000000000000000001011101 &
15
17
#1860000
b01100 1
b00000000000011000 3
05
07
b1101 ;
b1101 >
0?
b0000 @
b000001011100 B
b0000 D
1E
#1870000
b0000000000000000000001011110 &
15
17
#1880000
05
07
b0010 ;
b0010 >
1?
b000001011101 B
0E
#1890000
b0000000000000000000001011111 &
15
17
#1900000
b01011 1
05
07
b1110 ;
b1110 >
0?
b000001011110 B
1E
#1910000
b0000000000000000000001100000 &
15
17
#1920000
05
07
b0010 ;
b0010 >
1?
b000001011111 B
0E
#1930000
b0000000000000000000001100001 &
15
17
#1940000
b01010 1
05
07
b1111 ;
b1111 >
0?
b000001100000 B
1E
#1950000
b0000000000000000000001100010 &
15
17
#1960000
05
07
b0011 ;
b0011 >
1?
b000001100001 B
0E
#1970000
b0000000000000000000001100011 &
15
17
#1980000
b01001 1
05
07
b0000 ;
b0000 >
0?
b000001100010 B
1E
#1990000
b0000000000000000000001100100 &
15
17
#2000000
05
07
b0011 ;
b0011 >
1?
b000001100011 B
0E
#2010000
b0000000000000000000001100101 &
15
17
#2020000
b01000 1
05
07
b0001 ;
b0001 >
0?
b000001100100 B
1E
#2030000
b0000000000000000000001100110 &
15
17
#2040000
05
07
b0011 ;
b0011 >
1?
b000001100101 B
0E
#2050000
b0000000000000000000001100111 &
15
17
#2060000
b00111 1
05
07
b0010 ;
b0010 >
0?
b000001100110 B
1E
#2070000
b0000000000000000000001101000 &
15
17
#2080000
05
07
b0011 ;
b0011 >
1?
b000001100111 B
0E
#2090000
b0000000000000000000001101001 &
15
17
#2100000
b00110 1
05
07
0?
b000001101000 B
1E
#2110000
b0000000000000000000001101010 &
15
17
#2120000
05
07
1?
b000001101001 B
0E
#2130000
b0000000000000000000001101011 &
15
17
#2140000
b00101 1
05
07
b0100 ;
b0100 >
0?
b000001101010 B
1E
#2150000
b0000000000000000000001101100 &
15
17
#2160000
05
07
b0011 ;
b0011 >
1?
b000001101011 B
0E
#2170000
b0000000000000000000001101101 &
15
17
#2180000
b00100 1
05
07
b0101 ;
b0101 >
0?
b000001101100 B
1E
#2190000
b0000000000000000000001101110 &
15
17
#2200000
05
07
b0011 ;
b0011 >
1?
b000001101101 B
0E
#2210000
b0000000000000000000001101111 &
15
17
#2220000
b00011 1
05
07
b0110 ;
b0110 >
0?
b000001101110 B
1E
#2230000
b0000000000000000000001110000 &
15
17
#2240000
05
07
b0011 ;
b0011 >
1?
b000001101111 B
0E
#2250000
b0000000000000000000001110001 &
15
17
#2260000
b00010 1
05
07
b0111 ;
b0111 >
0?
b000001110000 B
1E
#2270000
b0000000000000000000001110010 &
15
17
#2280000
05
07
b0011 ;
b0011 >
1?
b000001110001 B
0E
#2290000
b0000000000000000000001110011 &
15
17
#2300000
b00001 1
05
07
b1000 ;
b1000 >
0?
b000001110010 B
1E
#2310000
b0000000000000000000001110100 &
15
17
#2320000
05
07
b0011 ;
b0011 >
1?
b000001110011 B
0E
#2330000
b0000000000000000000001110101 &
15
17
#2340000
b00000 1
05
07
b1001 ;
b1001 >
0?
b000001110100 B
1E
#2350000
b0000000000000000000001110110 &
15
17
#2360000
05
07
b0011 ;
b0011 >
1?
b000001110101 B
0E
#2370000
b0000000000000000000001110111 &
15
17
#2380000
b01111 2
b00000000000010111 3
05
07
b1010 ;
b1010 >
0?
b000001110110 B
1E
#2390000
b0000000000000000000001111000 &
15
17
b10 9
b00000010 <
#2400000
05
07
b0011 ;
b0011 >
1?
b0001 @
b000001110111 B
b0001 D
0E
#2410000
b0000000000000000000001111001 &
15
17
b00 9
b00000000 <
#2420000
b01110 2
b00000000000010110 3
05
07
b1011 ;
b1011 >
0?
b0000 @
b000001111000 B
b0100 D
1E
#2430000
b0000000000000000000001111010 &
15
17
#2440000
05
07
b0011 ;
b0011 >
1?
b000001111001 B
b0000 D
0E
#2450000
b0000000000000000000001111011 &
15
17
#2460000
b01101 2
b00000000000010101 3
05
07
b1100 ;
b1100 >
0?
b000001111010 B
1E
#2470000
b0000000000000000000001111100 &
15
17
b01 9
b00000001 <
#2480000
05
07
b0011 ;
b0011 >
1?
b0010 @
b000001111011 B
b0010 D
0E
#2490000
b0000000000000000000001111101 &
15
17
b00 9
b00000000 <
#2500000
b01100 2
b00000000000010100 3
05
07
b1101 ;
b1101 >
0?
b0000 @
b000001111100 B
b1000 D
1E
#2510000
b0000000000000000000001111110 &
15
17
#2520000
05
07
b0011 ;
b0011 >
1?
b000001111101 B
b0000 D
0E
#2530000
b0000000000000000000001111111 &
15
17
#2540000
b01011 2
b00000000000010011 3
05
07
b1110 ;
b1110 >
0?
b000001111110 B
1E
#2550000
b0000000000000000000010000000 &
15
17
b11 9
b00000011 <
#2560000
05
07
b0011 ;
b0011 >
1?
b0011 @
b000001111111 B
b0011 D
0E
#2570000
b0000000000000000000010000001 &
15
17
b00 9
b00000000 <
#2580000
b01010 2
b00000000000010010 3
05
07
b1111 ;
b1111 >
0?
b0000 @
b000010000000 B
b1100 D
1E
#2590000
b0000000000000000000010000010 &
15
17
#2600000
05
07
b0100 ;
b0100 >
1?
b000010000001 B
b0000 D
0E
#2610000
b0000000000000000000010000011 &
15
17
b10 9
b00000010 <
#2620000
b01001 2
b00000000000010001 3
05
07
b0000 ;
b0000 >
0?
b000010000010 B
b0001 D
1E
#2630000
b0000000000000000000010000100 &
15
17
b00 9
b00000000 <
#2640000
05
07
b0100 ;
b0100 >
1?
b0100 @
b000010000011 B
b0100 D
0E
#2650000
b0000000000000000000010000101 &
15
17
#2660000
b01000 2
b00000000000010000 3
05
07
b0001 ;
b0001 >
0?
b0000 @
b000010000100 B
b0000 D
1E
#2670000
b0000000000000000000010000110 &
15
17
#2680000
05
07
b0100 ;
b0100 >
1?
b000010000101 B
0E
#2690000
b0000000000000000000010000111 &
15
17
b10 9
b00000010 <
#2700000
b00111 2
b00000000000001111 3
05
07
b0010 ;
b0010 >
0?
b000010000110 B
b0001 D
1E
#2710000
b0000000000000000000010001000 &
15
17
#2720000
05
07
b0100 ;
b0100 >
1?
b0101 @
b000010000111 B
b0101 D
0E
#2730000
b0000000000000000000010001001 &
15
17
b00 9
b00000000 <
#2740000
b00110 2
b00000000000001110 3
05
07
b0011 ;
b0011 >
0?
b0000 @
b000010001000 B
b0100 D
1E
#2750000
b0000000000000000000010001010 &
15
17
#2760000
05
07
b0100 ;
b0100 >
1?
b000010001001 B
b0000 D
0E
#2770000
b0000000000000000000010001011 &
15
17
b10 9
b00000010 <
#2780000
b00101 2
b00000000000001101 3
05
07
0?
b000010001010 B
b0001 D
1E
#2790000
b0000000000000000000010001100 &
15
17
b01 9
b00000001 <
#2800000
05
07
1?
b0110 @
b000010001011 B
b0110 D
0E
#2810000
b0000000000000000000010001101 &
15
17
b00 9
b00000000 <
#2820000
b00100 2
b00000000000001100 3
05
07
b0101 ;
b0101 >
0?
b0000 @
b000010001100 B
b1000 D
1E
#2830000
b0000000000000000000010001110 &
15
17
#2840000
05
07
b0100 ;
b0100 >
1?
b000010001101 B
b0000 D
0E
#2850000
b0000000000000000000010001111 &
15
17
b10 9
b00000010 <
#2860000
b00011 2
b00000000000001011 3
05
07
b0110 ;
b0110 >
0?
b000010001110 B
b0001 D
1E
#2870000
b0000000000000000000010010000 &
15
17
b11 9
b00000011 <
#2880000
05
07
b0100 ;
b0100 >
1?
b0111 @
b000010001111 B
b0111 D
0E
#2890000
b0000000000000000000010010001 &
15
17
b00 9
b00000000 <
#2900000
b00010 2
b00000000000001010 3
05
07
b0111 ;
b0111 >
0?
b0000 @
b000010010000 B
b1100 D
1E
#2910000
b0000000000000000000010010010 &
15
17
#2920000
05
07
b0100 ;
b0100 >
1?
b000010010001 B
b0000 D
0E
#2930000
b0000000000000000000010010011 &
15
17
b01 9
b00000001 <
#2940000
b00001 2
b00000000000001001 3
05
07
b1000 ;
b1000 >
0?
b000010010010 B
b0010 D
1E
#2950000
b0000000000000000000010010100 &
15
17
b00 9
b00000000 <
#2960000
05
07
b0100 ;
b0100 >
1?
b1000 @
b000010010011 B
b1000 D
0E
#2970000
b0000000000000000000010010101 &
15
17
#2980000
b00000 2
b00000000000001000 3
05
07
b1001 ;
b1001 >
0?
b0000 @
b000010010100 B
b0000 D
1E
#2990000
b0000000000000000000010010110 &
15
17
#3000000
05
07
b0100 ;
b0100 >
1?
b000010010101 B
0E
#3010000
b0000000000000000000010010111 &
15
17
b01 9
b00000001 <
#3020000
1)
b00000000000000111 3
05
07
b1010 ;
b1010 >
0?
b000010010110 B
b0010 D
1E
#3030000
b0000000000000000000010011000 &
15
17
b10 9
b00000010 <
#3040000
0)
b000000000001 ,
05
07
b0100 ;
b0100 >
1?
b1001 @
b000010010111 B
b1001 D
0E
#3050000
b0000000000000000000010011001 &
15
17
b00 9
b00000000 <
#3060000
1)
b1001 *
b00000000000000110 3
05
07
b1011 ;
b1011 >
0?
b0000 @
b000010011000 B
b0100 D
1E
#3070000
b0000000000000000000010011010 &
15
17
#3080000
0)
b0000 *
b000000000010 ,
05
07
b0100 ;
b0100 >
1?
b000010011001 B
b0000 D
0E
#3090000
b0000000000000000000010011011 &
15
17
b01 9
b00000001 <
#3100000
1)
b00000000000000101 3
05
07
b1100 ;
b1100 >
0?
b000010011010 B
b0010 D
1E
#3110000
b0000000000000000000010011100 &
15
17
#3120000
0)
b000000000011 ,
05
07
b0100 ;
b0100 >
1?
b1010 @
b000010011011 B
b1010 D
0E
#3130000
b0000000000000000000010011101 &
15
17
b00 9
b00000000 <
#3140000
1)
b1010 *
b00000000000000100 3
05
07
b1101 ;
b1101 >
0?
b0000 @
b000010011100 B
b1000 D
1E
#3150000
b0000000000000000000010011110 &
15
17
#3160000
0)
b0000 *
b000000000100 ,
05
07
b0100 ;
b0100 >
1?
b000010011101 B
b0000 D
0E
#3170000
b0000000000000000000010011111 &
15
17
b01 9
b00000001 <
#3180000
1)
b00000000000000011 3
05
07
b1110 ;
b1110 >
0?
b000010011110 B
b0010 D
1E
#3190000
b0000000000000000000010100000 &
15
17
b11 9
b00000011 <
#3200000
0)
b000000000101 ,
05
07
b0100 ;
b0100 >
1?
b1011 @
b000010011111 B
b1011 D
0E
#3210000
b0000000000000000000010100001 &
15
17
b00 9
b00000000 <
#3220000
1)
b1011 *
b00000000000000010 3
05
07
b1111 ;
b1111 >
0?
b0000 @
b000010100000 B
b1100 D
1E
#3230000
b0000000000000000000010100010 &
15
17
#3240000
0)
b0000 *
b000000000110 ,
05
07
b0101 ;
b0101 >
1?
b000010100001 B
b0000 D
0E
#3250000
b0000000000000000000010100011 &
15
17
b11 9
b00000011 <
#3260000
1)
b00000000000000001 3
05
07
b0000 ;
b0000 >
0?
b000010100010 B
b0011 D
1E
#3270000
b0000000000000000000010100100 &
15
17
b00 9
b00000000 <
#3280000
0)
b000000000111 ,
05
07
b0101 ;
b0101 >
1?
b1100 @
b000010100011 B
b1100 D
0E
#3290000
b0000000000000000000010100101 &
15
17
#3300000
1)
b1100 *
b00000000000000000 3
05
07
b0001 ;
b0001 >
0?
b0000 @
b000010100100 B
b0000 D
1E
#3310000
b0000000000000000000010100110 &
15
17
#3320000
0)
b0000 *
b000000001000 ,
05
07
b0101 ;
b0101 >
1?
b000010100101 B
0E
#3330000
b0000000000000000000010100111 &
15
17
#3340000
05
07
b0010 ;
b0010 >
0?
b000010100110 B
1E
#3350000
b0000000000000000000010101000 &
15
17
#3360000
05
07
b0101 ;
b0101 >
1?
b000010100111 B
0E
#3370000
b0000000000000000000010101001 &
15
17
#3380000
05
07
b0011 ;
b0011 >
0?
b000010101000 B
1E
#3390000
b0000000000000000000010101010 &
15
17
#3400000
05
07
b0101 ;
b0101 >
1?
b000010101001 B
0E
#3410000
b0000000000000000000010101011 &
15
17
#3420000
05
07
b0100 ;
b0100 >
0?
b000010101010 B
1E
#3430000
b0000000000000000000010101100 &
15
17
#3440000
05
07
b0101 ;
b0101 >
1?
b000010101011 B
0E
#3450000
b0000000000000000000010101101 &
15
17
#3460000
05
07
0?
b000010101100 B
1E
#3470000
b0000000000000000000010101110 &
15
17
#3480000
05
07
1?
b000010101101 B
0E
#3490000
b0000000000000000000010101111 &
15
17
#3500000
05
07
b0110 ;
b0110 >
0?
b000010101110 B
1E
#3510000
b0000000000000000000010110000 &
15
17
#3520000
05
07
b0101 ;
b0101 >
1?
b000010101111 B
0E
#3530000
b0000000000000000000010110001 &
15
17
#3540000
05
07
b0111 ;
b0111 >
0?
b000010110000 B
1E
#3550000
b0000000000000000000010110010 &
15
17
#3560000
05
07
b0101 ;
b0101 >
1?
b000010110001 B
0E
#3570000
b0000000000000000000010110011 &
15
17
#3580000
05
07
b1000 ;
b1000 >
0?
b000010110010 B
1E
#3590000
b0000000000000000000010110100 &
15
17
b00 8
#3600000
00
05
07
b0101 ;
b0101 >
1?
b000010110011 B
0E
#3610000
b0000000000000000000010110101 &
15
17
#3620000
b10000 1
b10000 2
05
07
b1001 ;
b1001 >
0?
b000010110100 B
#3630000
b0000000000000000000010110110 &
15
17
#3640000
05
07
b0101 ;
b0101 >
b000010110101 B
#3650000
b0000000000000000000010110111 &
15
17
#3660000
05
07
b1010 ;
b1010 >
b000010110110 B
#3670000
b0000000000000000000010111000 &
15
17
#3680000
05
07
b0101 ;
b0101 >
b000010110111 B
#3690000
b0000000000000000000010111001 &
15
17
#3700000
05
07
b1011 ;
b1011 >
b000010111000 B
#3710000
b0000000000000000000010111010 &
15
17
#3720000
05
07
b0101 ;
b0101 >
b000010111001 B
#3730000
b0000000000000000000010111011 &
15
17
#3740000
05
07
b1100 ;
b1100 >
b000010111010 B
#3750000
b0000000000000000000010111100 &
15
17
#3760000
05
07
b0101 ;
b0101 >
b000010111011 B
#3770000
b0000000000000000000010111101 &
15
17
#3780000
05
07
b1101 ;
b1101 >
b000010111100 B
#3790000
b0000000000000000000010111110 &
15
17
#3800000
05
07
b0101 ;
b0101 >
b000010111101 B
#3810000
b0000000000000000000010111111 &
15
17
#3820000
05
07
b1110 ;
b1110 >
b000010111110 B
#3830000
b0000000000000000000011000000 &
15
17
#3840000
05
07
b0101 ;
b0101 >
b000010111111 B
#3850000
b0000000000000000000011000001 &
15
17
#3860000
05
07
b1111 ;
b1111 >
b000011000000 B
#3870000
b0000000000000000000011000010 &
15
17
#3880000
05
07
b0110 ;
b0110 >
b000011000001 B
#3890000
b0000000000000000000011000011 &
15
17
#3900000
05
07
b0000 ;
b0000 >
b000011000010 B
#3910000
b0000000000000000000011000100 &
15
17
#3920000
05
07
b0110 ;
b0110 >
b000011000011 B
#3930000
b0000000000000000000011000101 &
15
17
#3940000
05
07
b0001 ;
b0001 >
b000011000100 B
#3950000
b0000000000000000000011000110 &
15
17
#3960000
05
07
b0110 ;
b0110 >
b000011000101 B
#3970000
b0000000000000000000011000111 &
15
17
#3980000
05
07
b0010 ;
b0010 >
b000011000110 B
#3990000
b0000000000000000000011001000 &
15
17
#4000000
05
07
b0110 ;
b0110 >
b000011000111 B
#4010000
b0000000000000000000011001001 &
15
17
#4020000
05
07
b0011 ;
b0011 >
b000011001000 B
#4030000
b0000000000000000000011001010 &
15
17
#4040000
05
07
b0110 ;
b0110 >
b000011001001 B
#4050000
b0000000000000000000011001011 &
15
17
#4060000
05
07
b0100 ;
b0100 >
b000011001010 B
#4070000
b0000000000000000000011001100 &
15
17
#4080000
05
07
b0110 ;
b0110 >
b000011001011 B
#4090000
b0000000000000000000011001101 &
15
17
#4100000
05
07
b0101 ;
b0101 >
b000011001100 B
#4110000
b0000000000000000000011001110 &
15
17
b01 8
b11 9
b00000011 <
#4120000
05
07
b0110 ;
b0110 >
b000011001101 B
#4130000
b0000000000000000000011001111 &
15
17
#4140000
05
07
b000011001110 B
#4150000
b0000000000000000000011010000 &
15
17
#4160000
05
07
b000011001111 B
#4170000
b0000000000000000000011010001 &
15
17
#4180000
05
07
b0111 ;
b0111 >
b000011010000 B
#4190000
b0000000000000000000011010010 &
15
17
b00 9
b00000000 <
#4200000
10
05
07
b0110 ;
b0110 >
b000011010001 B
#4210000
b0000000000000000000011010011 &
15
17
b11 9
b00000011 <
#4220000
05
07
b1000 ;
b1000 >
b000011010010 B
b0011 D
1E
#4230000
b0000000000000000000011010100 &
15
17
#4240000
05
07
b0110 ;
b0110 >
1?
b1111 @
b000011010011 B
b1111 D
0E
#4250000
b0000000000000000000011010101 &
15
17
#4260000
b01111 1
b00000000000011110 3
05
07
b1001 ;
b1001 >
0?
b0000 @
b000011010100 B
1E
#4270000
b0000000000000000000011010110 &
15
17
#4280000
05
07
b0110 ;
b0110 >
1?
b1111 @
b000011010101 B
0E
#4290000
b0000000000000000000011010111 &
15
17
#4300000
b01110 1
b00000000111111110 3
05
07
b1010 ;
b1010 >
0?
b0000 @
b000011010110 B
1E
#4310000
b0000000000000000000011011000 &
15
17
#4320000
05
07
b0110 ;
b0110 >
1?
b1111 @
b000011010111 B
0E
#4330000
b0000000000000000000011011001 &
15
17
#4340000
b01101 1
b00001111111111110 3
05
07
b1011 ;
b1011 >
0?
b0000 @
b000011011000 B
1E
#4350000
b0000000000000000000011011010 &
15
17
#4360000
05
07
b0110 ;
b0110 >
1?
b1111 @
b000011011001 B
0E
#4370000
b0000000000000000000011011011 &
15
17
#4380000
b01100 1
b11111111111111110 3
05
07
b1100 ;
b1100 >
0?
b0000 @
b000011011010 B
1E
#4390000
b0000000000000000000011011100 &
15
17
#4400000
05
07
b0110 ;
b0110 >
1?
b1111 @
b000011011011 B
0E
#4410000
b0000000000000000000011011101 &
15
17
#4420000
b01011 1
14
05
07
b1101 ;
b1101 >
0?
b0000 @
b000011011100 B
1E
#4430000
b0000000000000000000011011110 &
15
17
#4440000
05
07
b0110 ;
b0110 >
1?
b1111 @
b000011011101 B
0E
#4450000
b0000000000000000000011011111 &
15
17
#4460000
b01010 1
05
07
b1110 ;
b1110 >
0?
b0000 @
b000011011110 B
1E
#4470000
b0000000000000000000011100000 &
15
17
#4480000
05
07
b0110 ;
b0110 >
1?
b1111 @
b000011011111 B
0E
#4490000
b0000000000000000000011100001 &
15
17
#4500000
b01001 1
05
07
b1111 ;
b1111 >
0?
b0000 @
b000011100000 B
1E
#4510000
b0000000000000000000011100010 &
15
17
#4520000
05
07
b0111 ;
b0111 >
1?
b1111 @
b000011100001 B
0E
#4530000
b0000000000000000000011100011 &
15
17
#4540000
b01000 1
05
07
b0000 ;
b0000 >
0?
b0000 @
b000011100010 B
1E
#4550000
b0000000000000000000011100100 &
15
17
#4560000
05
07
b0111 ;
b0111 >
1?
b1111 @
b000011100011 B
0E
#4570000
b0000000000000000000011100101 &
15
17
#4580000
b00111 1
05
07
b0001 ;
b0001 >
0?
b0000 @
b000011100100 B
1E
#4590000
b0000000000000000000011100110 &
15
17
#4600000
05
07
b0111 ;
b0111 >
1?
b1111 @
b000011100101 B
0E
#4610000
b0000000000000000000011100111 &
15
17
#4620000
b00110 1
05
07
b0010 ;
b0010 >
0?
b0000 @
b000011100110 B
1E
#4630000
b0000000000000000000011101000 &
15
17
#4640000
05
07
b0111 ;
b0111 >
1?
b1111 @
b000011100111 B
0E
#4650000
b0000000000000000000011101001 &
15
17
#4660000
b00101 1
05
07
b0011 ;
b0011 >
0?
b0000 @
b000011101000 B
1E
#4670000
b0000000000000000000011101010 &
15
17
#4680000
05
07
b0111 ;
b0111 >
1?
b1111 @
b000011101001 B
0E
#4690000
b0000000000000000000011101011 &
15
17
#4700000
b00100 1
05
07
b0100 ;
b0100 >
0?
b0000 @
b000011101010 B
1E
#4710000
b0000000000000000000011101100 &
15
17
#4720000
05
07
b0111 ;
b0111 >
1?
b1111 @
b000011101011 B
0E
#4730000
b0000000000000000000011101101 &
15
17
#4740000
b00011 1
05
07
b0101 ;
b0101 >
0?
b0000 @
b000011101100 B
1E
#4750000
b0000000000000000000011101110 &
15
17
#4760000
05
07
b0111 ;
b0111 >
1?
b1111 @
b000011101101 B
0E
#4770000
b0000000000000000000011101111 &
15
17
#4780000
b00010 1
05
07
b0110 ;
b0110 >
0?
b0000 @
b000011101110 B
1E
#4790000
b0000000000000000000011110000 &
15
17
#4800000
05
07
b0111 ;
b0111 >
1?
b1111 @
b000011101111 B
0E
#4810000
b0000000000000000000011110001 &
15
17
#4820000
b00001 1
05
07
0?
b0000 @
b000011110000 B
1E
#4830000
b0000000000000000000011110010 &
15
17
#4840000
05
07
1?
b1111 @
b000011110001 B
0E
#4850000
b0000000000000000000011110011 &
15
17
#4860000
b00000 1
05
07
b1000 ;
b1000 >
0?
b0000 @
b000011110010 B
1E
#4870000
b0000000000000000000011110100 &
15
17
#4880000
05
07
b0111 ;
b0111 >
1?
b1111 @
b000011110011 B
0E
#4890000
b0000000000000000000011110101 &
15
17
#4900000
b01111 2
b11111111111111101 3
05
07
b1001 ;
b1001 >
0?
b0000 @
b000011110100 B
1E
#4910000
b0000000000000000000011110110 &
15
17
#4920000
05
07
b0111 ;
b0111 >
1?
b1111 @
b000011110101 B
0E
#4930000
b0000000000000000000011110111 &
15
17
#4940000
b01110 2
b11111111111111100 3
05
07
b1010 ;
b1010 >
0?
b0000 @
b000011110110 B
1E
#4950000
b0000000000000000000011111000 &
15
17
#4960000
05
07
b0111 ;
b0111 >
1?
b1111 @
b000011110111 B
0E
#4970000
b0000000000000000000011111001 &
15
17
#4980000
b01101 2
b11111111111111011 3
05
07
b1011 ;
b1011 >
0?
b0000 @
b000011111000 B
1E
#4990000
b0000000000000000000011111010 &
15
17
#5000000
05
07
b0111 ;
b0111 >
1?
b1111 @
b000011111001 B
0E
#5010000
b0000000000000000000011111011 &
15
17
#5020000
b01100 2
b11111111111111010 3
05
07
b1100 ;
b1100 >
0?
b0000 @
b000011111010 B
1E
#5030000
b0000000000000000000011111100 &
15
17
#5040000
05
07
b0111 ;
b0111 >
1?
b1111 @
b000011111011 B
0E
#5050000
b0000000000000000000011111101 &
15
17
#5060000
b01011 2
b11111111111111001 3
05
07
b1101 ;
b1101 >
0?
b0000 @
b000011111100 B
1E
#5070000
b0000000000000000000011111110 &
15
17
#5080000
05
07
b0111 ;
b0111 >
1?
b1111 @
b000011111101 B
0E
#5090000
b0000000000000000000011111111 &
15
17
#5100000
b01010 2
b11111111111111000 3
05
07
b1110 ;
b1110 >
0?
b0000 @
b000011111110 B
1E
#5110000
b0000000000000000000100000000 &
15
17
#5120000
05
07
b0111 ;
b0111 >
1?
b1111 @
b000011111111 B
0E
#5130000
b0000000000000000000100000001 &
15
17
#5140000
b01001 2
b11111111111110111 3
05
07
b1111 ;
b1111 >
0?
b0000 @
b000100000000 B
1E
#5150000
b0000000000000000000100000010 &
15
17
b10 9
b00000010 <
#5160000
05
07
b1000 ;
b1000 >
1?
b1101 @
b000100000001 B
b1101 D
0E
#5170000
b0000000000000000000100000011 &
15
17
#5180000
b01000 2
b11111111111110110 3
05
07
b0000 ;
b0000 >
0?
b0000 @
b000100000010 B
b0101 D
1E
#5190000
b0000000000000000000100000100 &
15
17
#5200000
05
07
b1000 ;
b1000 >
1?
b0101 @
b000100000011 B
0E
#5210000
b0000000000000000000100000101 &
15
17
#5220000
b00111 2
b11111111111110101 3
05
07
b0001 ;
b0001 >
0?
b0000 @
b000100000100 B
1E
#5230000
b0000000000000000000100000110 &
15
17
#5240000
05
07
b1000 ;
b1000 >
1?
b0101 @
b000100000101 B
0E
#5250000
b0000000000000000000100000111 &
15
17
#5260000
b00110 2
b11111111111110100 3
05
07
b0010 ;
b0010 >
0?
b0000 @
b000100000110 B
1E
#5270000
b0000000000000000000100001000 &
15
17
#5280000
05
07
b1000 ;
b1000 >
1?
b0101 @
b000100000111 B
0E
#5290000
b0000000000000000000100001001 &
15
17
#5300000
b00101 2
b11111111111110011 3
05
07
b0011 ;
b0011 >
0?
b0000 @
b000100001000 B
1E
#5310000
b0000000000000000000100001010 &
15
17
#5320000
05
07
b1000 ;
b1000 >
1?
b0101 @
b000100001001 B
0E
#5330000
b0000000000000000000100001011 &
15
17
#5340000
b00100 2
b11111111111110010 3
05
07
b0100 ;
b0100 >
0?
b0000 @
b000100001010 B
1E
#5350000
b0000000000000000000100001100 &
15
17
#5360000
05
07
b1000 ;
b1000 >
1?
b0101 @
b000100001011 B
0E
#5370000
b0000000000000000000100001101 &
15
17
#5380000
b00011 2
b11111111111110001 3
05
07
b0101 ;
b0101 >
0?
b0000 @
b000100001100 B
1E
#5390000
b0000000000000000000100001110 &
15
17
#5400000
05
07
b1000 ;
b1000 >
1?
b0101 @
b000100001101 B
0E
#5410000
b0000000000000000000100001111 &
15
17
#5420000
b00010 2
b11111111111110000 3
05
07
b0110 ;
b0110 >
0?
b0000 @
b000100001110 B
1E
#5430000
b0000000000000000000100010000 &
15
17
#5440000
05
07
b1000 ;
b1000 >
1?
b0101 @
b000100001111 B
0E
#5450000
b0000000000000000000100010001 &
15
17
#5460000
b00001 2
b11111111111101111 3
05
07
b0111 ;
b0111 >
0?
b0000 @
b000100010000 B
1E
#5470000
b0000000000000000000100010010 &
15
17
b00 8
#5480000
00
05
07
b1000 ;
b1000 >
1?
b000100010001 B
b0000 D
0E
#5490000
b0000000000000000000100010011 &
15
17
#5500000
b10000 1
b10000 2
b00000000000000000 3
04
05
07
0?
b000100010010 B
#5510000
b0000000000000000000100010100 &
15
17
#5520000
05
07
b000100010011 B
#5530000
b0000000000000000000100010101 &
15
17
#5540000
05
07
b1001 ;
b1001 >
b000100010100 B
#5550000
b0000000000000000000100010110 &
15
17
#5560000
05
07
b1000 ;
b1000 >
b000100010101 B
#5570000
b0000000000000000000100010111 &
15
17
#5580000
05
07
b1010 ;
b1010 >
b000100010110 B
#5590000
b0000000000000000000100011000 &
15
17
#5600000
05
07
b1000 ;
b1000 >
b000100010111 B
#5610000
b0000000000000000000100011001 &
15
17
#5620000
05
07
b1011 ;
b1011 >
b000100011000 B
#5630000
b0000000000000000000100011010 &
15
17
#5640000
05
07
b1000 ;
b1000 >
b000100011001 B
#5650000
b0000000000000000000100011011 &
15
17
#5660000
05
07
b1100 ;
b1100 >
b000100011010 B
#5670000
b0000000000000000000100011100 &
15
17
b01 8
b11 9
b00000011 <
#5680000
05
07
b1000 ;
b1000 >
b000100011011 B
#5690000
b0000000000000000000100011101 &
15
17
#5700000
05
07
b1101 ;
b1101 >
b000100011100 B
#5710000
b0000000000000000000100011110 &
15
17
#5720000
05
07
b1000 ;
b1000 >
b000100011101 B
#5730000
b0000000000000000000100011111 &
15
17
#5740000
05
07
b1110 ;
b1110 >
b000100011110 B
#5750000
b0000000000000000000100100000 &
15
17
b00 9
b00000000 <
#5760000
10
05
07
b1000 ;
b1000 >
b000100011111 B
#5770000
b0000000000000000000100100001 &
15
17
#5780000
05
07
b1111 ;
b1111 >
b000100100000 B
1E
#5790000
b0000000000000000000100100010 &
15
17
#5800000
05
07
b1001 ;
b1001 >
1?
b000100100001 B
0E
#5810000
b0000000000000000000100100011 &
15
17
#5820000
b01111 1
05
07
b0000 ;
b0000 >
0?
b000100100010 B
1E
#5830000
b0000000000000000000100100100 &
15
17
#5840000
05
07
b1001 ;
b1001 >
1?
b000100100011 B
0E
#5850000
b0000000000000000000100100101 &
15
17
#5860000
b01110 1
05
07
b0001 ;
b0001 >
0?
b000100100100 B
1E
#5870000
b0000000000000000000100100110 &
15
17
#5880000
05
07
b1001 ;
b1001 >
1?
b000100100101 B
0E
#5890000
b0000000000000000000100100111 &
15
17
b11 9
b00000011 <
#5900000
b01101 1
05
07
b0010 ;
b0010 >
0?
b000100100110 B
b0011 D
1E
#5910000
b0000000000000000000100101000 &
15
17
b00 9
b00000000 <
#5920000
05
07
b1001 ;
b1001 >
1?
b1100 @
b000100100111 B
b1100 D
0E
#5930000
b0000000000000000000100101001 &
15
17
#5940000
b01100 1
b00000000000011000 3
05
07
b0011 ;
b0011 >
0?
b0000 @
b000100101000 B
b0000 D
1E
#5950000
b0000000000000000000100101010 &
15
17
#5960000
05
07
b1001 ;
b1001 >
1?
b000100101001 B
0E
#5970000
b0000000000000000000100101011 &
15
17
#5980000
b01011 1
05
07
b0100 ;
b0100 >
0?
b000100101010 B
1E
#5990000
b0000000000000000000100101100 &
15
17
#6000000
05
07
b1001 ;
b1001 >
1?
b000100101011 B
0E
#6010000
b0000000000000000000100101101 &
15
17
#6020000
b01010 1
05
07
b0101 ;
b0101 >
0?
b000100101100 B
1E
#6030000
b0000000000000000000100101110 &
15
17
#6040000
05
07
b1001 ;
b1001 >
1?
b000100101101 B
0E
#6050000
b0000000000000000000100101111 &
15
17
#6060000
b01001 1
05
07
b0110 ;
b0110 >
0?
b000100101110 B
1E
#6070000
b0000000000000000000100110000 &
15
17
#6080000
05
07
b1001 ;
b1001 >
1?
b000100101111 B
0E
#6090000
b0000000000000000000100110001 &
15
17
#6100000
b01000 1
05
07
b0111 ;
b0111 >
0?
b000100110000 B
1E
#6110000
b0000000000000000000100110010 &
15
17
#6120000
05
07
b1001 ;
b1001 >
1?
b000100110001 B
0E
#6130000
b0000000000000000000100110011 &
15
17
#6140000
b00111 1
05
07
b1000 ;
b1000 >
0?
b000100110010 B
1E
#6150000
b0000000000000000000100110100 &
15
17
#6160000
05
07
b1001 ;
b1001 >
1?
b000100110011 B
0E
#6170000
b0000000000000000000100110101 &
15
17
#6180000
b00110 1
05
07
0?
b000100110100 B
1E
#6190000
b0000000000000000000100110110 &
15
17
#6200000
05
07
1?
b000100110101 B
0E
#6210000
b0000000000000000000100110111 &
15
17
#6220000
b00101 1
05
07
b1010 ;
b1010 >
0?
b000100110110 B
1E
#6230000
b0000000000000000000100111000 &
15
17
#6240000
05
07
b1001 ;
b1001 >
1?
b000100110111 B
0E
#6250000
b0000000000000000000100111001 &
15
17
#6260000
b00100 1
05
07
b1011 ;
b1011 >
0?
b000100111000 B
1E
#6270000
b0000000000000000000100111010 &
15
17
#6280000
05
07
b1001 ;
b1001 >
1?
b000100111001 B
0E
#6290000
b0000000000000000000100111011 &
15
17
#6300000
b00011 1
05
07
b1100 ;
b1100 >
0?
b000100111010 B
1E
#6310000
b0000000000000000000100111100 &
15
17
#6320000
05
07
b1001 ;
b1001 >
1?
b000100111011 B
0E
#6330000
b0000000000000000000100111101 &
15
17
#6340000
b00010 1
05
07
b1101 ;
b1101 >
0?
b000100111100 B
1E
#6350000
b0000000000000000000100111110 &
15
17
#6360000
05
07
b1001 ;
b1001 >
1?
b000100111101 B
0E
#6370000
b0000000000000000000100111111 &
15
17
#6380000
b00001 1
05
07
b1110 ;
b1110 >
0?
b000100111110 B
1E
#6390000
b0000000000000000000101000000 &
15
17
#6400000
05
07
b1001 ;
b1001 >
1?
b000100111111 B
0E
#6410000
b0000000000000000000101000001 &
15
17
#6420000
b00000 1
05
07
b1111 ;
b1111 >
0?
b000101000000 B
1E
#6430000
b0000000000000000000101000010 &
15
17
#6440000
05
07
b1010 ;
b1010 >
1?
b000101000001 B
0E
#6450000
b0000000000000000000101000011 &
15
17
#6460000
b01111 2
b00000000000010111 3
05
07
b0000 ;
b0000 >
0?
b000101000010 B
1E
#6470000
b0000000000000000000101000100 &
15
17
b10 9
b00000010 <
#6480000
05
07
b1010 ;
b1010 >
1?
b0001 @
b000101000011 B
b0001 D
0E
#6490000
b0000000000000000000101000101 &
15
17
b00 9
b00000000 <
#6500000
b01110 2
b00000000000010110 3
05
07
b0001 ;
b0001 >
0?
b0000 @
b000101000100 B
b0100 D
1E
#6510000
b0000000000000000000101000110 &
15
17
#6520000
05
07
b1010 ;
b1010 >
1?
b000101000101 B
b0000 D
0E
#6530000
b0000000000000000000101000111 &
15
17
#6540000
b01101 2
b00000000000010101 3
05
07
b0010 ;
b0010 >
0?
b000101000110 B
1E
#6550000
b0000000000000000000101001000 &
15
17
b01 9
b00000001 <
#6560000
05
07
b1010 ;
b1010 >
1?
b0010 @
b000101000111 B
b0010 D
0E
#6570000
b0000000000000000000101001001 &
15
17
b00 9
b00000000 <
#6580000
b01100 2
b00000000000010100 3
05
07
b0011 ;
b0011 >
0?
b0000 @
b000101001000 B
b1000 D
1E
#6590000
b0000000000000000000101001010 &
15
17
#6600000
05
07
b1010 ;
b1010 >
1?
b000101001001 B
b0000 D
0E
#6610000
b0000000000000000000101001011 &
15
17
#6620000
b01011 2
b00000000000010011 3
05
07
b0100 ;
b0100 >
0?
b000101001010 B
1E
#6630000
b0000000000000000000101001100 &
15
17
b11 9
b00000011 <
#6640000
05
07
b1010 ;
b1010 >
1?
b0011 @
b000101001011 B
b0011 D
0E
#6650000
b0000000000000000000101001101 &
15
17
b00 9
b00000000 <
#6660000
b01010 2
b00000000000010010 3
05
07
b0101 ;
b0101 >
0?
b0000 @
b000101001100 B
b1100 D
1E
#6670000
b0000000000000000000101001110 &
15
17
#6680000
05
07
b1010 ;
b1010 >
1?
b000101001101 B
b0000 D
0E
#6690000
b0000000000000000000101001111 &
15
17
b10 9
b00000010 <
#6700000
b01001 2
b00000000000010001 3
05
07
b0110 ;
b0110 >
0?
b000101001110 B
b0001 D
1E
#6710000
b0000000000000000000101010000 &
15
17
b00 9
b00000000 <
#6720000
05
07
b1010 ;
b1010 >
1?
b0100 @
b000101001111 B
b0100 D
0E
#6730000
b0000000000000000000101010001 &
15
17
#6740000
b01000 2
b00000000000010000 3
05
07
b0111 ;
b0111 >
0?
b0000 @
b000101010000 B
b0000 D
1E
#6750000
b0000000000000000000101010010 &
15
17
#6760000
05
07
b1010 ;
b1010 >
1?
b000101010001 B
0E
#6770000
b0000000000000000000101010011 &
15
17
b10 9
b00000010 <
#6780000
b00111 2
b00000000000001111 3
05
07
b1000 ;
b1000 >
0?
b000101010010 B
b0001 D
1E
#6790000
b0000000000000000000101010100 &
15
17
#6800000
05
07
b1010 ;
b1010 >
1?
b0101 @
b000101010011 B
b0101 D
0E
#6810000
b0000000000000000000101010101 &
15
17
b00 9
b00000000 <
#6820000
b00110 2
b00000000000001110 3
05
07
b1001 ;
b1001 >
0?
b0000 @
b000101010100 B
b0100 D
1E
#6830000
b0000000000000000000101010110 &
15
17
#6840000
05
07
b1010 ;
b1010 >
1?
b000101010101 B
b0000 D
0E
#6850000
b0000000000000000000101010111 &
15
17
b10 9
b00000010 <
#6860000
b00101 2
b00000000000001101 3
05
07
0?
b000101010110 B
b0001 D
1E
#6870000
b0000000000000000000101011000 &
15
17
b01 9
b00000001 <
#6880000
05
07
1?
b0110 @
b000101010111 B
b0110 D
0E
#6890000
b0000000000000000000101011001 &
15
17
b00 9
b00000000 <
#6900000
b00100 2
b00000000000001100 3
05
07
b1011 ;
b1011 >
0?
b0000 @
b000101011000 B
b1000 D
1E
#6910000
b0000000000000000000101011010 &
15
17
#6920000
05
07
b1010 ;
b1010 >
1?
b000101011001 B
b0000 D
0E
#6930000
b0000000000000000000101011011 &
15
17
b10 9
b00000010 <
#6940000
b00011 2
b00000000000001011 3
05
07
b1100 ;
b1100 >
0?
b000101011010 B
b0001 D
1E
#6950000
b0000000000000000000101011100 &
15
17
b11 9
b00000011 <
#6960000
05
07
b1010 ;
b1010 >
1?
b0111 @
b000101011011 B
b0111 D
0E
#6970000
b0000000000000000000101011101 &
15
17
b00 9
b00000000 <
#6980000
b00010 2
b00000000000001010 3
05
07
b1101 ;
b1101 >
0?
b0000 @
b000101011100 B
b1100 D
1E
#6990000
b0000000000000000000101011110 &
15
17
#7000000
05
07
b1010 ;
b1010 >
1?
b000101011101 B
b0000 D
0E
#7010000
b0000000000000000000101011111 &
15
17
b01 9
b00000001 <
#7020000
b00001 2
b00000000000001001 3
05
07
b1110 ;
b1110 >
0?
b000101011110 B
b0010 D
1E
#7030000
b0000000000000000000101100000 &
15
17
b00 9
b00000000 <
#7040000
05
07
b1010 ;
b1010 >
1?
b1000 @
b000101011111 B
b1000 D
0E
#7050000
b0000000000000000000101100001 &
15
17
#7060000
b00000 2
b00000000000001000 3
05
07
b1111 ;
b1111 >
0?
b0000 @
b000101100000 B
b0000 D
1E
#7070000
b0000000000000000000101100010 &
15
17
#7080000
05
07
b1011 ;
b1011 >
1?
b000101100001 B
0E
#7090000
b0000000000000000000101100011 &
15
17
b01 9
b00000001 <
#7100000
1)
b00000000000000111 3
05
07
b0000 ;
b0000 >
0?
b000101100010 B
b0010 D
1E
#7110000
b0000000000000000000101100100 &
15
17
b10 9
b00000010 <
#7120000
0)
b000000001001 ,
05
07
b1011 ;
b1011 >
1?
b1001 @
b000101100011 B
b1001 D
0E
#7130000
b0000000000000000000101100101 &
15
17
b00 9
b00000000 <
#7140000
1)
b1001 *
b00000000000000110 3
05
07
b0001 ;
b0001 >
0?
b0000 @
b000101100100 B
b0100 D
1E
#7150000
b0000000000000000000101100110 &
15
17
#7160000
0)
b0000 *
b000000001010 ,
05
07
b1011 ;
b1011 >
1?
b000101100101 B
b0000 D
0E
#7170000
b0000000000000000000101100111 &
15
17
b01 9
b00000001 <
#7180000
1)
b00000000000000101 3
05
07
b0010 ;
b0010 >
0?
b000101100110 B
b0010 D
1E
#7190000
b0000000000000000000101101000 &
15
17
#7200000
0)
b000000001011 ,
05
07
b1011 ;
b1011 >
1?
b1010 @
b000101100111 B
b1010 D
0E
#7210000
b0000000000000000000101101001 &
15
17
b00 9
b00000000 <
#7220000
1)
b1010 *
b00000000000000100 3
05
07
b0011 ;
b0011 >
0?
b0000 @
b000101101000 B
b1000 D
1E
#7230000
b0000000000000000000101101010 &
15
17
#7240000
0)
b0000 *
b000000001100 ,
05
07
b1011 ;
b1011 >
1?
b000101101001 B
b0000 D
0E
#7250000
b0000000000000000000101101011 &
15
17
b01 9
b00000001 <
#7260000
1)
b00000000000000011 3
05
07
b0100 ;
b0100 >
0?
b000101101010 B
b0010 D
1E
#7270000
b0000000000000000000101101100 &
15
17
b11 9
b00000011 <
#7280000
0)
b000000001101 ,
05
07
b1011 ;
b1011 >
1?
b1011 @
b000101101011 B
b1011 D
0E
#7290000
b0000000000000000000101101101 &
15
17
b00 9
b00000000 <
#7300000
1)
b1011 *
b00000000000000010 3
05
07
b0101 ;
b0101 >
0?
b0000 @
b000101101100 B
b1100 D
1E
#7310000
b0000000000000000000101101110 &
15
17
#7320000
0)
b0000 *
b000000001110 ,
05
07
b1011 ;
b1011 >
1?
b000101101101 B
b0000 D
0E
#7330000
b0000000000000000000101101111 &
15
17
b11 9
b00000011 <
#7340000
1)
b00000000000000001 3
05
07
b0110 ;
b0110 >
0?
b000101101110 B
b0011 D
1E
#7350000
b0000000000000000000101110000 &
15
17
b00 9
b00000000 <
#7360000
0)
b000000001111 ,
05
07
b1011 ;
b1011 >
1?
b1100 @
b000101101111 B
b1100 D
0E
#7370000
b0000000000000000000101110001 &
15
17
#7380000
1)
b1100 *
b00000000000000000 3
05
07
b0111 ;
b0111 >
0?
b0000 @
b000101110000 B
b0000 D
1E
#7390000
b0000000000000000000101110010 &
15
17
#7400000
0)
b0000 *
b000000010000 ,
05
07
b1011 ;
b1011 >
1?
b000101110001 B
0E
#7410000
b0000000000000000000101110011 &
15
17
#7420000
05
07
b1000 ;
b1000 >
0?
b000101110010 B
1E
#7430000
b0000000000000000000101110100 &
15
17
#7440000
05
07
b1011 ;
b1011 >
1?
b000101110011 B
0E
#7450000
b0000000000000000000101110101 &
15
17
#7460000
05
07
b1001 ;
b1001 >
0?
b000101110100 B
1E
#7470000
b0000000000000000000101110110 &
15
17
#7480000
05
07
b1011 ;
b1011 >
1?
b000101110101 B
0E
#7490000
b0000000000000000000101110111 &
15
17
#7500000
05
07
b1010 ;
b1010 >
0?
b000101110110 B
1E
#7510000
b0000000000000000000101111000 &
15
17
#7520000
05
07
b1011 ;
b1011 >
1?
b000101110111 B
0E
#7530000
b0000000000000000000101111001 &
15
17
#7540000
05
07
0?
b000101111000 B
1E
#7550000
b0000000000000000000101111010 &
15
17
#7560000
05
07
1?
b000101111001 B
0E
#7570000
b0000000000000000000101111011 &
15
17
#7580000
05
07
b1100 ;
b1100 >
0?
b000101111010 B
1E
#7590000
b0000000000000000000101111100 &
15
17
#7600000
05
07
b1011 ;
b1011 >
1?
b000101111011 B
0E
#7610000
b0000000000000000000101111101 &
15
17
#7620000
05
07
b1101 ;
b1101 >
0?
b000101111100 B
1E
#7630000
b0000000000000000000101111110 &
15
17
#7640000
05
07
b1011 ;
b1011 >
1?
b000101111101 B
0E
#7650000
b0000000000000000000101111111 &
15
17
#7660000
05
07
b1110 ;
b1110 >
0?
b000101111110 B
1E
#7670000
b0000000000000000000110000000 &
15
17
b00 8
#7680000
00
05
07
b1011 ;
b1011 >
1?
b000101111111 B
0E
#7690000
b0000000000000000000110000001 &
15
17
#7700000
b10000 1
b10000 2
05
07
b1111 ;
b1111 >
0?
b000110000000 B
#7710000
b0000000000000000000110000010 &
15
17
#7720000
05
07
b1100 ;
b1100 >
b000110000001 B
#7730000
b0000000000000000000110000011 &
15
17
#7740000
05
07
b0000 ;
b0000 >
b000110000010 B
#7750000
b0000000000000000000110000100 &
15
17
#7760000
05
07
b1100 ;
b1100 >
b000110000011 B
#7770000
b0000000000000000000110000101 &
15
17
#7780000
05
07
b0001 ;
b0001 >
b000110000100 B
#7790000
b0000000000000000000110000110 &
15
17
#7800000
05
07
b1100 ;
b1100 >
b000110000101 B
#7810000
b0000000000000000000110000111 &
15
17
#7820000
05
07
b0010 ;
b0010 >
b000110000110 B
#7830000
b0000000000000000000110001000 &
15
17
#7840000
05
07
b1100 ;
b1100 >
b000110000111 B
#7850000
b0000000000000000000110001001 &
15
17
#7860000
05
07
b0011 ;
b0011 >
b000110001000 B
#7870000
b0000000000000000000110001010 &
15
17
#7880000
05
07
b1100 ;
b1100 >
b000110001001 B
#7890000
b0000000000000000000110001011 &
15
17
#7900000
05
07
b0100 ;
b0100 >
b000110001010 B
#7910000
b0000000000000000000110001100 &
15
17
#7920000
05
07
b1100 ;
b1100 >
b000110001011 B
#7930000
b0000000000000000000110001101 &
15
17
#7940000
05
07
b0101 ;
b0101 >
b000110001100 B
#7950000
b0000000000000000000110001110 &
15
17
#7960000
05
07
b1100 ;
b1100 >
b000110001101 B
#7970000
b0000000000000000000110001111 &
15
17
#7980000
05
07
b0110 ;
b0110 >
b000110001110 B
#7990000
b0000000000000000000110010000 &
15
17
#8000000
05
07
b1100 ;
b1100 >
b000110001111 B
#8010000
b0000000000000000000110010001 &
15
17
#8020000
05
07
b0111 ;
b0111 >
b000110010000 B
#8030000
b0000000000000000000110010010 &
15
17
#8040000
05
07
b1100 ;
b1100 >
b000110010001 B
#8050000
b0000000000000000000110010011 &
15
17
#8060000
05
07
b1000 ;
b1000 >
b000110010010 B
#8070000
b0000000000000000000110010100 &
15
17
#8080000
05
07
b1100 ;
b1100 >
b000110010011 B
#8090000
b0000000000000000000110010101 &
15
17
#8100000
05
07
b1001 ;
b1001 >
b000110010100 B
#8110000
b0000000000000000000110010110 &
15
17
#8120000
05
07
b1100 ;
b1100 >
b000110010101 B
#8130000
b0000000000000000000110010111 &
15
17
#8140000
05
07
b1010 ;
b1010 >
b000110010110 B
#8150000
b0000000000000000000110011000 &
15
17
#8160000
05
07
b1100 ;
b1100 >
b000110010111 B
#8170000
b0000000000000000000110011001 &
15
17
#8180000
05
07
b1011 ;
b1011 >
b000110011000 B
#8190000
b0000000000000000000110011010 &
15
17
b01 8
b11 9
b00000011 <
#8200000
05
07
b1100 ;
b1100 >
b000110011001 B
#8210000
b0000000000000000000110011011 &
15
17
#8220000
05
07
b000110011010 B
#8230000
b0000000000000000000110011100 &
15
17
#8240000
05
07
b000110011011 B
#8250000
b0000000000000000000110011101 &
15
17
#8260000
05
07
b1101 ;
b1101 >
b000110011100 B
#8270000
b0000000000000000000110011110 &
15
17
b00 9
b00000000 <
#8280000
10
05
07
b1100 ;
b1100 >
b000110011101 B
#8290000
b0000000000000000000110011111 &
15
17
b11 9
b00000011 <
#8300000
05
07
b1110 ;
b1110 >
b000110011110 B
b0011 D
1E
#8310000
b0000000000000000000110100000 &
15
17
#8320000
05
07
b1100 ;
b1100 >
1?
b1111 @
b000110011111 B
b1111 D
0E
#8330000
b0000000000000000000110100001 &
15
17
#8340000
b01111 1
b00000000000011110 3
05
07
b1111 ;
b1111 >
0?
b0000 @
b000110100000 B
1E
#8350000
b0000000000000000000110100010 &
15
17
#8360000
05
07
b1101 ;
b1101 >
1?
b1111 @
b000110100001 B
0E
#8370000
b0000000000000000000110100011 &
15
17
#8380000
b01110 1
b00000000111111110 3
05
07
b0000 ;
b0000 >
0?
b0000 @
b000110100010 B
1E
#8390000
b0000000000000000000110100100 &
15
17
#8400000
05
07
b1101 ;
b1101 >
1?
b1111 @
b000110100011 B
0E
#8410000
b0000000000000000000110100101 &
15
17
#8420000
b01101 1
b00001111111111110 3
05
07
b0001 ;
b0001 >
0?
b0000 @
b000110100100 B
1E
#8430000
b0000000000000000000110100110 &
15
17
#8440000
05
07
b1101 ;
b1101 >
1?
b1111 @
b000110100101 B
0E
#8450000
b0000000000000000000110100111 &
15
17
#8460000
b01100 1
b11111111111111110 3
05
07
b0010 ;
b0010 >
0?
b0000 @
b000110100110 B
1E
#8470000
b0000000000000000000110101000 &
15
17
#8480000
05
07
b1101 ;
b1101 >
1?
b1111 @
b000110100111 B
0E
#8490000
b0000000000000000000110101001 &
15
17
#8500000
b01011 1
14
05
07
b0011 ;
b0011 >
0?
b0000 @
b000110101000 B
1E
#8510000
b0000000000000000000110101010 &
15
17
#8520000
05
07
b1101 ;
b1101 >
1?
b1111 @
b000110101001 B
0E
#8530000
b0000000000000000000110101011 &
15
17
#8540000
b01010 1
05
07
b0100 ;
b0100 >
0?
b0000 @
b000110101010 B
1E
#8550000
b0000000000000000000110101100 &
15
17
#8560000
05
07
b1101 ;
b1101 >
1?
b1111 @
b000110101011 B
0E
#8570000
b0000000000000000000110101101 &
15
17
#8580000
b01001 1
05
07
b0101 ;
b0101 >
0?
b0000 @
b000110101100 B
1E
#8590000
b0000000000000000000110101110 &
15
17
#8600000
05
07
b1101 ;
b1101 >
1?
b1111 @
b000110101101 B
0E
#8610000
b0000000000000000000110101111 &
15
17
#8620000
b01000 1
05
07
b0110 ;
b0110 >
0?
b0000 @
b000110101110 B
1E
#8630000
b0000000000000000000110110000 &
15
17
#8640000
05
07
b1101 ;
b1101 >
1?
b1111 @
b000110101111 B
0E
#8650000
b0000000000000000000110110001 &
15
17
#8660000
b00111 1
05
07
b0111 ;
b0111 >
0?
b0000 @
b000110110000 B
1E
#8670000
b0000000000000000000110110010 &
15
17
#8680000
05
07
b1101 ;
b1101 >
1?
b1111 @
b000110110001 B
0E
#8690000
b0000000000000000000110110011 &
15
17
#8700000
b00110 1
05
07
b1000 ;
b1000 >
0?
b0000 @
b000110110010 B
1E
#8710000
b0000000000000000000110110100 &
15
17
#8720000
05
07
b1101 ;
b1101 >
1?
b1111 @
b000110110011 B
0E
#8730000
b0000000000000000000110110101 &
15
17
#8740000
b00101 1
05
07
b1001 ;
b1001 >
0?
b0000 @
b000110110100 B
1E
#8750000
b0000000000000000000110110110 &
15
17
#8760000
05
07
b1101 ;
b1101 >
1?
b1111 @
b000110110101 B
0E
#8770000
b0000000000000000000110110111 &
15
17
#8780000
b00100 1
05
07
b1010 ;
b1010 >
0?
b0000 @
b000110110110 B
1E
#8790000
b0000000000000000000110111000 &
15
17
#8800000
05
07
b1101 ;
b1101 >
1?
b1111 @
b000110110111 B
0E
#8810000
b0000000000000000000110111001 &
15
17
#8820000
b00011 1
05
07
b1011 ;
b1011 >
0?
b0000 @
b000110111000 B
1E
#8830000
b0000000000000000000110111010 &
15
17
#8840000
05
07
b1101 ;
b1101 >
1?
b1111 @
b000110111001 B
0E
#8850000
b0000000000000000000110111011 &
15
17
#8860000
b00010 1
05
07
b1100 ;
b1100 >
0?
b0000 @
b000110111010 B
1E
#8870000
b0000000000000000000110111100 &
15
17
#8880000
05
07
b1101 ;
b1101 >
1?
b1111 @
b000110111011 B
0E
#8890000
b0000000000000000000110111101 &
15
17
#8900000
b00001 1
05
07
0?
b0000 @
b000110111100 B
1E
#8910000
b0000000000000000000110111110 &
15
17
#8920000
05
07
1?
b1111 @
b000110111101 B
0E
#8930000
b0000000000000000000110111111 &
15
17
#8940000
b00000 1
05
07
b1110 ;
b1110 >
0?
b0000 @
b000110111110 B
1E
#8950000
b0000000000000000000111000000 &
15
17
#8960000
05
07
b1101 ;
b1101 >
1?
b1111 @
b000110111111 B
0E
#8970000
b0000000000000000000111000001 &
15
17
#8980000
b01111 2
b11111111111111101 3
05
07
b1111 ;
b1111 >
0?
b0000 @
b000111000000 B
1E
#8990000
b0000000000000000000111000010 &
15
17
#9000000
05
07
b1110 ;
b1110 >
1?
b1111 @
b000111000001 B
0E
#9010000
b0000000000000000000111000011 &
15
17
#9020000
b01110 2
b11111111111111100 3
05
07
b0000 ;
b0000 >
0?
b0000 @
b000111000010 B
1E
#9030000
b0000000000000000000111000100 &
15
17
#9040000
05
07
b1110 ;
b1110 >
1?
b1111 @
b000111000011 B
0E
#9050000
b0000000000000000000111000101 &
15
17
#9060000
b01101 2
b11111111111111011 3
05
07
b0001 ;
b0001 >
0?
b0000 @
b000111000100 B
1E
#9070000
b0000000000000000000111000110 &
15
17
#9080000
05
07
b1110 ;
b1110 >
1?
b1111 @
b000111000101 B
0E
#9090000
b0000000000000000000111000111 &
15
17
#9100000
b01100 2
b11111111111111010 3
05
07
b0010 ;
b0010 >
0?
b0000 @
b000111000110 B
1E
#9110000
b0000000000000000000111001000 &
15
17
#9120000
05
07
b1110 ;
b1110 >
1?
b1111 @
b000111000111 B
0E
#9130000
b0000000000000000000111001001 &
15
17
#9140000
b01011 2
b11111111111111001 3
05
07
b0011 ;
b0011 >
0?
b0000 @
b000111001000 B
1E
#9150000
b0000000000000000000111001010 &
15
17
#9160000
05
07
b1110 ;
b1110 >
1?
b1111 @
b000111001001 B
0E
#9170000
b0000000000000000000111001011 &
15
17
#9180000
b01010 2
b11111111111111000 3
05
07
b0100 ;
b0100 >
0?
b0000 @
b000111001010 B
1E
#9190000
b0000000000000000000111001100 &
15
17
#9200000
05
07
b1110 ;
b1110 >
1?
b1111 @
b000111001011 B
0E
#9210000
b0000000000000000000111001101 &
15
17
#9220000
b01001 2
b11111111111110111 3
05
07
b0101 ;
b0101 >
0?
b0000 @
b000111001100 B
1E
#9230000
b0000000000000000000111001110 &
15
17
b10 9
b00000010 <
#9240000
05
07
b1110 ;
b1110 >
1?
b1101 @
b000111001101 B
b1101 D
0E
#9250000
b0000000000000000000111001111 &
15
17
#9260000
b01000 2
b11111111111110110 3
05
07
b0110 ;
b0110 >
0?
b0000 @
b000111001110 B
b0101 D
1E
#9270000
b0000000000000000000111010000 &
15
17
#9280000
05
07
b1110 ;
b1110 >
1?
b0101 @
b000111001111 B
0E
#9290000
b0000000000000000000111010001 &
15
17
#9300000
b00111 2
b11111111111110101 3
05
07
b0111 ;
b0111 >
0?
b0000 @
b000111010000 B
1E
#9310000
b0000000000000000000111010010 &
15
17
#9320000
05
07
b1110 ;
b1110 >
1?
b0101 @
b000111010001 B
0E
#9330000
b0000000000000000000111010011 &
15
17
#9340000
b00110 2
b11111111111110100 3
05
07
b1000 ;
b1000 >
0?
b0000 @
b000111010010 B
1E
#9350000
b0000000000000000000111010100 &
15
17
#9360000
05
07
b1110 ;
b1110 >
1?
b0101 @
b000111010011 B
0E
#9370000
b0000000000000000000111010101 &
15
17
#9380000
b00101 2
b11111111111110011 3
05
07
b1001 ;
b1001 >
0?
b0000 @
b000111010100 B
1E
#9390000
b0000000000000000000111010110 &
15
17
#9400000
05
07
b1110 ;
b1110 >
1?
b0101 @
b000111010101 B
0E
#9410000
b0000000000000000000111010111 &
15
17
#9420000
b00100 2
b11111111111110010 3
05
07
b1010 ;
b1010 >
0?
b0000 @
b000111010110 B
1E
#9430000
b0000000000000000000111011000 &
15
17
#9440000
05
07
b1110 ;
b1110 >
1?
b0101 @
b000111010111 B
0E
#9450000
b0000000000000000000111011001 &
15
17
#9460000
b00011 2
b11111111111110001 3
05
07
b1011 ;
b1011 >
0?
b0000 @
b000111011000 B
1E
#9470000
b0000000000000000000111011010 &
15
17
#9480000
05
07
b1110 ;
b1110 >
1?
b0101 @
b000111011001 B
0E
#9490000
b0000000000000000000111011011 &
15
17
#9500000
b00010 2
b11111111111110000 3
05
07
b1100 ;
b1100 >
0?
b0000 @
b000111011010 B
1E
#9510000
b0000000000000000000111011100 &
15
17
#9520000
05
07
b1110 ;
b1110 >
1?
b0101 @
b000111011011 B
0E
#9530000
b0000000000000000000111011101 &
15
17
#9540000
b00001 2
b11111111111101111 3
05
07
b1101 ;
b1101 >
0?
b0000 @
b000111011100 B
1E
#9550000
b0000000000000000000111011110 &
15
17
b00 8
#9560000
00
05
07
b1110 ;
b1110 >
1?
b000111011101 B
b0000 D
0E
#9570000
b0000000000000000000111011111 &
15
17
#9580000
b10000 1
b10000 2
b00000000000000000 3
04
05
07
0?
b000111011110 B
#9590000
b0000000000000000000111100000 &
15
17
#9600000
05
07
b000111011111 B
#9610000
b0000000000000000000111100001 &
15
17
#9620000
05
07
b1111 ;
b1111 >
b000111100000 B
#9630000
b0000000000000000000111100010 &
15
17
#9640000
05
07
b000111100001 B
#9650000
b0000000000000000000111100011 &
15
17
#9660000
05
07
b0000 ;
b0000 >
b000111100010 B
#9670000
b0000000000000000000111100100 &
15
17
#9680000
05
07
b1111 ;
b1111 >
b000111100011 B
#9690000
b0000000000000000000111100101 &
15
17
#9700000
05
07
b0001 ;
b0001 >
b000111100100 B
#9710000
b0000000000000000000111100110 &
15
17
#9720000
05
07
b1111 ;
b1111 >
b000111100101 B
#9730000
b0000000000000000000111100111 &
15
17
#9740000
05
07
b0010 ;
b0010 >
b000111100110 B
#9750000
b0000000000000000000111101000 &
15
17
b01 8
b11 9
b00000011 <
#9760000
05
07
b1111 ;
b1111 >
b000111100111 B
#9770000
b0000000000000000000111101001 &
15
17
#9780000
05
07
b0011 ;
b0011 >
b000111101000 B
#9790000
b0000000000000000000111101010 &
15
17
#9800000
05
07
b1111 ;
b1111 >
b000111101001 B
#9810000
b0000000000000000000111101011 &
15
17
#9820000
05
07
b0100 ;
b0100 >
b000111101010 B
#9830000
b0000000000000000000111101100 &
15
17
b00 9
b00000000 <
#9840000
10
05
07
b1111 ;
b1111 >
b000111101011 B
#9850000
b0000000000000000000111101101 &
15
17
#9860000
05
07
b0101 ;
b0101 >
b000111101100 B
1E
#9870000
b0000000000000000000111101110 &
15
17
#9880000
05
07
b1111 ;
b1111 >
1?
b000111101101 B
0E
#9890000
b0000000000000000000111101111 &
15
17
#9900000
b01111 1
05
07
b0110 ;
b0110 >
0?
b000111101110 B
1E
#9910000
b0000000000000000000111110000 &
15
17
#9920000
05
07
b1111 ;
b1111 >
1?
b000111101111 B
0E
#9930000
b0000000000000000000111110001 &
15
17
#9940000
b01110 1
05
07
b0111 ;
b0111 >
0?
b000111110000 B
1E
#9950000
b0000000000000000000111110010 &
15
17
#9960000
05
07
b1111 ;
b1111 >
1?
b000111110001 B
0E
#9970000
b0000000000000000000111110011 &
15
17
b11 9
b00000011 <
#9980000
b01101 1
05
07
b1000 ;
b1000 >
0?
b000111110010 B
b0011 D
1E
#9990000
b0000000000000000000111110100 &
15
17
b00 9
b00000000 <
#10000000
05
07
b1111 ;
b1111 >
1?
b1100 @
b000111110011 B
b1100 D
0E
#10010000
b0000000000000000000111110101 &
15
17
#10020000
b01100 1
b00000000000011000 3
05
07
b1001 ;
b1001 >
0?
b0000 @
b000111110100 B
b0000 D
1E
#10030000
b0000000000000000000111110110 &
15
17
#10040000
05
07
b1111 ;
b1111 >
1?
b000111110101 B
0E
#10050000
b0000000000000000000111110111 &
15
17
#10060000
b01011 1
05
07
b1010 ;
b1010 >
0?
b000111110110 B
1E
#10070000
b0000000000000000000111111000 &
15
17
#10080000
05
07
b1111 ;
b1111 >
1?
b000111110111 B
0E
#10090000
b0000000000000000000111111001 &
15
17
#10100000
b01010 1
05
07
b1011 ;
b1011 >
0?
b000111111000 B
1E
#10110000
b0000000000000000000111111010 &
15
17
#10120000
05
07
b1111 ;
b1111 >
1?
b000111111001 B
0E
#10130000
b0000000000000000000111111011 &
15
17
#10140000
b01001 1
05
07
b1100 ;
b1100 >
0?
b000111111010 B
1E
#10150000
b0000000000000000000111111100 &
15
17
#10160000
05
07
b1111 ;
b1111 >
1?
b000111111011 B
0E
#10170000
b0000000000000000000111111101 &
15
17
#10180000
b01000 1
05
07
b1101 ;
b1101 >
0?
b000111111100 B
1E
#10190000
b0000000000000000000111111110 &
15
17
#10200000
05
07
b1111 ;
b1111 >
1?
b000111111101 B
0E
#10210000
b0000000000000000000111111111 &
15
17
#10220000
b00111 1
05
07
b1110 ;
b1110 >
0?
b000111111110 B
1E
#10230000
b0000000000000000001000000000 &
15
17
#10240000
05
07
b1111 ;
b1111 >
1?
b000111111111 B
0E
#10250000
b0000000000000000001000000001 &
15
17
#10260000
b00110 1
05
07
0?
b001000000000 B
1E
#10270000
b0000000000000000001000000010 &
15
17
#10280000
05
07
b0000 ;
b0000 >
1?
b001000000001 B
0E
#10290000
b0000000000000000001000000011 &
15
17
#10300000
b00101 1
05
07
0?
b001000000010 B
1E
#10310000
b0000000000000000001000000100 &
15
17
#10320000
05
07
1?
b001000000011 B
0E
#10330000
b0000000000000000001000000101 &
15
17
#10340000
b00100 1
05
07
b0001 ;
b0001 >
0?
b001000000100 B
1E
#10350000
b0000000000000000001000000110 &
15
17
#10360000
05
07
b0000 ;
b0000 >
1?
b001000000101 B
0E
#10370000
b0000000000000000001000000111 &
15
17
#10380000
b00011 1
05
07
b0010 ;
b0010 >
0?
b001000000110 B
1E
#10390000
b0000000000000000001000001000 &
15
17
#10400000
05
07
b0000 ;
b0000 >
1?
b001000000111 B
0E
#10410000
b0000000000000000001000001001 &
15
17
#10420000
b00010 1
05
07
b0011 ;
b0011 >
0?
b001000001000 B
1E
#10430000
b0000000000000000001000001010 &
15
17
#10440000
05
07
b0000 ;
b0000 >
1?
b001000001001 B
0E
#10450000
b0000000000000000001000001011 &
15
17
#10460000
b00001 1
05
07
b0100 ;
b0100 >
0?
b001000001010 B
1E
#10470000
b0000000000000000001000001100 &
15
17
#10480000
05
07
b0000 ;
b0000 >
1?
b001000001011 B
0E
#10490000
b0000000000000000001000001101 &
15
17
#10500000
b00000 1
05
07
b0101 ;
b0101 >
0?
b001000001100 B
1E
#10510000
b0000000000000000001000001110 &
15
17
#10520000
05
07
b0000 ;
b0000 >
1?
b001000001101 B
0E
#10530000
b0000000000000000001000001111 &
15
17
#10540000
b01111 2
b00000000000010111 3
05
07
b0110 ;
b0110 >
0?
b001000001110 B
1E
#10550000
b0000000000000000001000010000 &
15
17
b10 9
b00000010 <
#10560000
05
07
b0000 ;
b0000 >
1?
b0001 @
b001000001111 B
b0001 D
0E
#10570000
b0000000000000000001000010001 &
15
17
b00 9
b00000000 <
#10580000
b01110 2
b00000000000010110 3
05
07
b0111 ;
b0111 >
0?
b0000 @
b001000010000 B
b0100 D
1E
#10590000
b0000000000000000001000010010 &
15
17
#10600000
05
07
b0000 ;
b0000 >
1?
b001000010001 B
b0000 D
0E
#10610000
b0000000000000000001000010011 &
15
17
#10620000
b01101 2
b00000000000010101 3
05
07
b1000 ;
b1000 >
0?
b001000010010 B
1E
#10630000
b0000000000000000001000010100 &
15
17
b01 9
b00000001 <
#10640000
05
07
b0000 ;
b0000 >
1?
b0010 @
b001000010011 B
b0010 D
0E
#10650000
b0000000000000000001000010101 &
15
17
b00 9
b00000000 <
#10660000
b01100 2
b00000000000010100 3
05
07
b1001 ;
b1001 >
0?
b0000 @
b001000010100 B
b1000 D
1E
#10670000
b0000000000000000001000010110 &
15
17
#10680000
05
07
b0000 ;
b0000 >
1?
b001000010101 B
b0000 D
0E
#10690000
b0000000000000000001000010111 &
15
17
#10700000
b01011 2
b00000000000010011 3
05
07
b1010 ;
b1010 >
0?
b001000010110 B
1E
#10710000
b0000000000000000001000011000 &
15
17
b11 9
b00000011 <
#10720000
05
07
b0000 ;
b0000 >
1?
b0011 @
b001000010111 B
b0011 D
0E
#10730000
b0000000000000000001000011001 &
15
17
b00 9
b00000000 <
#10740000
b01010 2
b00000000000010010 3
05
07
b1011 ;
b1011 >
0?
b0000 @
b001000011000 B
b1100 D
1E
#10750000
b0000000000000000001000011010 &
15
17
#10760000
05
07
b0000 ;
b0000 >
1?
b001000011001 B
b0000 D
0E
#10770000
b0000000000000000001000011011 &
15
17
b10 9
b00000010 <
#10780000
b01001 2
b00000000000010001 3
05
07
b1100 ;
b1100 >
0?
b001000011010 B
b0001 D
1E
#10790000
b0000000000000000001000011100 &
15
17
b00 9
b00000000 <
#10800000
05
07
b0000 ;
b0000 >
1?
b0100 @
b001000011011 B
b0100 D
0E
#10810000
b0000000000000000001000011101 &
15
17
#10820000
b01000 2
b00000000000010000 3
05
07
b1101 ;
b1101 >
0?
b0000 @
b001000011100 B
b0000 D
1E
#10830000
b0000000000000000001000011110 &
15
17
#10840000
05
07
b0000 ;
b0000 >
1?
b001000011101 B
0E
#10850000
b0000000000000000001000011111 &
15
17
b10 9
b00000010 <
#10860000
b00111 2
b00000000000001111 3
05
07
b1110 ;
b1110 >
0?
b001000011110 B
b0001 D
1E
#10870000
b0000000000000000001000100000 &
15
17
#10880000
05
07
b0000 ;
b0000 >
1?
b0101 @
b001000011111 B
b0101 D
0E
#10890000
b0000000000000000001000100001 &
15
17
b00 9
b00000000 <
#10900000
b00110 2
b00000000000001110 3
05
07
b1111 ;
b1111 >
0?
b0000 @
b001000100000 B
b0100 D
1E
#10910000
b0000000000000000001000100010 &
15
17
#10920000
05
07
b0001 ;
b0001 >
1?
b001000100001 B
b0000 D
0E
#10930000
b0000000000000000001000100011 &
15
17
b10 9
b00000010 <
#10940000
b00101 2
b00000000000001101 3
05
07
b0000 ;
b0000 >
0?
b001000100010 B
b0001 D
1E
#10950000
b0000000000000000001000100100 &
15
17
b01 9
b00000001 <
#10960000
05
07
b0001 ;
b0001 >
1?
b0110 @
b001000100011 B
b0110 D
0E
#10970000
b0000000000000000001000100101 &
15
17
b00 9
b00000000 <
#10980000
b00100 2
b00000000000001100 3
05
07
0?
b0000 @
b001000100100 B
b1000 D
1E
#10990000
b0000000000000000001000100110 &
15
17
#11000000
05
07
1?
b001000100101 B
b0000 D
0E
#11010000
b0000000000000000001000100111 &
15
17
b10 9
b00000010 <
#11020000
b00011 2
b00000000000001011 3
05
07
b0010 ;
b0010 >
0?
b001000100110 B
b0001 D
1E
#11030000
b0000000000000000001000101000 &
15
17
b11 9
b00000011 <
#11040000
05
07
b0001 ;
b0001 >
1?
b0111 @
b001000100111 B
b0111 D
0E
#11050000
b0000000000000000001000101001 &
15
17
b00 9
b00000000 <
#11060000
b00010 2
b00000000000001010 3
05
07
b0011 ;
b0011 >
0?
b0000 @
b001000101000 B
b1100 D
1E
#11070000
b0000000000000000001000101010 &
15
17
#11080000
05
07
b0001 ;
b0001 >
1?
b001000101001 B
b0000 D
0E
#11090000
b0000000000000000001000101011 &
15
17
b01 9
b00000001 <
#11100000
b00001 2
b00000000000001001 3
05
07
b0100 ;
b0100 >
0?
b001000101010 B
b0010 D
1E
#11110000
b0000000000000000001000101100 &
15
17
b00 9
b00000000 <
#11120000
05
07
b0001 ;
b0001 >
1?
b1000 @
b001000101011 B
b1000 D
0E
#11130000
b0000000000000000001000101101 &
15
17
#11140000
b00000 2
b00000000000001000 3
05
07
b0101 ;
b0101 >
0?
b0000 @
b001000101100 B
b0000 D
1E
#11150000
b0000000000000000001000101110 &
15
17
#11160000
05
07
b0001 ;
b0001 >
1?
b001000101101 B
0E
#11170000
b0000000000000000001000101111 &
15
17
b01 9
b00000001 <
#11180000
1)
b00000000000000111 3
05
07
b0110 ;
b0110 >
0?
b001000101110 B
b0010 D
1E
#11190000
b0000000000000000001000110000 &
15
17
b10 9
b00000010 <
#11200000
0)
b000000010001 ,
05
07
b0001 ;
b0001 >
1?
b1001 @
b001000101111 B
b1001 D
0E
#11210000
b0000000000000000001000110001 &
15
17
b00 9
b00000000 <
#11220000
1)
b1001 *
b00000000000000110 3
05
07
b0111 ;
b0111 >
0?
b0000 @
b001000110000 B
b0100 D
1E
#11230000
b0000000000000000001000110010 &
15
17
#11240000
0)
b0000 *
b000000010010 ,
05
07
b0001 ;
b0001 >
1?
b001000110001 B
b0000 D
0E
#11250000
b0000000000000000001000110011 &
15
17
b01 9
b00000001 <
#11260000
1)
b00000000000000101 3
05
07
b1000 ;
b1000 >
0?
b001000110010 B
b0010 D
1E
#11270000
b0000000000000000001000110100 &
15
17
#11280000
0)
b000000010011 ,
05
07
b0001 ;
b0001 >
1?
b1010 @
b001000110011 B
b1010 D
0E
#11290000
b0000000000000000001000110101 &
15
17
b00 9
b00000000 <
#11300000
1)
b1010 *
b00000000000000100 3
05
07
b1001 ;
b1001 >
0?
b0000 @
b001000110100 B
b1000 D
1E
#11310000
b0000000000000000001000110110 &
15
17
#11320000
0)
b0000 *
b000000010100 ,
05
07
b0001 ;
b0001 >
1?
b001000110101 B
b0000 D
0E
#11330000
b0000000000000000001000110111 &
15
17
b01 9
b00000001 <
#11340000
1)
b00000000000000011 3
05
07
b1010 ;
b1010 >
0?
b001000110110 B
b0010 D
1E
#11350000
b0000000000000000001000111000 &
15
17
b11 9
b00000011 <
#11360000
0)
b000000010101 ,
05
07
b0001 ;
b0001 >
1?
b1011 @
b001000110111 B
b1011 D
0E
#11370000
b0000000000000000001000111001 &
15
17
b00 9
b00000000 <
#11380000
1)
b1011 *
b00000000000000010 3
05
07
b1011 ;
b1011 >
0?
b0000 @
b001000111000 B
b1100 D
1E
#11390000
b0000000000000000001000111010 &
15
17
#11400000
0)
b0000 *
b000000010110 ,
05
07
b0001 ;
b0001 >
1?
b001000111001 B
b0000 D
0E
#11410000
b0000000000000000001000111011 &
15
17
b11 9
b00000011 <
#11420000
1)
b00000000000000001 3
05
07
b1100 ;
b1100 >
0?
b001000111010 B
b0011 D
1E
#11430000
b0000000000000000001000111100 &
15
17
b00 9
b00000000 <
#11440000
0)
b000000010111 ,
05
07
b0001 ;
b0001 >
1?
b1100 @
b001000111011 B
b1100 D
0E
#11450000
b0000000000000000001000111101 &
15
17
#11460000
1)
b1100 *
b00000000000000000 3
05
07
b1101 ;
b1101 >
0?
b0000 @
b001000111100 B
b0000 D
1E
#11470000
b0000000000000000001000111110 &
15
17
#11480000
0)
b0000 *
b000000011000 ,
05
07
b0001 ;
b0001 >
1?
b001000111101 B
0E
#11490000
b0000000000000000001000111111 &
15
17
#11500000
05
07
b1110 ;
b1110 >
0?
b001000111110 B
1E
#11510000
b0000000000000000001001000000 &
15
17
#11520000
05
07
b0001 ;
b0001 >
1?
b001000111111 B
0E
#11530000
b0000000000000000001001000001 &
15
17
#11540000
05
07
b1111 ;
b1111 >
0?
b001001000000 B
1E
#11550000
b0000000000000000001001000010 &
15
17
#11560000
05
07
b0010 ;
b0010 >
1?
b001001000001 B
0E
#11570000
b0000000000000000001001000011 &
15
17
#11580000
05
07
b0000 ;
b0000 >
0?
b001001000010 B
1E
#11590000
b0000000000000000001001000100 &
15
17
#11600000
05
07
b0010 ;
b0010 >
1?
b001001000011 B
0E
#11610000
b0000000000000000001001000101 &
15
17
#11620000
05
07
b0001 ;
b0001 >
0?
b001001000100 B
1E
#11630000
b0000000000000000001001000110 &
15
17
#11640000
05
07
b0010 ;
b0010 >
1?
b001001000101 B
0E
#11650000
b0000000000000000001001000111 &
15
17
#11660000
05
07
0?
b001001000110 B
1E
#11670000
b0000000000000000001001001000 &
15
17
#11680000
05
07
1?
b001001000111 B
0E
#11690000
b0000000000000000001001001001 &
15
17
#11700000
05
07
b0011 ;
b0011 >
0?
b001001001000 B
1E
#11710000
b0000000000000000001001001010 &
15
17
#11720000
05
07
b0010 ;
b0010 >
1?
b001001001001 B
0E
#11730000
b0000000000000000001001001011 &
15
17
#11740000
05
07
b0100 ;
b0100 >
0?
b001001001010 B
1E
#11750000
b0000000000000000001001001100 &
15
17
b00 8
#11760000
00
05
07
b0010 ;
b0010 >
1?
b001001001011 B
0E
#11770000
b0000000000000000001001001101 &
15
17
#11780000
b10000 1
b10000 2
05
07
b0101 ;
b0101 >
0?
b001001001100 B
#11790000
b0000000000000000001001001110 &
15
17
#11800000
05
07
b0010 ;
b0010 >
b001001001101 B
#11810000
b0000000000000000001001001111 &
15
17
#11820000
05
07
b0110 ;
b0110 >
b001001001110 B
#11830000
b0000000000000000001001010000 &
15
17
#11840000
05
07
b0010 ;
b0010 >
b001001001111 B
#11850000
b0000000000000000001001010001 &
15
17
#11860000
05
07
b0111 ;
b0111 >
b001001010000 B
#11870000
b0000000000000000001001010010 &
15
17
#11880000
05
07
b0010 ;
b0010 >
b001001010001 B
#11890000
b0000000000000000001001010011 &
15
17
#11900000
05
07
b1000 ;
b1000 >
b001001010010 B
#11910000
b0000000000000000001001010100 &
15
17
#11920000
05
07
b0010 ;
b0010 >
b001001010011 B
#11930000
b0000000000000000001001010101 &
15
17
#11940000
05
07
b1001 ;
b1001 >
b001001010100 B
#11950000
b0000000000000000001001010110 &
15
17
#11960000
05
07
b0010 ;
b0010 >
b001001010101 B
#11970000
b0000000000000000001001010111 &
15
17
#11980000
05
07
b1010 ;
b1010 >
b001001010110 B
#11990000
b0000000000000000001001011000 &
15
17
#12000000
05
07
b0010 ;
b0010 >
b001001010111 B
#12010000
b0000000000000000001001011001 &
15
17
#12020000
05
07
b1011 ;
b1011 >
b001001011000 B
#12030000
b0000000000000000001001011010 &
15
17
#12040000
05
07
b0010 ;
b0010 >
b001001011001 B
#12050000
b0000000000000000001001011011 &
15
17
#12060000
05
07
b1100 ;
b1100 >
b001001011010 B
#12070000
b0000000000000000001001011100 &
15
17
#12080000
05
07
b0010 ;
b0010 >
b001001011011 B
#12090000
b0000000000000000001001011101 &
15
17
#12100000
05
07
b1101 ;
b1101 >
b001001011100 B
#12110000
b0000000000000000001001011110 &
15
17
#12120000
05
07
b0010 ;
b0010 >
b001001011101 B
#12130000
b0000000000000000001001011111 &
15
17
#12140000
05
07
b1110 ;
b1110 >
b001001011110 B
#12150000
b0000000000000000001001100000 &
15
17
#12160000
05
07
b0010 ;
b0010 >
b001001011111 B
#12170000
b0000000000000000001001100001 &
15
17
#12180000
05
07
b1111 ;
b1111 >
b001001100000 B
#12190000
b0000000000000000001001100010 &
15
17
#12200000
05
07
b0011 ;
b0011 >
b001001100001 B
#12210000
b0000000000000000001001100011 &
15
17
#12220000
05
07
b0000 ;
b0000 >
b001001100010 B
#12230000
b0000000000000000001001100100 &
15
17
#12240000
05
07
b0011 ;
b0011 >
b001001100011 B
#12250000
b0000000000000000001001100101 &
15
17
#12260000
05
07
b0001 ;
b0001 >
b001001100100 B
#12270000
b0000000000000000001001100110 &
15
17
b01 8
b11 9
b00000011 <
#12280000
05
07
b0011 ;
b0011 >
b001001100101 B
#12290000
b0000000000000000001001100111 &
15
17
#12300000
05
07
b0010 ;
b0010 >
b001001100110 B
#12310000
b0000000000000000001001101000 &
15
17
#12320000
05
07
b0011 ;
b0011 >
b001001100111 B
#12330000
b0000000000000000001001101001 &
15
17
#12340000
05
07
b001001101000 B
#12350000
b0000000000000000001001101010 &
15
17
b00 9
b00000000 <
#12360000
10
05
07
b001001101001 B
#12370000
b0000000000000000001001101011 &
15
17
b11 9
b00000011 <
#12380000
05
07
b0100 ;
b0100 >
b001001101010 B
b0011 D
1E
#12390000
b0000000000000000001001101100 &
15
17
#12400000
05
07
b0011 ;
b0011 >
1?
b1111 @
b001001101011 B
b1111 D
0E
#12410000
b0000000000000000001001101101 &
15
17
#12420000
b01111 1
b00000000000011110 3
05
07
b0101 ;
b0101 >
0?
b0000 @
b001001101100 B
1E
#12430000
b0000000000000000001001101110 &
15
17
#12440000
05
07
b0011 ;
b0011 >
1?
b1111 @
b001001101101 B
0E
#12450000
b0000000000000000001001101111 &
15
17
#12460000
b01110 1
b00000000111111110 3
05
07
b0110 ;
b0110 >
0?
b0000 @
b001001101110 B
1E
#12470000
b0000000000000000001001110000 &
15
17
#12480000
05
07
b0011 ;
b0011 >
1?
b1111 @
b001001101111 B
0E
#12490000
b0000000000000000001001110001 &
15
17
#12500000
b01101 1
b00001111111111110 3
05
07
b0111 ;
b0111 >
0?
b0000 @
b001001110000 B
1E
#12510000
b0000000000000000001001110010 &
15
17
#12520000
05
07
b0011 ;
b0011 >
1?
b1111 @
b001001110001 B
0E
#12530000
b0000000000000000001001110011 &
15
17
#12540000
b01100 1
b11111111111111110 3
05
07
b1000 ;
b1000 >
0?
b0000 @
b001001110010 B
1E
#12550000
b0000000000000000001001110100 &
15
17
#12560000
05
07
b0011 ;
b0011 >
1?
b1111 @
b001001110011 B
0E
#12570000
b0000000000000000001001110101 &
15
17
#12580000
b01011 1
14
05
07
b1001 ;
b1001 >
0?
b0000 @
b001001110100 B
1E
#12590000
b0000000000000000001001110110 &
15
17
#12600000
05
07
b0011 ;
b0011 >
1?
b1111 @
b001001110101 B
0E
#12610000
b0000000000000000001001110111 &
15
17
#12620000
b01010 1
05
07
b1010 ;
b1010 >
0?
b0000 @
b001001110110 B
1E
#12630000
b0000000000000000001001111000 &
15
17
#12640000
05
07
b0011 ;
b0011 >
1?
b1111 @
b001001110111 B
0E
#12650000
b0000000000000000001001111001 &
15
17
#12660000
b01001 1
05
07
b1011 ;
b1011 >
0?
b0000 @
b001001111000 B
1E
#12670000
b0000000000000000001001111010 &
15
17
#12680000
05
07
b0011 ;
b0011 >
1?
b1111 @
b001001111001 B
0E
#12690000
b0000000000000000001001111011 &
15
17
#12700000
b01000 1
05
07
b1100 ;
b1100 >
0?
b0000 @
b001001111010 B
1E
#12710000
b0000000000000000001001111100 &
15
17
#12720000
05
07
b0011 ;
b0011 >
1?
b1111 @
b001001111011 B
0E
#12730000
b0000000000000000001001111101 &
15
17
#12740000
b00111 1
05
07
b1101 ;
b1101 >
0?
b0000 @
b001001111100 B
1E
#12750000
b0000000000000000001001111110 &
15
17
#12760000
05
07
b0011 ;
b0011 >
1?
b1111 @
b001001111101 B
0E
#12770000
b0000000000000000001001111111 &
15
17
#12780000
b00110 1
05
07
b1110 ;
b1110 >
0?
b0000 @
b001001111110 B
1E
#12790000
b0000000000000000001010000000 &
15
17
#12800000
05
07
b0011 ;
b0011 >
1?
b1111 @
b001001111111 B
0E
#12810000
b0000000000000000001010000001 &
15
17
#12820000
b00101 1
05
07
b1111 ;
b1111 >
0?
b0000 @
b001010000000 B
1E
#12830000
b0000000000000000001010000010 &
15
17
#12840000
05
07
b0100 ;
b0100 >
1?
b1111 @
b001010000001 B
0E
#12850000
b0000000000000000001010000011 &
15
17
#12860000
b00100 1
05
07
b0000 ;
b0000 >
0?
b0000 @
b001010000010 B
1E
#12870000
b0000000000000000001010000100 &
15
17
#12880000
05
07
b0100 ;
b0100 >
1?
b1111 @
b001010000011 B
0E
#12890000
b0000000000000000001010000101 &
15
17
#12900000
b00011 1
05
07
b0001 ;
b0001 >
0?
b0000 @
b001010000100 B
1E
#12910000
b0000000000000000001010000110 &
15
17
#12920000
05
07
b0100 ;
b0100 >
1?
b1111 @
b001010000101 B
0E
#12930000
b0000000000000000001010000111 &
15
17
#12940000
b00010 1
05
07
b0010 ;
b0010 >
0?
b0000 @
b001010000110 B
1E
#12950000
b0000000000000000001010001000 &
15
17
#12960000
05
07
b0100 ;
b0100 >
1?
b1111 @
b001010000111 B
0E
#12970000
b0000000000000000001010001001 &
15
17
#12980000
b00001 1
05
07
b0011 ;
b0011 >
0?
b0000 @
b001010001000 B
1E
#12990000
b0000000000000000001010001010 &
15
17
#13000000
05
07
b0100 ;
b0100 >
1?
b1111 @
b001010001001 B
0E
#13010000
b0000000000000000001010001011 &
15
17
#13020000
b00000 1
05
07
0?
b0000 @
b001010001010 B
1E
#13030000
b0000000000000000001010001100 &
15
17
#13040000
05
07
1?
b1111 @
b001010001011 B
0E
#13050000
b0000000000000000001010001101 &
15
17
#13060000
b01111 2
b11111111111111101 3
05
07
b0101 ;
b0101 >
0?
b0000 @
b001010001100 B
1E
#13070000
b0000000000000000001010001110 &
15
17
#13080000
05
07
b0100 ;
b0100 >
1?
b1111 @
b001010001101 B
0E
#13090000
b0000000000000000001010001111 &
15
17
#13100000
b01110 2
b11111111111111100 3
05
07
b0110 ;
b0110 >
0?
b0000 @
b001010001110 B
1E
#13110000
b0000000000000000001010010000 &
15
17
#13120000
05
07
b0100 ;
b0100 >
1?
b1111 @
b001010001111 B
0E
#13130000
b0000000000000000001010010001 &
15
17
#13140000
b01101 2
b11111111111111011 3
05
07
b0111 ;
b0111 >
0?
b0000 @
b001010010000 B
1E
#13150000
b0000000000000000001010010010 &
15
17
#13160000
05
07
b0100 ;
b0100 >
1?
b1111 @
b001010010001 B
0E
#13170000
b0000000000000000001010010011 &
15
17
#13180000
b01100 2
b11111111111111010 3
05
07
b1000 ;
b1000 >
0?
b0000 @
b001010010010 B
1E
#13190000
b0000000000000000001010010100 &
15
17
#13200000
05
07
b0100 ;
b0100 >
1?
b1111 @
b001010010011 B
0E
#13210000
b0000000000000000001010010101 &
15
17
#13220000
b01011 2
b11111111111111001 3
05
07
b1001 ;
b1001 >
0?
b0000 @
b001010010100 B
1E
#13230000
b0000000000000000001010010110 &
15
17
#13240000
05
07
b0100 ;
b0100 >
1?
b1111 @
b001010010101 B
0E
#13250000
b0000000000000000001010010111 &
15
17
#13260000
b01010 2
b11111111111111000 3
05
07
b1010 ;
b1010 >
0?
b0000 @
b001010010110 B
1E
#13270000
b0000000000000000001010011000 &
15
17
#13280000
05
07
b0100 ;
b0100 >
1?
b1111 @
b001010010111 B
0E
#13290000
b0000000000000000001010011001 &
15
17
#13300000
b01001 2
b11111111111110111 3
05
07
b1011 ;
b1011 >
0?
b0000 @
b001010011000 B
1E
#13310000
b0000000000000000001010011010 &
15
17
b10 9
b00000010 <
#13320000
05
07
b0100 ;
b0100 >
1?
b1101 @
b001010011001 B
b1101 D
0E
#13330000
b0000000000000000001010011011 &
15
17
#13340000
b01000 2
b11111111111110110 3
05
07
b1100 ;
b1100 >
0?
b0000 @
b001010011010 B
b0101 D
1E
#13350000
b0000000000000000001010011100 &
15
17
#13360000
05
07
b0100 ;
b0100 >
1?
b0101 @
b001010011011 B
0E
#13370000
b0000000000000000001010011101 &
15
17
#13380000
b00111 2
b11111111111110101 3
05
07
b1101 ;
b1101 >
0?
b0000 @
b001010011100 B
1E
#13390000
b0000000000000000001010011110 &
15
17
#13400000
05
07
b0100 ;
b0100 >
1?
b0101 @
b001010011101 B
0E
#13410000
b0000000000000000001010011111 &
15
17
#13420000
b00110 2
b11111111111110100 3
05
07
b1110 ;
b1110 >
0?
b0000 @
b001010011110 B
1E
#13430000
b0000000000000000001010100000 &
15
17
#13440000
05
07
b0100 ;
b0100 >
1?
b0101 @
b001010011111 B
0E
#13450000
b0000000000000000001010100001 &
15
17
#13460000
b00101 2
b11111111111110011 3
05
07
b1111 ;
b1111 >
0?
b0000 @
b001010100000 B
1E
#13470000
b0000000000000000001010100010 &
15
17
#13480000
05
07
b0101 ;
b0101 >
1?
b0101 @
b001010100001 B
0E
#13490000
b0000000000000000001010100011 &
15
17
#13500000
b00100 2
b11111111111110010 3
05
07
b0000 ;
b0000 >
0?
b0000 @
b001010100010 B
1E
#13510000
b0000000000000000001010100100 &
15
17
#13520000
05
07
b0101 ;
b0101 >
1?
b0101 @
b001010100011 B
0E
#13530000
b0000000000000000001010100101 &
15
17
#13540000
b00011 2
b11111111111110001 3
05
07
b0001 ;
b0001 >
0?
b0000 @
b001010100100 B
1E
#13550000
b0000000000000000001010100110 &
15
17
#13560000
05
07
b0101 ;
b0101 >
1?
b0101 @
b001010100101 B
0E
#13570000
b0000000000000000001010100111 &
15
17
#13580000
b00010 2
b11111111111110000 3
05
07
b0010 ;
b0010 >
0?
b0000 @
b001010100110 B
1E
#13590000
b0000000000000000001010101000 &
15
17
#13600000
05
07
b0101 ;
b0101 >
1?
b0101 @
b001010100111 B
0E
#13610000
b0000000000000000001010101001 &
15
17
#13620000
b00001 2
b11111111111101111 3
05
07
b0011 ;
b0011 >
0?
b0000 @
b001010101000 B
1E
#13630000
b0000000000000000001010101010 &
15
17
b00 8
#13640000
00
05
07
b0101 ;
b0101 >
1?
b001010101001 B
b0000 D
0E
#13650000
b0000000000000000001010101011 &
15
17
#13660000
b10000 1
b10000 2
b00000000000000000 3
04
05
07
b0100 ;
b0100 >
0?
b001010101010 B
#13670000
b0000000000000000001010101100 &
15
17
#13680000
05
07
b0101 ;
b0101 >
b001010101011 B
#13690000
b0000000000000000001010101101 &
15
17
#13700000
05
07
b001010101100 B
#13710000
b0000000000000000001010101110 &
15
17
#13720000
05
07
b001010101101 B
#13730000
b0000000000000000001010101111 &
15
17
#13740000
05
07
b0110 ;
b0110 >
b001010101110 B
#13750000
b0000000000000000001010110000 &
15
17
#13760000
05
07
b0101 ;
b0101 >
b001010101111 B
#13770000
b0000000000000000001010110001 &
15
17
#13780000
05
07
b0111 ;
b0111 >
b001010110000 B
#13790000
b0000000000000000001010110010 &
15
17
#13800000
05
07
b0101 ;
b0101 >
b001010110001 B
#13810000
b0000000000000000001010110011 &
15
17
#13820000
05
07
b1000 ;
b1000 >
b001010110010 B
#13830000
b0000000000000000001010110100 &
15
17
b01 8
b11 9
b00000011 <
#13840000
05
07
b0101 ;
b0101 >
b001010110011 B
#13850000
b0000000000000000001010110101 &
15
17
#13860000
05
07
b1001 ;
b1001 >
b001010110100 B
#13870000
b0000000000000000001010110110 &
15
17
#13880000
05
07
b0101 ;
b0101 >
b001010110101 B
#13890000
b0000000000000000001010110111 &
15
17
#13900000
05
07
b1010 ;
b1010 >
b001010110110 B
#13910000
b0000000000000000001010111000 &
15
17
b00 9
b00000000 <
#13920000
10
05
07
b0101 ;
b0101 >
b001010110111 B
#13930000
b0000000000000000001010111001 &
15
17
#13940000
05
07
b1011 ;
b1011 >
b001010111000 B
1E
#13950000
b0000000000000000001010111010 &
15
17
#13960000
05
07
b0101 ;
b0101 >
1?
b001010111001 B
0E
#13970000
b0000000000000000001010111011 &
15
17
#13980000
b01111 1
05
07
b1100 ;
b1100 >
0?
b001010111010 B
1E
#13990000
b0000000000000000001010111100 &
15
17
#14000000
05
07
b0101 ;
b0101 >
1?
b001010111011 B
0E
#14010000
b0000000000000000001010111101 &
15
17
#14020000
b01110 1
05
07
b1101 ;
b1101 >
0?
b001010111100 B
1E
#14030000
b0000000000000000001010111110 &
15
17
#14040000
05
07
b0101 ;
b0101 >
1?
b001010111101 B
0E
#14050000
b0000000000000000001010111111 &
15
17
b11 9
b00000011 <
#14060000
b01101 1
05
07
b1110 ;
b1110 >
0?
b001010111110 B
b0011 D
1E
#14070000
b0000000000000000001011000000 &
15
17
b00 9
b00000000 <
#14080000
05
07
b0101 ;
b0101 >
1?
b1100 @
b001010111111 B
b1100 D
0E
#14090000
b0000000000000000001011000001 &
15
17
#14100000
b01100 1
b00000000000011000 3
05
07
b1111 ;
b1111 >
0?
b0000 @
b001011000000 B
b0000 D
1E
#14110000
b0000000000000000001011000010 &
15
17
#14120000
05
07
b0110 ;
b0110 >
1?
b001011000001 B
0E
#14130000
b0000000000000000001011000011 &
15
17
#14140000
b01011 1
05
07
b0000 ;
b0000 >
0?
b001011000010 B
1E
#14150000
b0000000000000000001011000100 &
15
17
#14160000
05
07
b0110 ;
b0110 >
1?
b001011000011 B
0E
#14170000
b0000000000000000001011000101 &
15
17
#14180000
b01010 1
05
07
b0001 ;
b0001 >
0?
b001011000100 B
1E
#14190000
b0000000000000000001011000110 &
15
17
#14200000
05
07
b0110 ;
b0110 >
1?
b001011000101 B
0E
#14210000
b0000000000000000001011000111 &
15
17
#14220000
b01001 1
05
07
b0010 ;
b0010 >
0?
b001011000110 B
1E
#14230000
b0000000000000000001011001000 &
15
17
#14240000
05
07
b0110 ;
b0110 >
1?
b001011000111 B
0E
#14250000
b0000000000000000001011001001 &
15
17
#14260000
b01000 1
05
07
b0011 ;
b0011 >
0?
b001011001000 B
1E
#14270000
b0000000000000000001011001010 &
15
17
#14280000
05
07
b0110 ;
b0110 >
1?
b001011001001 B
0E
#14290000
b0000000000000000001011001011 &
15
17
#14300000
b00111 1
05
07
b0100 ;
b0100 >
0?
b001011001010 B
1E
#14310000
b0000000000000000001011001100 &
15
17
#14320000
05
07
b0110 ;
b0110 >
1?
b001011001011 B
0E
#14330000
b0000000000000000001011001101 &
15
17
#14340000
b00110 1
05
07
b0101 ;
b0101 >
0?
b001011001100 B
1E
#14350000
b0000000000000000001011001110 &
15
17
#14360000
05
07
b0110 ;
b0110 >
1?
b001011001101 B
0E
#14370000
b0000000000000000001011001111 &
15
17
#14380000
b00101 1
05
07
0?
b001011001110 B
1E
#14390000
b0000000000000000001011010000 &
15
17
#14400000
05
07
1?
b001011001111 B
0E
#14410000
b0000000000000000001011010001 &
15
17
#14420000
b00100 1
05
07
b0111 ;
b0111 >
0?
b001011010000 B
1E
#14430000
b0000000000000000001011010010 &
15
17
#14440000
05
07
b0110 ;
b0110 >
1?
b001011010001 B
0E
#14450000
b0000000000000000001011010011 &
15
17
#14460000
b00011 1
05
07
b1000 ;
b1000 >
0?
b001011010010 B
1E
#14470000
b0000000000000000001011010100 &
15
17
#14480000
05
07
b0110 ;
b0110 >
1?
b001011010011 B
0E
#14490000
b0000000000000000001011010101 &
15
17
#14500000
b00010 1
05
07
b1001 ;
b1001 >
0?
b001011010100 B
1E
#14510000
b0000000000000000001011010110 &
15
17
#14520000
05
07
b0110 ;
b0110 >
1?
b001011010101 B
0E
#14530000
b0000000000000000001011010111 &
15
17
#14540000
b00001 1
05
07
b1010 ;
b1010 >
0?
b001011010110 B
1E
#14550000
b0000000000000000001011011000 &
15
17
#14560000
05
07
b0110 ;
b0110 >
1?
b001011010111 B
0E
#14570000
b0000000000000000001011011001 &
15
17
#14580000
b00000 1
05
07
b1011 ;
b1011 >
0?
b001011011000 B
1E
#14590000
b0000000000000000001011011010 &
15
17
#14600000
05
07
b0110 ;
b0110 >
1?
b001011011001 B
0E
#14610000
b0000000000000000001011011011 &
15
17
#14620000
b01111 2
b00000000000010111 3
05
07
b1100 ;
b1100 >
0?
b001011011010 B
1E
#14630000
b0000000000000000001011011100 &
15
17
b10 9
b00000010 <
#14640000
05
07
b0110 ;
b0110 >
1?
b0001 @
b001011011011 B
b0001 D
0E
#14650000
b0000000000000000001011011101 &
15
17
b00 9
b00000000 <
#14660000
b01110 2
b00000000000010110 3
05
07
b1101 ;
b1101 >
0?
b0000 @
b001011011100 B
b0100 D
1E
#14670000
b0000000000000000001011011110 &
15
17
#14680000
05
07
b0110 ;
b0110 >
1?
b001011011101 B
b0000 D
0E
#14690000
b0000000000000000001011011111 &
15
17
#14700000
b01101 2
b00000000000010101 3
05
07
b1110 ;
b1110 >
0?
b001011011110 B
1E
#14710000
b0000000000000000001011100000 &
15
17
b01 9
b00000001 <
#14720000
05
07
b0110 ;
b0110 >
1?
b0010 @
b001011011111 B
b0010 D
0E
#14730000
b0000000000000000001011100001 &
15
17
b00 9
b00000000 <
#14740000
b01100 2
b00000000000010100 3
05
07
b1111 ;
b1111 >
0?
b0000 @
b001011100000 B
b1000 D
1E
#14750000
b0000000000000000001011100010 &
15
17
#14760000
05
07
b0111 ;
b0111 >
1?
b001011100001 B
b0000 D
0E
#14770000
b0000000000000000001011100011 &
15
17
#14780000
b01011 2
b00000000000010011 3
05
07
b0000 ;
b0000 >
0?
b001011100010 B
1E
#14790000
b0000000000000000001011100100 &
15
17
b11 9
b00000011 <
#14800000
05
07
b0111 ;
b0111 >
1?
b0011 @
b001011100011 B
b0011 D
0E
#14810000
b0000000000000000001011100101 &
15
17
b00 9
b00000000 <
#14820000
b01010 2
b00000000000010010 3
05
07
b0001 ;
b0001 >
0?
b0000 @
b001011100100 B
b1100 D
1E
#14830000
b0000000000000000001011100110 &
15
17
#14840000
05
07
b0111 ;
b0111 >
1?
b001011100101 B
b0000 D
0E
#14850000
b0000000000000000001011100111 &
15
17
b10 9
b00000010 <
#14860000
b01001 2
b00000000000010001 3
05
07
b0010 ;
b0010 >
0?
b001011100110 B
b0001 D
1E
#14870000
b0000000000000000001011101000 &
15
17
b00 9
b00000000 <
#14880000
05
07
b0111 ;
b0111 >
1?
b0100 @
b001011100111 B
b0100 D
0E
#14890000
b0000000000000000001011101001 &
15
17
#14900000
b01000 2
b00000000000010000 3
05
07
b0011 ;
b0011 >
0?
b0000 @
b001011101000 B
b0000 D
1E
#14910000
b0000000000000000001011101010 &
15
17
#14920000
05
07
b0111 ;
b0111 >
1?
b001011101001 B
0E
#14930000
b0000000000000000001011101011 &
15
17
b10 9
b00000010 <
#14940000
b00111 2
b00000000000001111 3
05
07
b0100 ;
b0100 >
0?
b001011101010 B
b0001 D
1E
#14950000
b0000000000000000001011101100 &
15
17
#14960000
05
07
b0111 ;
b0111 >
1?
b0101 @
b001011101011 B
b0101 D
0E
#14970000
b0000000000000000001011101101 &
15
17
b00 9
b00000000 <
#14980000
b00110 2
b00000000000001110 3
05
07
b0101 ;
b0101 >
0?
b0000 @
b001011101100 B
b0100 D
1E
#14990000
b0000000000000000001011101110 &
15
17
#15000000
05
07
b0111 ;
b0111 >
1?
b001011101101 B
b0000 D
0E
#15010000
b0000000000000000001011101111 &
15
17
b10 9
b00000010 <
#15020000
b00101 2
b00000000000001101 3
05
07
b0110 ;
b0110 >
0?
b001011101110 B
b0001 D
1E
#15030000
b0000000000000000001011110000 &
15
17
b01 9
b00000001 <
#15040000
05
07
b0111 ;
b0111 >
1?
b0110 @
b001011101111 B
b0110 D
0E
#15050000
b0000000000000000001011110001 &
15
17
b00 9
b00000000 <
#15060000
b00100 2
b00000000000001100 3
05
07
0?
b0000 @
b001011110000 B
b1000 D
1E
#15070000
b0000000000000000001011110010 &
15
17
#15080000
05
07
1?
b001011110001 B
b0000 D
0E
#15090000
b0000000000000000001011110011 &
15
17
b10 9
b00000010 <
#15100000
b00011 2
b00000000000001011 3
05
07
b1000 ;
b1000 >
0?
b001011110010 B
b0001 D
1E
#15110000
b0000000000000000001011110100 &
15
17
b11 9
b00000011 <
#15120000
05
07
b0111 ;
b0111 >
1?
b0111 @
b001011110011 B
b0111 D
0E
#15130000
b0000000000000000001011110101 &
15
17
b00 9
b00000000 <
#15140000
b00010 2
b00000000000001010 3
05
07
b1001 ;
b1001 >
0?
b0000 @
b001011110100 B
b1100 D
1E
#15150000
b0000000000000000001011110110 &
15
17
#15160000
05
07
b0111 ;
b0111 >
1?
b001011110101 B
b0000 D
0E
#15170000
b0000000000000000001011110111 &
15
17
b01 9
b00000001 <
#15180000
b00001 2
b00000000000001001 3
05
07
b1010 ;
b1010 >
0?
b001011110110 B
b0010 D
1E
#15190000
b0000000000000000001011111000 &
15
17
b00 9
b00000000 <
#15200000
05
07
b0111 ;
b0111 >
1?
b1000 @
b001011110111 B
b1000 D
0E
#15210000
b0000000000000000001011111001 &
15
17
#15220000
b00000 2
b00000000000001000 3
05
07
b1011 ;
b1011 >
0?
b0000 @
b001011111000 B
b0000 D
1E
#15230000
b0000000000000000001011111010 &
15
17
#15240000
05
07
b0111 ;
b0111 >
1?
b001011111001 B
0E
#15250000
b0000000000000000001011111011 &
15
17
b01 9
b00000001 <
#15260000
1)
b00000000000000111 3
05
07
b1100 ;
b1100 >
0?
b001011111010 B
b0010 D
1E
#15270000
b0000000000000000001011111100 &
15
17
b10 9
b00000010 <
#15280000
0)
b000000011001 ,
05
07
b0111 ;
b0111 >
1?
b1001 @
b001011111011 B
b1001 D
0E
#15290000
b0000000000000000001011111101 &
15
17
b00 9
b00000000 <
#15300000
1)
b1001 *
b00000000000000110 3
05
07
b1101 ;
b1101 >
0?
b0000 @
b001011111100 B
b0100 D
1E
#15310000
b0000000000000000001011111110 &
15
17
#15320000
0)
b0000 *
b000000011010 ,
05
07
b0111 ;
b0111 >
1?
b001011111101 B
b0000 D
0E
#15330000
b0000000000000000001011111111 &
15
17
b01 9
b00000001 <
#15340000
1)
b00000000000000101 3
05
07
b1110 ;
b1110 >
0?
b001011111110 B
b0010 D
1E
#15350000
b0000000000000000001100000000 &
15
17
#15360000
0)
b000000011011 ,
05
07
b0111 ;
b0111 >
1?
b1010 @
b001011111111 B
b1010 D
0E
#15370000
b0000000000000000001100000001 &
15
17
b00 9
b00000000 <
#15380000
1)
b1010 *
b00000000000000100 3
05
07
b1111 ;
b1111 >
0?
b0000 @
b001100000000 B
b1000 D
1E
#15390000
b0000000000000000001100000010 &
15
17
#15400000
0)
b0000 *
b000000011100 ,
05
07
b1000 ;
b1000 >
1?
b001100000001 B
b0000 D
0E
#15410000
b0000000000000000001100000011 &
15
17
b01 9
b00000001 <
#15420000
1)
b00000000000000011 3
05
07
b0000 ;
b0000 >
0?
b001100000010 B
b0010 D
1E
#15430000
b0000000000000000001100000100 &
15
17
b11 9
b00000011 <
#15440000
0)
b000000011101 ,
05
07
b1000 ;
b1000 >
1?
b1011 @
b001100000011 B
b1011 D
0E
#15450000
b0000000000000000001100000101 &
15
17
b00 9
b00000000 <
#15460000
1)
b1011 *
b00000000000000010 3
05
07
b0001 ;
b0001 >
0?
b0000 @
b001100000100 B
b1100 D
1E
#15470000
b0000000000000000001100000110 &
15
17
#15480000
0)
b0000 *
b000000011110 ,
05
07
b1000 ;
b1000 >
1?
b001100000101 B
b0000 D
0E
#15490000
b0000000000000000001100000111 &
15
17
b11 9
b00000011 <
#15500000
1)
b00000000000000001 3
05
07
b0010 ;
b0010 >
0?
b001100000110 B
b0011 D
1E
#15510000
b0000000000000000001100001000 &
15
17
b00 9
b00000000 <
#15520000
0)
b000000011111 ,
05
07
b1000 ;
b1000 >
1?
b1100 @
b001100000111 B
b1100 D
0E
#15530000
b0000000000000000001100001001 &
15
17
#15540000
1)
b1100 *
b00000000000000000 3
05
07
b0011 ;
b0011 >
0?
b0000 @
b001100001000 B
b0000 D
1E
#15550000
b0000000000000000001100001010 &
15
17
#15560000
0)
b0000 *
b000000100000 ,
05
07
b1000 ;
b1000 >
1?
b001100001001 B
0E
#15570000
b0000000000000000001100001011 &
15
17
#15580000
05
07
b0100 ;
b0100 >
0?
b001100001010 B
1E
#15590000
b0000000000000000001100001100 &
15
17
#15600000
05
07
b1000 ;
b1000 >
1?
b001100001011 B
0E
#15610000
b0000000000000000001100001101 &
15
17
#15620000
05
07
b0101 ;
b0101 >
0?
b001100001100 B
1E
#15630000
b0000000000000000001100001110 &
15
17
#15640000
05
07
b1000 ;
b1000 >
1?
b001100001101 B
0E
#15650000
b0000000000000000001100001111 &
15
17
#15660000
05
07
b0110 ;
b0110 >
0?
b001100001110 B
1E
#15670000
b0000000000000000001100010000 &
15
17
#15680000
05
07
b1000 ;
b1000 >
1?
b001100001111 B
0E
#15690000
b0000000000000000001100010001 &
15
17
#15700000
05
07
b0111 ;
b0111 >
0?
b001100010000 B
1E
#15710000
b0000000000000000001100010010 &
15
17
#15720000
05
07
b1000 ;
b1000 >
1?
b001100010001 B
0E
#15730000
b0000000000000000001100010011 &
15
17
#15740000
05
07
0?
b001100010010 B
1E
#15750000
b0000000000000000001100010100 &
15
17
#15760000
05
07
1?
b001100010011 B
0E
#15770000
b0000000000000000001100010101 &
15
17
#15780000
05
07
b1001 ;
b1001 >
0?
b001100010100 B
1E
#15790000
b0000000000000000001100010110 &
15
17
#15800000
05
07
b1000 ;
b1000 >
1?
b001100010101 B
0E
#15810000
b0000000000000000001100010111 &
15
17
#15820000
05
07
b1010 ;
b1010 >
0?
b001100010110 B
1E
#15830000
b0000000000000000001100011000 &
15
17
b00 8
#15840000
00
05
07
b1000 ;
b1000 >
1?
b001100010111 B
0E
#15850000
b0000000000000000001100011001 &
15
17
#15860000
b10000 1
b10000 2
05
07
b1011 ;
b1011 >
0?
b001100011000 B
#15870000
b0000000000000000001100011010 &
15
17
#15880000
05
07
b1000 ;
b1000 >
b001100011001 B
#15890000
b0000000000000000001100011011 &
15
17
#15900000
05
07
b1100 ;
b1100 >
b001100011010 B
#15910000
b0000000000000000001100011100 &
15
17
#15920000
05
07
b1000 ;
b1000 >
b001100011011 B
#15930000
b0000000000000000001100011101 &
15
17
#15940000
05
07
b1101 ;
b1101 >
b001100011100 B
#15950000
b0000000000000000001100011110 &
15
17
#15960000
05
07
b1000 ;
b1000 >
b001100011101 B
#15970000
b0000000000000000001100011111 &
15
17
#15980000
05
07
b1110 ;
b1110 >
b001100011110 B
#15990000
b0000000000000000001100100000 &
15
17
#16000000
05
07
b1000 ;
b1000 >
b001100011111 B
#16010000
b0000000000000000001100100001 &
15
17
#16020000
05
07
b1111 ;
b1111 >
b001100100000 B
#16030000
b0000000000000000001100100010 &
15
17
#16040000
05
07
b1001 ;
b1001 >
b001100100001 B
#16050000
b0000000000000000001100100011 &
15
17
#16060000
05
07
b0000 ;
b0000 >
b001100100010 B
#16070000
b0000000000000000001100100100 &
15
17
#16080000
05
07
b1001 ;
b1001 >
b001100100011 B
#16090000
b0000000000000000001100100101 &
15
17
#16100000
05
07
b0001 ;
b0001 >
b001100100100 B
#16110000
b0000000000000000001100100110 &
15
17
#16120000
05
07
b1001 ;
b1001 >
b001100100101 B
#16130000
b0000000000000000001100100111 &
15
17
#16140000
05
07
b0010 ;
b0010 >
b001100100110 B
#16150000
b0000000000000000001100101000 &
15
17
#16160000
05
07
b1001 ;
b1001 >
b001100100111 B
#16170000
b0000000000000000001100101001 &
15
17
#16180000
05
07
b0011 ;
b0011 >
b001100101000 B
#16190000
b0000000000000000001100101010 &
15
17
#16200000
05
07
b1001 ;
b1001 >
b001100101001 B
#16210000
b0000000000000000001100101011 &
15
17
#16220000
05
07
b0100 ;
b0100 >
b001100101010 B
#16230000
b0000000000000000001100101100 &
15
17
#16240000
05
07
b1001 ;
b1001 >
b001100101011 B
#16250000
b0000000000000000001100101101 &
15
17
#16260000
05
07
b0101 ;
b0101 >
b001100101100 B
#16270000
b0000000000000000001100101110 &
15
17
#16280000
05
07
b1001 ;
b1001 >
b001100101101 B
#16290000
b0000000000000000001100101111 &
15
17
#16300000
05
07
b0110 ;
b0110 >
b001100101110 B
#16310000
b0000000000000000001100110000 &
15
17
#16320000
05
07
b1001 ;
b1001 >
b001100101111 B
#16330000
b0000000000000000001100110001 &
15
17
#16340000
05
07
b0111 ;
b0111 >
b001100110000 B
#16350000
b0000000000000000001100110010 &
15
17
b01 8
b11 9
b00000011 <
#16360000
05
07
b1001 ;
b1001 >
b001100110001 B
#16370000
b0000000000000000001100110011 &
15
17
#16380000
05
07
b1000 ;
b1000 >
b001100110010 B
#16390000
b0000000000000000001100110100 &
15
17
#16400000
05
07
b1001 ;
b1001 >
b001100110011 B
#16410000
b0000000000000000001100110101 &
15
17
#16420000
05
07
b001100110100 B
#16430000
b0000000000000000001100110110 &
15
17
b00 9
b00000000 <
#16440000
10
05
07
b001100110101 B
#16450000
b0000000000000000001100110111 &
15
17
b11 9
b00000011 <
#16460000
05
07
b1010 ;
b1010 >
b001100110110 B
b0011 D
1E
#16470000
b0000000000000000001100111000 &
15
17
#16480000
05
07
b1001 ;
b1001 >
1?
b1111 @
b001100110111 B
b1111 D
0E
#16490000
b0000000000000000001100111001 &
15
17
#16500000
b01111 1
b00000000000011110 3
05
07
b1011 ;
b1011 >
0?
b0000 @
b001100111000 B
1E
#16510000
b0000000000000000001100111010 &
15
17
#16520000
05
07
b1001 ;
b1001 >
1?
b1111 @
b001100111001 B
0E
#16530000
b0000000000000000001100111011 &
15
17
#16540000
b01110 1
b00000000111111110 3
05
07
b1100 ;
b1100 >
0?
b0000 @
b001100111010 B
1E
#16550000
b0000000000000000001100111100 &
15
17
#16560000
05
07
b1001 ;
b1001 >
1?
b1111 @
b001100111011 B
0E
#16570000
b0000000000000000001100111101 &
15
17
#16580000
b01101 1
b00001111111111110 3
05
07
b1101 ;
b1101 >
0?
b0000 @
b001100111100 B
1E
#16590000
b0000000000000000001100111110 &
15
17
#16600000
05
07
b1001 ;
b1001 >
1?
b1111 @
b001100111101 B
0E
#16610000
b0000000000000000001100111111 &
15
17
#16620000
b01100 1
b11111111111111110 3
05
07
b1110 ;
b1110 >
0?
b0000 @
b001100111110 B
1E
#16630000
b0000000000000000001101000000 &
15
17
#16640000
05
07
b1001 ;
b1001 >
1?
b1111 @
b001100111111 B
0E
#16650000
b0000000000000000001101000001 &
15
17
#16660000
b01011 1
14
05
07
b1111 ;
b1111 >
0?
b0000 @
b001101000000 B
1E
#16670000
b0000000000000000001101000010 &
15
17
#16680000
05
07
b1010 ;
b1010 >
1?
b1111 @
b001101000001 B
0E
#16690000
b0000000000000000001101000011 &
15
17
#16700000
b01010 1
05
07
b0000 ;
b0000 >
0?
b0000 @
b001101000010 B
1E
#16710000
b0000000000000000001101000100 &
15
17
#16720000
05
07
b1010 ;
b1010 >
1?
b1111 @
b001101000011 B
0E
#16730000
b0000000000000000001101000101 &
15
17
#16740000
b01001 1
05
07
b0001 ;
b0001 >
0?
b0000 @
b001101000100 B
1E
#16750000
b0000000000000000001101000110 &
15
17
#16760000
05
07
b1010 ;
b1010 >
1?
b1111 @
b001101000101 B
0E
#16770000
b0000000000000000001101000111 &
15
17
#16780000
b01000 1
05
07
b0010 ;
b0010 >
0?
b0000 @
b001101000110 B
1E
#16790000
b0000000000000000001101001000 &
15
17
#16800000
05
07
b1010 ;
b1010 >
1?
b1111 @
b001101000111 B
0E
#16810000
b0000000000000000001101001001 &
15
17
#16820000
b00111 1
05
07
b0011 ;
b0011 >
0?
b0000 @
b001101001000 B
1E
#16830000
b0000000000000000001101001010 &
15
17
#16840000
05
07
b1010 ;
b1010 >
1?
b1111 @
b001101001001 B
0E
#16850000
b0000000000000000001101001011 &
15
17
#16860000
b00110 1
05
07
b0100 ;
b0100 >
0?
b0000 @
b001101001010 B
1E
#16870000
b0000000000000000001101001100 &
15
17
#16880000
05
07
b1010 ;
b1010 >
1?
b1111 @
b001101001011 B
0E
#16890000
b0000000000000000001101001101 &
15
17
#16900000
b00101 1
05
07
b0101 ;
b0101 >
0?
b0000 @
b001101001100 B
1E
#16910000
b0000000000000000001101001110 &
15
17
#16920000
05
07
b1010 ;
b1010 >
1?
b1111 @
b001101001101 B
0E
#16930000
b0000000000000000001101001111 &
15
17
#16940000
b00100 1
05
07
b0110 ;
b0110 >
0?
b0000 @
b001101001110 B
1E
#16950000
b0000000000000000001101010000 &
15
17
#16960000
05
07
b1010 ;
b1010 >
1?
b1111 @
b001101001111 B
0E
#16970000
b0000000000000000001101010001 &
15
17
#16980000
b00011 1
05
07
b0111 ;
b0111 >
0?
b0000 @
b001101010000 B
1E
#16990000
b0000000000000000001101010010 &
15
17
#17000000
05
07
b1010 ;
b1010 >
1?
b1111 @
b001101010001 B
0E
#17010000
b0000000000000000001101010011 &
15
17
#17020000
b00010 1
05
07
b1000 ;
b1000 >
0?
b0000 @
b001101010010 B
1E
#17030000
b0000000000000000001101010100 &
15
17
#17040000
05
07
b1010 ;
b1010 >
1?
b1111 @
b001101010011 B
0E
#17050000
b0000000000000000001101010101 &
15
17
#17060000
b00001 1
05
07
b1001 ;
b1001 >
0?
b0000 @
b001101010100 B
1E
#17070000
b0000000000000000001101010110 &
15
17
#17080000
05
07
b1010 ;
b1010 >
1?
b1111 @
b001101010101 B
0E
#17090000
b0000000000000000001101010111 &
15
17
#17100000
b00000 1
05
07
0?
b0000 @
b001101010110 B
1E
#17110000
b0000000000000000001101011000 &
15
17
#17120000
05
07
1?
b1111 @
b001101010111 B
0E
#17130000
b0000000000000000001101011001 &
15
17
#17140000
b01111 2
b11111111111111101 3
05
07
b1011 ;
b1011 >
0?
b0000 @
b001101011000 B
1E
#17150000
b0000000000000000001101011010 &
15
17
#17160000
05
07
b1010 ;
b1010 >
1?
b1111 @
b001101011001 B
0E
#17170000
b0000000000000000001101011011 &
15
17
#17180000
b01110 2
b11111111111111100 3
05
07
b1100 ;
b1100 >
0?
b0000 @
b001101011010 B
1E
#17190000
b0000000000000000001101011100 &
15
17
#17200000
05
07
b1010 ;
b1010 >
1?
b1111 @
b001101011011 B
0E
#17210000
b0000000000000000001101011101 &
15
17
#17220000
b01101 2
b11111111111111011 3
05
07
b1101 ;
b1101 >
0?
b0000 @
b001101011100 B
1E
#17230000
b0000000000000000001101011110 &
15
17
#17240000
05
07
b1010 ;
b1010 >
1?
b1111 @
b001101011101 B
0E
#17250000
b0000000000000000001101011111 &
15
17
#17260000
b01100 2
b11111111111111010 3
05
07
b1110 ;
b1110 >
0?
b0000 @
b001101011110 B
1E
#17270000
b0000000000000000001101100000 &
15
17
#17280000
05
07
b1010 ;
b1010 >
1?
b1111 @
b001101011111 B
0E
#17290000
b0000000000000000001101100001 &
15
17
#17300000
b01011 2
b11111111111111001 3
05
07
b1111 ;
b1111 >
0?
b0000 @
b001101100000 B
1E
#17310000
b0000000000000000001101100010 &
15
17
#17320000
05
07
b1011 ;
b1011 >
1?
b1111 @
b001101100001 B
0E
#17330000
b0000000000000000001101100011 &
15
17
#17340000
b01010 2
b11111111111111000 3
05
07
b0000 ;
b0000 >
0?
b0000 @
b001101100010 B
1E
#17350000
b0000000000000000001101100100 &
15
17
#17360000
05
07
b1011 ;
b1011 >
1?
b1111 @
b001101100011 B
0E
#17370000
b0000000000000000001101100101 &
15
17
#17380000
b01001 2
b11111111111110111 3
05
07
b0001 ;
b0001 >
0?
b0000 @
b001101100100 B
1E
#17390000
b0000000000000000001101100110 &
15
17
b10 9
b00000010 <
#17400000
05
07
b1011 ;
b1011 >
1?
b1101 @
b001101100101 B
b1101 D
0E
#17410000
b0000000000000000001101100111 &
15
17
#17420000
b01000 2
b11111111111110110 3
05
07
b0010 ;
b0010 >
0?
b0000 @
b001101100110 B
b0101 D
1E
#17430000
b0000000000000000001101101000 &
15
17
#17440000
05
07
b1011 ;
b1011 >
1?
b0101 @
b001101100111 B
0E
#17450000
b0000000000000000001101101001 &
15
17
#17460000
b00111 2
b11111111111110101 3
05
07
b0011 ;
b0011 >
0?
b0000 @
b001101101000 B
1E
#17470000
b0000000000000000001101101010 &
15
17
#17480000
05
07
b1011 ;
b1011 >
1?
b0101 @
b001101101001 B
0E
#17490000
b0000000000000000001101101011 &
15
17
#17500000
b00110 2
b11111111111110100 3
05
07
b0100 ;
b0100 >
0?
b0000 @
b001101101010 B
1E
#17510000
b0000000000000000001101101100 &
15
17
#17520000
05
07
b1011 ;
b1011 >
1?
b0101 @
b001101101011 B
0E
#17530000
b0000000000000000001101101101 &
15
17
#17540000
b00101 2
b11111111111110011 3
05
07
b0101 ;
b0101 >
0?
b0000 @
b001101101100 B
1E
#17550000
b0000000000000000001101101110 &
15
17
#17560000
05
07
b1011 ;
b1011 >
1?
b0101 @
b001101101101 B
0E
#17570000
b0000000000000000001101101111 &
15
17
#17580000
b00100 2
b11111111111110010 3
05
07
b0110 ;
b0110 >
0?
b0000 @
b001101101110 B
1E
#17590000
b0000000000000000001101110000 &
15
17
#17600000
05
07
b1011 ;
b1011 >
1?
b0101 @
b001101101111 B
0E
#17610000
b0000000000000000001101110001 &
15
17
#17620000
b00011 2
b11111111111110001 3
05
07
b0111 ;
b0111 >
0?
b0000 @
b001101110000 B
1E
#17630000
b0000000000000000001101110010 &
15
17
#17640000
05
07
b1011 ;
b1011 >
1?
b0101 @
b001101110001 B
0E
#17650000
b0000000000000000001101110011 &
15
17
#17660000
b00010 2
b11111111111110000 3
05
07
b1000 ;
b1000 >
0?
b0000 @
b001101110010 B
1E
#17670000
b0000000000000000001101110100 &
15
17
#17680000
05
07
b1011 ;
b1011 >
1?
b0101 @
b001101110011 B
0E
#17690000
b0000000000000000001101110101 &
15
17
#17700000
b00001 2
b11111111111101111 3
05
07
b1001 ;
b1001 >
0?
b0000 @
b001101110100 B
1E
#17710000
b0000000000000000001101110110 &
15
17
b00 8
#17720000
00
05
07
b1011 ;
b1011 >
1?
b001101110101 B
b0000 D
0E
#17730000
b0000000000000000001101110111 &
15
17
#17740000
b10000 1
b10000 2
b00000000000000000 3
04
05
07
b1010 ;
b1010 >
0?
b001101110110 B
#17750000
b0000000000000000001101111000 &
15
17
#17760000
05
07
b1011 ;
b1011 >
b001101110111 B
#17770000
b0000000000000000001101111001 &
15
17
#17780000
05
07
b001101111000 B
#17790000
b0000000000000000001101111010 &
15
17
#17800000
05
07
b001101111001 B
#17810000
b0000000000000000001101111011 &
15
17
#17820000
05
07
b1100 ;
b1100 >
b001101111010 B
#17830000
b0000000000000000001101111100 &
15
17
#17840000
05
07
b1011 ;
b1011 >
b001101111011 B
#17850000
b0000000000000000001101111101 &
15
17
#17860000
05
07
b1101 ;
b1101 >
b001101111100 B
#17870000
b0000000000000000001101111110 &
15
17
#17880000
05
07
b1011 ;
b1011 >
b001101111101 B
#17890000
b0000000000000000001101111111 &
15
17
#17900000
05
07
b1110 ;
b1110 >
b001101111110 B
#17910000
b0000000000000000001110000000 &
15
17
b01 8
b11 9
b00000011 <
#17920000
05
07
b1011 ;
b1011 >
b001101111111 B
#17930000
b0000000000000000001110000001 &
15
17
#17940000
05
07
b1111 ;
b1111 >
b001110000000 B
#17950000
b0000000000000000001110000010 &
15
17
#17960000
05
07
b1100 ;
b1100 >
b001110000001 B
#17970000
b0000000000000000001110000011 &
15
17
#17980000
05
07
b0000 ;
b0000 >
b001110000010 B
#17990000
b0000000000000000001110000100 &
15
17
b00 9
b00000000 <
#18000000
10
05
07
b1100 ;
b1100 >
b001110000011 B
#18010000
b0000000000000000001110000101 &
15
17
#18020000
05
07
b0001 ;
b0001 >
b001110000100 B
1E
#18030000
b0000000000000000001110000110 &
15
17
#18040000
05
07
b1100 ;
b1100 >
1?
b001110000101 B
0E
#18050000
b0000000000000000001110000111 &
15
17
#18060000
b01111 1
05
07
b0010 ;
b0010 >
0?
b001110000110 B
1E
#18070000
b0000000000000000001110001000 &
15
17
#18080000
05
07
b1100 ;
b1100 >
1?
b001110000111 B
0E
#18090000
b0000000000000000001110001001 &
15
17
#18100000
b01110 1
05
07
b0011 ;
b0011 >
0?
b001110001000 B
1E
#18110000
b0000000000000000001110001010 &
15
17
#18120000
05
07
b1100 ;
b1100 >
1?
b001110001001 B
0E
#18130000
b0000000000000000001110001011 &
15
17
b11 9
b00000011 <
#18140000
b01101 1
05
07
b0100 ;
b0100 >
0?
b001110001010 B
b0011 D
1E
#18150000
b0000000000000000001110001100 &
15
17
b00 9
b00000000 <
#18160000
05
07
b1100 ;
b1100 >
1?
b1100 @
b001110001011 B
b1100 D
0E
#18170000
b0000000000000000001110001101 &
15
17
#18180000
b01100 1
b00000000000011000 3
05
07
b0101 ;
b0101 >
0?
b0000 @
b001110001100 B
b0000 D
1E
#18190000
b0000000000000000001110001110 &
15
17
#18200000
05
07
b1100 ;
b1100 >
1?
b001110001101 B
0E
#18210000
b0000000000000000001110001111 &
15
17
#18220000
b01011 1
05
07
b0110 ;
b0110 >
0?
b001110001110 B
1E
#18230000
b0000000000000000001110010000 &
15
17
#18240000
05
07
b1100 ;
b1100 >
1?
b001110001111 B
0E
#18250000
b0000000000000000001110010001 &
15
17
#18260000
b01010 1
05
07
b0111 ;
b0111 >
0?
b001110010000 B
1E
#18270000
b0000000000000000001110010010 &
15
17
#18280000
05
07
b1100 ;
b1100 >
1?
b001110010001 B
0E
#18290000
b0000000000000000001110010011 &
15
17
#18300000
b01001 1
05
07
b1000 ;
b1000 >
0?
b001110010010 B
1E
#18310000
b0000000000000000001110010100 &
15
17
#18320000
05
07
b1100 ;
b1100 >
1?
b001110010011 B
0E
#18330000
b0000000000000000001110010101 &
15
17
#18340000
b01000 1
05
07
b1001 ;
b1001 >
0?
b001110010100 B
1E
#18350000
b0000000000000000001110010110 &
15
17
#18360000
05
07
b1100 ;
b1100 >
1?
b001110010101 B
0E
#18370000
b0000000000000000001110010111 &
15
17
#18380000
b00111 1
05
07
b1010 ;
b1010 >
0?
b001110010110 B
1E
#18390000
b0000000000000000001110011000 &
15
17
#18400000
05
07
b1100 ;
b1100 >
1?
b001110010111 B
0E
#18410000
b0000000000000000001110011001 &
15
17
#18420000
b00110 1
05
07
b1011 ;
b1011 >
0?
b001110011000 B
1E
#18430000
b0000000000000000001110011010 &
15
17
#18440000
05
07
b1100 ;
b1100 >
1?
b001110011001 B
0E
#18450000
b0000000000000000001110011011 &
15
17
#18460000
b00101 1
05
07
0?
b001110011010 B
1E
#18470000
b0000000000000000001110011100 &
15
17
#18480000
05
07
1?
b001110011011 B
0E
#18490000
b0000000000000000001110011101 &
15
17
#18500000
b00100 1
05
07
b1101 ;
b1101 >
0?
b001110011100 B
1E
#18510000
b0000000000000000001110011110 &
15
17
#18520000
05
07
b1100 ;
b1100 >
1?
b001110011101 B
0E
#18530000
b0000000000000000001110011111 &
15
17
#18540000
b00011 1
05
07
b1110 ;
b1110 >
0?
b001110011110 B
1E
#18550000
b0000000000000000001110100000 &
15
17
#18560000
05
07
b1100 ;
b1100 >
1?
b001110011111 B
0E
#18570000
b0000000000000000001110100001 &
15
17
#18580000
b00010 1
05
07
b1111 ;
b1111 >
0?
b001110100000 B
1E
#18590000
b0000000000000000001110100010 &
15
17
#18600000
05
07
b1101 ;
b1101 >
1?
b001110100001 B
0E
#18610000
b0000000000000000001110100011 &
15
17
#18620000
b00001 1
05
07
b0000 ;
b0000 >
0?
b001110100010 B
1E
#18630000
b0000000000000000001110100100 &
15
17
#18640000
05
07
b1101 ;
b1101 >
1?
b001110100011 B
0E
#18650000
b0000000000000000001110100101 &
15
17
#18660000
b00000 1
05
07
b0001 ;
b0001 >
0?
b001110100100 B
1E
#18670000
b0000000000000000001110100110 &
15
17
#18680000
05
07
b1101 ;
b1101 >
1?
b001110100101 B
0E
#18690000
b0000000000000000001110100111 &
15
17
#18700000
b01111 2
b00000000000010111 3
05
07
b0010 ;
b0010 >
0?
b001110100110 B
1E
#18710000
b0000000000000000001110101000 &
15
17
b10 9
b00000010 <
#18720000
05
07
b1101 ;
b1101 >
1?
b0001 @
b001110100111 B
b0001 D
0E
#18730000
b0000000000000000001110101001 &
15
17
b00 9
b00000000 <
#18740000
b01110 2
b00000000000010110 3
05
07
b0011 ;
b0011 >
0?
b0000 @
b001110101000 B
b0100 D
1E
#18750000
b0000000000000000001110101010 &
15
17
#18760000
05
07
b1101 ;
b1101 >
1?
b001110101001 B
b0000 D
0E
#18770000
b0000000000000000001110101011 &
15
17
#18780000
b01101 2
b00000000000010101 3
05
07
b0100 ;
b0100 >
0?
b001110101010 B
1E
#18790000
b0000000000000000001110101100 &
15
17
b01 9
b00000001 <
#18800000
05
07
b1101 ;
b1101 >
1?
b0010 @
b001110101011 B
b0010 D
0E
#18810000
b0000000000000000001110101101 &
15
17
b00 9
b00000000 <
#18820000
b01100 2
b00000000000010100 3
05
07
b0101 ;
b0101 >
0?
b0000 @
b001110101100 B
b1000 D
1E
#18830000
b0000000000000000001110101110 &
15
17
#18840000
05
07
b1101 ;
b1101 >
1?
b001110101101 B
b0000 D
0E
#18850000
b0000000000000000001110101111 &
15
17
#18860000
b01011 2
b00000000000010011 3
05
07
b0110 ;
b0110 >
0?
b001110101110 B
1E
#18870000
b0000000000000000001110110000 &
15
17
b11 9
b00000011 <
#18880000
05
07
b1101 ;
b1101 >
1?
b0011 @
b001110101111 B
b0011 D
0E
#18890000
b0000000000000000001110110001 &
15
17
b00 9
b00000000 <
#18900000
b01010 2
b00000000000010010 3
05
07
b0111 ;
b0111 >
0?
b0000 @
b001110110000 B
b1100 D
1E
#18910000
b0000000000000000001110110010 &
15
17
#18920000
05
07
b1101 ;
b1101 >
1?
b001110110001 B
b0000 D
0E
#18930000
b0000000000000000001110110011 &
15
17
b10 9
b00000010 <
#18940000
b01001 2
b00000000000010001 3
05
07
b1000 ;
b1000 >
0?
b001110110010 B
b0001 D
1E
#18950000
b0000000000000000001110110100 &
15
17
b00 9
b00000000 <
#18960000
05
07
b1101 ;
b1101 >
1?
b0100 @
b001110110011 B
b0100 D
0E
#18970000
b0000000000000000001110110101 &
15
17
#18980000
b01000 2
b00000000000010000 3
05
07
b1001 ;
b1001 >
0?
b0000 @
b001110110100 B
b0000 D
1E
#18990000
b0000000000000000001110110110 &
15
17
#19000000
05
07
b1101 ;
b1101 >
1?
b001110110101 B
0E
#19010000
b0000000000000000001110110111 &
15
17
b10 9
b00000010 <
#19020000
b00111 2
b00000000000001111 3
05
07
b1010 ;
b1010 >
0?
b001110110110 B
b0001 D
1E
#19030000
b0000000000000000001110111000 &
15
17
#19040000
05
07
b1101 ;
b1101 >
1?
b0101 @
b001110110111 B
b0101 D
0E
#19050000
b0000000000000000001110111001 &
15
17
b00 9
b00000000 <
#19060000
b00110 2
b00000000000001110 3
05
07
b1011 ;
b1011 >
0?
b0000 @
b001110111000 B
b0100 D
1E
#19070000
b0000000000000000001110111010 &
15
17
#19080000
05
07
b1101 ;
b1101 >
1?
b001110111001 B
b0000 D
0E
#19090000
b0000000000000000001110111011 &
15
17
b10 9
b00000010 <
#19100000
b00101 2
b00000000000001101 3
05
07
b1100 ;
b1100 >
0?
b001110111010 B
b0001 D
1E
#19110000
b0000000000000000001110111100 &
15
17
b01 9
b00000001 <
#19120000
05
07
b1101 ;
b1101 >
1?
b0110 @
b001110111011 B
b0110 D
0E
#19130000
b0000000000000000001110111101 &
15
17
b00 9
b00000000 <
#19140000
b00100 2
b00000000000001100 3
05
07
0?
b0000 @
b001110111100 B
b1000 D
1E
#19150000
b0000000000000000001110111110 &
15
17
#19160000
05
07
1?
b001110111101 B
b0000 D
0E
#19170000
b0000000000000000001110111111 &
15
17
b10 9
b00000010 <
#19180000
b00011 2
b00000000000001011 3
05
07
b1110 ;
b1110 >
0?
b001110111110 B
b0001 D
1E
#19190000
b0000000000000000001111000000 &
15
17
b11 9
b00000011 <
#19200000
05
07
b1101 ;
b1101 >
1?
b0111 @
b001110111111 B
b0111 D
0E
#19210000
b0000000000000000001111000001 &
15
17
b00 9
b00000000 <
#19220000
b00010 2
b00000000000001010 3
05
07
b1111 ;
b1111 >
0?
b0000 @
b001111000000 B
b1100 D
1E
#19230000
b0000000000000000001111000010 &
15
17
#19240000
05
07
b1110 ;
b1110 >
1?
b001111000001 B
b0000 D
0E
#19250000
b0000000000000000001111000011 &
15
17
b01 9
b00000001 <
#19260000
b00001 2
b00000000000001001 3
05
07
b0000 ;
b0000 >
0?
b001111000010 B
b0010 D
1E
#19270000
b0000000000000000001111000100 &
15
17
b00 9
b00000000 <
#19280000
05
07
b1110 ;
b1110 >
1?
b1000 @
b001111000011 B
b1000 D
0E
#19290000
b0000000000000000001111000101 &
15
17
#19300000
b00000 2
b00000000000001000 3
05
07
b0001 ;
b0001 >
0?
b0000 @
b001111000100 B
b0000 D
1E
#19310000
b0000000000000000001111000110 &
15
17
#19320000
05
07
b1110 ;
b1110 >
1?
b001111000101 B
0E
#19330000
b0000000000000000001111000111 &
15
17
b01 9
b00000001 <
#19340000
1)
b00000000000000111 3
05
07
b0010 ;
b0010 >
0?
b001111000110 B
b0010 D
1E
#19350000
b0000000000000000001111001000 &
15
17
b10 9
b00000010 <
#19360000
0)
b000000100001 ,
05
07
b1110 ;
b1110 >
1?
b1001 @
b001111000111 B
b1001 D
0E
#19370000
b0000000000000000001111001001 &
15
17
b00 9
b00000000 <
#19380000
1)
b1001 *
b00000000000000110 3
05
07
b0011 ;
b0011 >
0?
b0000 @
b001111001000 B
b0100 D
1E
#19390000
b0000000000000000001111001010 &
15
17
#19400000
0)
b0000 *
b000000100010 ,
05
07
b1110 ;
b1110 >
1?
b001111001001 B
b0000 D
0E
#19410000
b0000000000000000001111001011 &
15
17
b01 9
b00000001 <
#19420000
1)
b00000000000000101 3
05
07
b0100 ;
b0100 >
0?
b001111001010 B
b0010 D
1E
#19430000
b0000000000000000001111001100 &
15
17
#19440000
0)
b000000100011 ,
05
07
b1110 ;
b1110 >
1?
b1010 @
b001111001011 B
b1010 D
0E
#19450000
b0000000000000000001111001101 &
15
17
b00 9
b00000000 <
#19460000
1)
b1010 *
b00000000000000100 3
05
07
b0101 ;
b0101 >
0?
b0000 @
b001111001100 B
b1000 D
1E
#19470000
b0000000000000000001111001110 &
15
17
#19480000
0)
b0000 *
b000000100100 ,
05
07
b1110 ;
b1110 >
1?
b001111001101 B
b0000 D
0E
#19490000
b0000000000000000001111001111 &
15
17
b01 9
b00000001 <
#19500000
1)
b00000000000000011 3
05
07
b0110 ;
b0110 >
0?
b001111001110 B
b0010 D
1E
#19510000
b0000000000000000001111010000 &
15
17
b11 9
b00000011 <
#19520000
0)
b000000100101 ,
05
07
b1110 ;
b1110 >
1?
b1011 @
b001111001111 B
b1011 D
0E
#19530000
b0000000000000000001111010001 &
15
17
b00 9
b00000000 <
#19540000
1)
b1011 *
b00000000000000010 3
05
07
b0111 ;
b0111 >
0?
b0000 @
b001111010000 B
b1100 D
1E
#19550000
b0000000000000000001111010010 &
15
17
#19560000
0)
b0000 *
b000000100110 ,
05
07
b1110 ;
b1110 >
1?
b001111010001 B
b0000 D
0E
#19570000
b0000000000000000001111010011 &
15
17
b11 9
b00000011 <
#19580000
1)
b00000000000000001 3
05
07
b1000 ;
b1000 >
0?
b001111010010 B
b0011 D
1E
#19590000
b0000000000000000001111010100 &
15
17
b00 9
b00000000 <
#19600000
0)
b000000100111 ,
05
07
b1110 ;
b1110 >
1?
b1100 @
b001111010011 B
b1100 D
0E
#19610000
b0000000000000000001111010101 &
15
17
#19620000
1)
b1100 *
b00000000000000000 3
05
07
b1001 ;
b1001 >
0?
b0000 @
b001111010100 B
b0000 D
1E
#19630000
b0000000000000000001111010110 &
15
17
#19640000
0)
b0000 *
b000000101000 ,
05
07
b1110 ;
b1110 >
1?
b001111010101 B
0E
#19650000
b0000000000000000001111010111 &
15
17
#19660000
05
07
b1010 ;
b1010 >
0?
b001111010110 B
1E
#19670000
b0000000000000000001111011000 &
15
17
#19680000
05
07
b1110 ;
b1110 >
1?
b001111010111 B
0E
#19690000
b0000000000000000001111011001 &
15
17
#19700000
05
07
b1011 ;
b1011 >
0?
b001111011000 B
1E
#19710000
b0000000000000000001111011010 &
15
17
#19720000
05
07
b1110 ;
b1110 >
1?
b001111011001 B
0E
#19730000
b0000000000000000001111011011 &
15
17
#19740000
05
07
b1100 ;
b1100 >
0?
b001111011010 B
1E
#19750000
b0000000000000000001111011100 &
15
17
#19760000
05
07
b1110 ;
b1110 >
1?
b001111011011 B
0E
#19770000
b0000000000000000001111011101 &
15
17
#19780000
05
07
b1101 ;
b1101 >
0?
b001111011100 B
1E
#19790000
b0000000000000000001111011110 &
15
17
#19800000
05
07
b1110 ;
b1110 >
1?
b001111011101 B
0E
#19810000
b0000000000000000001111011111 &
15
17
#19820000
05
07
0?
b001111011110 B
1E
#19830000
b0000000000000000001111100000 &
15
17
#19840000
05
07
1?
b001111011111 B
0E
#19850000
b0000000000000000001111100001 &
15
17
#19860000
05
07
b1111 ;
b1111 >
0?
b001111100000 B
1E
#19870000
b0000000000000000001111100010 &
15
17
#19880000
05
07
1?
b001111100001 B
0E
#19890000
b0000000000000000001111100011 &
15
17
#19900000
05
07
b0000 ;
b0000 >
0?
b001111100010 B
1E
#19910000
b0000000000000000001111100100 &
15
17
b00 8
#19920000
00
05
07
b1111 ;
b1111 >
1?
b001111100011 B
0E
#19930000
b0000000000000000001111100101 &
15
17
#19940000
b10000 1
b10000 2
05
07
b0001 ;
b0001 >
0?
b001111100100 B
#19950000
b0000000000000000001111100110 &
15
17
#19960000
05
07
b1111 ;
b1111 >
b001111100101 B
#19970000
b0000000000000000001111100111 &
15
17
#19980000
05
07
b0010 ;
b0010 >
b001111100110 B
#19990000
b0000000000000000001111101000 &
15
17
#20000000
05
07
b1111 ;
b1111 >
b001111100111 B
#20010000
b0000000000000000001111101001 &
15
17
#20020000
05
07
b0011 ;
b0011 >
b001111101000 B
#20030000
b0000000000000000001111101010 &
15
17
#20040000
05
07
b1111 ;
b1111 >
b001111101001 B
#20050000
b0000000000000000001111101011 &
15
17
#20060000
05
07
b0100 ;
b0100 >
b001111101010 B
#20070000
b0000000000000000001111101100 &
15
17
#20080000
05
07
b1111 ;
b1111 >
b001111101011 B
#20090000
b0000000000000000001111101101 &
15
17
#20100000
05
07
b0101 ;
b0101 >
b001111101100 B
#20110000
b0000000000000000001111101110 &
15
17
#20120000
05
07
b1111 ;
b1111 >
b001111101101 B
#20130000
b0000000000000000001111101111 &
15
17
#20140000
05
07
b0110 ;
b0110 >
b001111101110 B
#20150000
b0000000000000000001111110000 &
15
17
#20160000
05
07
b1111 ;
b1111 >
b001111101111 B
#20170000
b0000000000000000001111110001 &
15
17
#20180000
05
07
b0111 ;
b0111 >
b001111110000 B
#20190000
b0000000000000000001111110010 &
15
17
#20200000
05
07
b1111 ;
b1111 >
b001111110001 B
#20210000
b0000000000000000001111110011 &
15
17
#20220000
05
07
b1000 ;
b1000 >
b001111110010 B
#20230000
b0000000000000000001111110100 &
15
17
#20240000
05
07
b1111 ;
b1111 >
b001111110011 B
#20250000
b0000000000000000001111110101 &
15
17
#20260000
05
07
b1001 ;
b1001 >
b001111110100 B
#20270000
b0000000000000000001111110110 &
15
17
#20280000
05
07
b1111 ;
b1111 >
b001111110101 B
#20290000
b0000000000000000001111110111 &
15
17
#20300000
05
07
b1010 ;
b1010 >
b001111110110 B
#20310000
b0000000000000000001111111000 &
15
17
#20320000
05
07
b1111 ;
b1111 >
b001111110111 B
#20330000
b0000000000000000001111111001 &
15
17
#20340000
05
07
b1011 ;
b1011 >
b001111111000 B
#20350000
b0000000000000000001111111010 &
15
17
#20360000
05
07
b1111 ;
b1111 >
b001111111001 B
#20370000
b0000000000000000001111111011 &
15
17
#20380000
05
07
b1100 ;
b1100 >
b001111111010 B
#20390000
b0000000000000000001111111100 &
15
17
#20400000
05
07
b1111 ;
b1111 >
b001111111011 B
#20410000
b0000000000000000001111111101 &
15
17
#20420000
05
07
b1101 ;
b1101 >
b001111111100 B
#20430000
b0000000000000000001111111110 &
15
17
b01 8
b11 9
b00000011 <
#20440000
05
07
b1111 ;
b1111 >
b001111111101 B
#20450000
b0000000000000000001111111111 &
15
17
#20460000
05
07
b1110 ;
b1110 >
b001111111110 B
#20470000
b0000000000000000010000000000 &
15
17
#20480000
05
07
b1111 ;
b1111 >
b001111111111 B
#20490000
b0000000000000000010000000001 &
15
17
#20500000
05
07
b010000000000 B
#20510000
b0000000000000000010000000010 &
15
17
b00 9
b00000000 <
#20520000
10
05
07
b010000000001 B
#20530000
b0000000000000000010000000011 &
15
17
b11 9
b00000011 <
#20540000
05
07
b010000000010 B
b0011 D
1E
#20550000
b0000000000000000010000000100 &
15
17
#20560000
05
07
1?
b1111 @
b010000000011 B
b1111 D
0E
#20570000
b0000000000000000010000000101 &
15
17
#20580000
b01111 1
b00000000000011110 3
05
07
b1110 ;
b1110 >
0?
b0000 @
b010000000100 B
1E
#20590000
b0000000000000000010000000110 &
15
17
#20600000
05
07
b1111 ;
b1111 >
1?
b1111 @
b010000000101 B
0E
#20610000
b0000000000000000010000000111 &
15
17
#20620000
b01110 1
b00000000111111110 3
05
07
b1101 ;
b1101 >
0?
b0000 @
b010000000110 B
1E
#20630000
b0000000000000000010000001000 &
15
17
#20640000
05
07
b1111 ;
b1111 >
1?
b1111 @
b010000000111 B
0E
#20650000
b0000000000000000010000001001 &
15
17
#20660000
b01101 1
b00001111111111110 3
05
07
b1100 ;
b1100 >
0?
b0000 @
b010000001000 B
1E
#20670000
b0000000000000000010000001010 &
15
17
#20680000
05
07
b1111 ;
b1111 >
1?
b1111 @
b010000001001 B
0E
#20690000
b0000000000000000010000001011 &
15
17
#20700000
b01100 1
b11111111111111110 3
05
07
b1011 ;
b1011 >
0?
b0000 @
b010000001010 B
1E
#20710000
b0000000000000000010000001100 &
15
17
#20720000
05
07
b1111 ;
b1111 >
1?
b1111 @
b010000001011 B
0E
#20730000
b0000000000000000010000001101 &
15
17
#20740000
b01011 1
14
05
07
b1010 ;
b1010 >
0?
b0000 @
b010000001100 B
1E
#20750000
b0000000000000000010000001110 &
15
17
#20760000
05
07
b1111 ;
b1111 >
1?
b1111 @
b010000001101 B
0E
#20770000
b0000000000000000010000001111 &
15
17
#20780000
b01010 1
05
07
b1001 ;
b1001 >
0?
b0000 @
b010000001110 B
1E
#20790000
b0000000000000000010000010000 &
15
17
#20800000
05
07
b1111 ;
b1111 >
1?
b1111 @
b010000001111 B
0E
#20810000
b0000000000000000010000010001 &
15
17
#20820000
b01001 1
05
07
b1000 ;
b1000 >
0?
b0000 @
b010000010000 B
1E
#20830000
b0000000000000000010000010010 &
15
17
#20840000
05
07
b1111 ;
b1111 >
1?
b1111 @
b010000010001 B
0E
#20850000
b0000000000000000010000010011 &
15
17
#20860000
b01000 1
05
07
b0111 ;
b0111 >
0?
b0000 @
b010000010010 B
1E
#20870000
b0000000000000000010000010100 &
15
17
#20880000
05
07
b1111 ;
b1111 >
1?
b1111 @
b010000010011 B
0E
#20890000
b0000000000000000010000010101 &
15
17
#20900000
b00111 1
05
07
b0110 ;
b0110 >
0?
b0000 @
b010000010100 B
1E
#20910000
b0000000000000000010000010110 &
15
17
#20920000
05
07
b1111 ;
b1111 >
1?
b1111 @
b010000010101 B
0E
#20930000
b0000000000000000010000010111 &
15
17
#20940000
b00110 1
05
07
b0101 ;
b0101 >
0?
b0000 @
b010000010110 B
1E
#20950000
b0000000000000000010000011000 &
15
17
#20960000
05
07
b1111 ;
b1111 >
1?
b1111 @
b010000010111 B
0E
#20970000
b0000000000000000010000011001 &
15
17
#20980000
b00101 1
05
07
b0100 ;
b0100 >
0?
b0000 @
b010000011000 B
1E
#20990000
b0000000000000000010000011010 &
15
17
#21000000
05
07
b1111 ;
b1111 >
1?
b1111 @
b010000011001 B
0E
#21010000
b0000000000000000010000011011 &
15
17
#21020000
b00100 1
05
07
b0011 ;
b0011 >
0?
b0000 @
b010000011010 B
1E
#21030000
b0000000000000000010000011100 &
15
17
#21040000
05
07
b1111 ;
b1111 >
1?
b1111 @
b010000011011 B
0E
#21050000
b0000000000000000010000011101 &
15
17
#21060000
b00011 1
05
07
b0010 ;
b0010 >
0?
b0000 @
b010000011100 B
1E
#21070000
b0000000000000000010000011110 &
15
17
#21080000
05
07
b1111 ;
b1111 >
1?
b1111 @
b010000011101 B
0E
#21090000
b0000000000000000010000011111 &
15
17
#21100000
b00010 1
05
07
b0001 ;
b0001 >
0?
b0000 @
b010000011110 B
1E
#21110000
b0000000000000000010000100000 &
15
17
#21120000
05
07
b1111 ;
b1111 >
1?
b1111 @
b010000011111 B
0E
#21130000
b0000000000000000010000100001 &
15
17
#21140000
b00001 1
05
07
b0000 ;
b0000 >
0?
b0000 @
b010000100000 B
1E
#21150000
b0000000000000000010000100010 &
15
17
#21160000
05
07
b1110 ;
b1110 >
1?
b1111 @
b010000100001 B
0E
#21170000
b0000000000000000010000100011 &
15
17
#21180000
b00000 1
05
07
b1111 ;
b1111 >
0?
b0000 @
b010000100010 B
1E
#21190000
b0000000000000000010000100100 &
15
17
#21200000
05
07
b1110 ;
b1110 >
1?
b1111 @
b010000100011 B
0E
#21210000
b0000000000000000010000100101 &
15
17
#21220000
b01111 2
b11111111111111101 3
05
07
0?
b0000 @
b010000100100 B
1E
#21230000
b0000000000000000010000100110 &
15
17
#21240000
05
07
1?
b1111 @
b010000100101 B
0E
#21250000
b0000000000000000010000100111 &
15
17
#21260000
b01110 2
b11111111111111100 3
05
07
b1101 ;
b1101 >
0?
b0000 @
b010000100110 B
1E
#21270000
b0000000000000000010000101000 &
15
17
#21280000
05
07
b1110 ;
b1110 >
1?
b1111 @
b010000100111 B
0E
#21290000
b0000000000000000010000101001 &
15
17
#21300000
b01101 2
b11111111111111011 3
05
07
b1100 ;
b1100 >
0?
b0000 @
b010000101000 B
1E
#21310000
b0000000000000000010000101010 &
15
17
#21320000
05
07
b1110 ;
b1110 >
1?
b1111 @
b010000101001 B
0E
#21330000
b0000000000000000010000101011 &
15
17
#21340000
b01100 2
b11111111111111010 3
05
07
b1011 ;
b1011 >
0?
b0000 @
b010000101010 B
1E
#21350000
b0000000000000000010000101100 &
15
17
#21360000
05
07
b1110 ;
b1110 >
1?
b1111 @
b010000101011 B
0E
#21370000
b0000000000000000010000101101 &
15
17
#21380000
b01011 2
b11111111111111001 3
05
07
b1010 ;
b1010 >
0?
b0000 @
b010000101100 B
1E
#21390000
b0000000000000000010000101110 &
15
17
#21400000
05
07
b1110 ;
b1110 >
1?
b1111 @
b010000101101 B
0E
#21410000
b0000000000000000010000101111 &
15
17
#21420000
b01010 2
b11111111111111000 3
05
07
b1001 ;
b1001 >
0?
b0000 @
b010000101110 B
1E
#21430000
b0000000000000000010000110000 &
15
17
#21440000
05
07
b1110 ;
b1110 >
1?
b1111 @
b010000101111 B
0E
#21450000
b0000000000000000010000110001 &
15
17
#21460000
b01001 2
b11111111111110111 3
05
07
b1000 ;
b1000 >
0?
b0000 @
b010000110000 B
1E
#21470000
b0000000000000000010000110010 &
15
17
b10 9
b00000010 <
#21480000
05
07
b1110 ;
b1110 >
1?
b1101 @
b010000110001 B
b1101 D
0E
#21490000
b0000000000000000010000110011 &
15
17
#21500000
b01000 2
b11111111111110110 3
05
07
b0111 ;
b0111 >
0?
b0000 @
b010000110010 B
b0101 D
1E
#21510000
b0000000000000000010000110100 &
15
17
#21520000
05
07
b1110 ;
b1110 >
1?
b0101 @
b010000110011 B
0E
#21530000
b0000000000000000010000110101 &
15
17
#21540000
b00111 2
b11111111111110101 3
05
07
b0110 ;
b0110 >
0?
b0000 @
b010000110100 B
1E
#21550000
b0000000000000000010000110110 &
15
17
#21560000
05
07
b1110 ;
b1110 >
1?
b0101 @
b010000110101 B
0E
#21570000
b0000000000000000010000110111 &
15
17
#21580000
b00110 2
b11111111111110100 3
05
07
b0101 ;
b0101 >
0?
b0000 @
b010000110110 B
1E
#21590000
b0000000000000000010000111000 &
15
17
#21600000
05
07
b1110 ;
b1110 >
1?
b0101 @
b010000110111 B
0E
#21610000
b0000000000000000010000111001 &
15
17
#21620000
b00101 2
b11111111111110011 3
05
07
b0100 ;
b0100 >
0?
b0000 @
b010000111000 B
1E
#21630000
b0000000000000000010000111010 &
15
17
#21640000
05
07
b1110 ;
b1110 >
1?
b0101 @
b010000111001 B
0E
#21650000
b0000000000000000010000111011 &
15
17
#21660000
b00100 2
b11111111111110010 3
05
07
b0011 ;
b0011 >
0?
b0000 @
b010000111010 B
1E
#21670000
b0000000000000000010000111100 &
15
17
#21680000
05
07
b1110 ;
b1110 >
1?
b0101 @
b010000111011 B
0E
#21690000
b0000000000000000010000111101 &
15
17
#21700000
b00011 2
b11111111111110001 3
05
07
b0010 ;
b0010 >
0?
b0000 @
b010000111100 B
1E
#21710000
b0000000000000000010000111110 &
15
17
#21720000
05
07
b1110 ;
b1110 >
1?
b0101 @
b010000111101 B
0E
#21730000
b0000000000000000010000111111 &
15
17
#21740000
b00010 2
b11111111111110000 3
05
07
b0001 ;
b0001 >
0?
b0000 @
b010000111110 B
1E
#21750000
b0000000000000000010001000000 &
15
17
#21760000
05
07
b1110 ;
b1110 >
1?
b0101 @
b010000111111 B
0E
#21770000
b0000000000000000010001000001 &
15
17
#21780000
b00001 2
b11111111111101111 3
05
07
b0000 ;
b0000 >
0?
b0000 @
b010001000000 B
1E
#21790000
b0000000000000000010001000010 &
15
17
b00 8
#21800000
00
05
07
b1101 ;
b1101 >
1?
b010001000001 B
b0000 D
0E
#21810000
b0000000000000000010001000011 &
15
17
#21820000
b10000 1
b10000 2
b00000000000000000 3
04
05
07
b1111 ;
b1111 >
0?
b010001000010 B
#21830000
b0000000000000000010001000100 &
15
17
#21840000
05
07
b1101 ;
b1101 >
b010001000011 B
#21850000
b0000000000000000010001000101 &
15
17
#21860000
05
07
b1110 ;
b1110 >
b010001000100 B
#21870000
b0000000000000000010001000110 &
15
17
#21880000
05
07
b1101 ;
b1101 >
b010001000101 B
#21890000
b0000000000000000010001000111 &
15
17
#21900000
05
07
b010001000110 B
#21910000
b0000000000000000010001001000 &
15
17
#21920000
05
07
b010001000111 B
#21930000
b0000000000000000010001001001 &
15
17
#21940000
05
07
b1100 ;
b1100 >
b010001001000 B
#21950000
b0000000000000000010001001010 &
15
17
#21960000
05
07
b1101 ;
b1101 >
b010001001001 B
#21970000
b0000000000000000010001001011 &
15
17
#21980000
05
07
b1011 ;
b1011 >
b010001001010 B
#21990000
b0000000000000000010001001100 &
15
17
b01 8
b11 9
b00000011 <
#22000000
05
07
b1101 ;
b1101 >
b010001001011 B
#22010000
b0000000000000000010001001101 &
15
17
#22020000
05
07
b1010 ;
b1010 >
b010001001100 B
#22030000
b0000000000000000010001001110 &
15
17
#22040000
05
07
b1101 ;
b1101 >
b010001001101 B
#22050000
b0000000000000000010001001111 &
15
17
#22060000
05
07
b1001 ;
b1001 >
b010001001110 B
#22070000
b0000000000000000010001010000 &
15
17
b00 9
b00000000 <
#22080000
10
05
07
b1101 ;
b1101 >
b010001001111 B
#22090000
b0000000000000000010001010001 &
15
17
#22100000
05
07
b1000 ;
b1000 >
b010001010000 B
1E
#22110000
b0000000000000000010001010010 &
15
17
#22120000
05
07
b1101 ;
b1101 >
1?
b010001010001 B
0E
#22130000
b0000000000000000010001010011 &
15
17
#22140000
b01111 1
05
07
b0111 ;
b0111 >
0?
b010001010010 B
1E
#22150000
b0000000000000000010001010100 &
15
17
#22160000
05
07
b1101 ;
b1101 >
1?
b010001010011 B
0E
#22170000
b0000000000000000010001010101 &
15
17
#22180000
b01110 1
05
07
b0110 ;
b0110 >
0?
b010001010100 B
1E
#22190000
b0000000000000000010001010110 &
15
17
#22200000
05
07
b1101 ;
b1101 >
1?
b010001010101 B
0E
#22210000
b0000000000000000010001010111 &
15
17
b11 9
b00000011 <
#22220000
b01101 1
05
07
b0101 ;
b0101 >
0?
b010001010110 B
b0011 D
1E
#22230000
b0000000000000000010001011000 &
15
17
b00 9
b00000000 <
#22240000
05
07
b1101 ;
b1101 >
1?
b1100 @
b010001010111 B
b1100 D
0E
#22250000
b0000000000000000010001011001 &
15
17
#22260000
b01100 1
b00000000000011000 3
05
07
b0100 ;
b0100 >
0?
b0000 @
b010001011000 B
b0000 D
1E
#22270000
b0000000000000000010001011010 &
15
17
#22280000
05
07
b1101 ;
b1101 >
1?
b010001011001 B
0E
#22290000
b0000000000000000010001011011 &
15
17
#22300000
b01011 1
05
07
b0011 ;
b0011 >
0?
b010001011010 B
1E
#22310000
b0000000000000000010001011100 &
15
17
#22320000
05
07
b1101 ;
b1101 >
1?
b010001011011 B
0E
#22330000
b0000000000000000010001011101 &
15
17
#22340000
b01010 1
05
07
b0010 ;
b0010 >
0?
b010001011100 B
1E
#22350000
b0000000000000000010001011110 &
15
17
#22360000
05
07
b1101 ;
b1101 >
1?
b010001011101 B
0E
#22370000
b0000000000000000010001011111 &
15
17
#22380000
b01001 1
05
07
b0001 ;
b0001 >
0?
b010001011110 B
1E
#22390000
b0000000000000000010001100000 &
15
17
#22400000
05
07
b1101 ;
b1101 >
1?
b010001011111 B
0E
#22410000
b0000000000000000010001100001 &
15
17
#22420000
b01000 1
05
07
b0000 ;
b0000 >
0?
b010001100000 B
1E
#22430000
b0000000000000000010001100010 &
15
17
#22440000
05
07
b1100 ;
b1100 >
1?
b010001100001 B
0E
#22450000
b0000000000000000010001100011 &
15
17
#22460000
b00111 1
05
07
b1111 ;
b1111 >
0?
b010001100010 B
1E
#22470000
b0000000000000000010001100100 &
15
17
#22480000
05
07
b1100 ;
b1100 >
1?
b010001100011 B
0E
#22490000
b0000000000000000010001100101 &
15
17
#22500000
b00110 1
05
07
b1110 ;
b1110 >
0?
b010001100100 B
1E
#22510000
b0000000000000000010001100110 &
15
17
#22520000
05
07
b1100 ;
b1100 >
1?
b010001100101 B
0E
#22530000
b0000000000000000010001100111 &
15
17
#22540000
b00101 1
05
07
b1101 ;
b1101 >
0?
b010001100110 B
1E
#22550000
b0000000000000000010001101000 &
15
17
#22560000
05
07
b1100 ;
b1100 >
1?
b010001100111 B
0E
#22570000
b0000000000000000010001101001 &
15
17
#22580000
b00100 1
05
07
0?
b010001101000 B
1E
#22590000
b0000000000000000010001101010 &
15
17
#22600000
05
07
1?
b010001101001 B
0E
#22610000
b0000000000000000010001101011 &
15
17
#22620000
b00011 1
05
07
b1011 ;
b1011 >
0?
b010001101010 B
1E
#22630000
b0000000000000000010001101100 &
15
17
#22640000
05
07
b1100 ;
b1100 >
1?
b010001101011 B
0E
#22650000
b0000000000000000010001101101 &
15
17
#22660000
b00010 1
05
07
b1010 ;
b1010 >
0?
b010001101100 B
1E
#22670000
b0000000000000000010001101110 &
15
17
#22680000
05
07
b1100 ;
b1100 >
1?
b010001101101 B
0E
#22690000
b0000000000000000010001101111 &
15
17
#22700000
b00001 1
05
07
b1001 ;
b1001 >
0?
b010001101110 B
1E
#22710000
b0000000000000000010001110000 &
15
17
#22720000
05
07
b1100 ;
b1100 >
1?
b010001101111 B
0E
#22730000
b0000000000000000010001110001 &
15
17
#22740000
b00000 1
05
07
b1000 ;
b1000 >
0?
b010001110000 B
1E
#22750000
b0000000000000000010001110010 &
15
17
#22760000
05
07
b1100 ;
b1100 >
1?
b010001110001 B
0E
#22770000
b0000000000000000010001110011 &
15
17
#22780000
b01111 2
b00000000000010111 3
05
07
b0111 ;
b0111 >
0?
b010001110010 B
1E
#22790000
b0000000000000000010001110100 &
15
17
b10 9
b00000010 <
#22800000
05
07
b1100 ;
b1100 >
1?
b0001 @
b010001110011 B
b0001 D
0E
#22810000
b0000000000000000010001110101 &
15
17
b00 9
b00000000 <
#22820000
b01110 2
b00000000000010110 3
05
07
b0110 ;
b0110 >
0?
b0000 @
b010001110100 B
b0100 D
1E
#22830000
b0000000000000000010001110110 &
15
17
#22840000
05
07
b1100 ;
b1100 >
1?
b010001110101 B
b0000 D
0E
#22850000
b0000000000000000010001110111 &
15
17
#22860000
b01101 2
b00000000000010101 3
05
07
b0101 ;
b0101 >
0?
b010001110110 B
1E
#22870000
b0000000000000000010001111000 &
15
17
b01 9
b00000001 <
#22880000
05
07
b1100 ;
b1100 >
1?
b0010 @
b010001110111 B
b0010 D
0E
#22890000
b0000000000000000010001111001 &
15
17
b00 9
b00000000 <
#22900000
b01100 2
b00000000000010100 3
05
07
b0100 ;
b0100 >
0?
b0000 @
b010001111000 B
b1000 D
1E
#22910000
b0000000000000000010001111010 &
15
17
#22920000
05
07
b1100 ;
b1100 >
1?
b010001111001 B
b0000 D
0E
#22930000
b0000000000000000010001111011 &
15
17
#22940000
b01011 2
b00000000000010011 3
05
07
b0011 ;
b0011 >
0?
b010001111010 B
1E
#22950000
b0000000000000000010001111100 &
15
17
b11 9
b00000011 <
#22960000
05
07
b1100 ;
b1100 >
1?
b0011 @
b010001111011 B
b0011 D
0E
#22970000
b0000000000000000010001111101 &
15
17
b00 9
b00000000 <
#22980000
b01010 2
b00000000000010010 3
05
07
b0010 ;
b0010 >
0?
b0000 @
b010001111100 B
b1100 D
1E
#22990000
b0000000000000000010001111110 &
15
17
#23000000
05
07
b1100 ;
b1100 >
1?
b010001111101 B
b0000 D
0E
#23010000
b0000000000000000010001111111 &
15
17
b10 9
b00000010 <
#23020000
b01001 2
b00000000000010001 3
05
07
b0001 ;
b0001 >
0?
b010001111110 B
b0001 D
1E
#23030000
b0000000000000000010010000000 &
15
17
b00 9
b00000000 <
#23040000
05
07
b1100 ;
b1100 >
1?
b0100 @
b010001111111 B
b0100 D
0E
#23050000
b0000000000000000010010000001 &
15
17
#23060000
b01000 2
b00000000000010000 3
05
07
b0000 ;
b0000 >
0?
b0000 @
b010010000000 B
b0000 D
1E
#23070000
b0000000000000000010010000010 &
15
17
#23080000
05
07
b1011 ;
b1011 >
1?
b010010000001 B
0E
#23090000
b0000000000000000010010000011 &
15
17
b10 9
b00000010 <
#23100000
b00111 2
b00000000000001111 3
05
07
b1111 ;
b1111 >
0?
b010010000010 B
b0001 D
1E
#23110000
b0000000000000000010010000100 &
15
17
#23120000
05
07
b1011 ;
b1011 >
1?
b0101 @
b010010000011 B
b0101 D
0E
#23130000
b0000000000000000010010000101 &
15
17
b00 9
b00000000 <
#23140000
b00110 2
b00000000000001110 3
05
07
b1110 ;
b1110 >
0?
b0000 @
b010010000100 B
b0100 D
1E
#23150000
b0000000000000000010010000110 &
15
17
#23160000
05
07
b1011 ;
b1011 >
1?
b010010000101 B
b0000 D
0E
#23170000
b0000000000000000010010000111 &
15
17
b10 9
b00000010 <
#23180000
b00101 2
b00000000000001101 3
05
07
b1101 ;
b1101 >
0?
b010010000110 B
b0001 D
1E
#23190000
b0000000000000000010010001000 &
15
17
b01 9
b00000001 <
#23200000
05
07
b1011 ;
b1011 >
1?
b0110 @
b010010000111 B
b0110 D
0E
#23210000
b0000000000000000010010001001 &
15
17
b00 9
b00000000 <
#23220000
b00100 2
b00000000000001100 3
05
07
b1100 ;
b1100 >
0?
b0000 @
b010010001000 B
b1000 D
1E
#23230000
b0000000000000000010010001010 &
15
17
#23240000
05
07
b1011 ;
b1011 >
1?
b010010001001 B
b0000 D
0E
#23250000
b0000000000000000010010001011 &
15
17
b10 9
b00000010 <
#23260000
b00011 2
b00000000000001011 3
05
07
0?
b010010001010 B
b0001 D
1E
#23270000
b0000000000000000010010001100 &
15
17
b11 9
b00000011 <
#23280000
05
07
1?
b0111 @
b010010001011 B
b0111 D
0E
#23290000
b0000000000000000010010001101 &
15
17
b00 9
b00000000 <
#23300000
b00010 2
b00000000000001010 3
05
07
b1010 ;
b1010 >
0?
b0000 @
b010010001100 B
b1100 D
1E
#23310000
b0000000000000000010010001110 &
15
17
#23320000
05
07
b1011 ;
b1011 >
1?
b010010001101 B
b0000 D
0E
#23330000
b0000000000000000010010001111 &
15
17
b01 9
b00000001 <
#23340000
b00001 2
b00000000000001001 3
05
07
b1001 ;
b1001 >
0?
b010010001110 B
b0010 D
1E
#23350000
b0000000000000000010010010000 &
15
17
b00 9
b00000000 <
#23360000
05
07
b1011 ;
b1011 >
1?
b1000 @
b010010001111 B
b1000 D
0E
#23370000
b0000000000000000010010010001 &
15
17
#23380000
b00000 2
b00000000000001000 3
05
07
b1000 ;
b1000 >
0?
b0000 @
b010010010000 B
b0000 D
1E
#23390000
b0000000000000000010010010010 &
15
17
#23400000
05
07
b1011 ;
b1011 >
1?
b010010010001 B
0E
#23410000
b0000000000000000010010010011 &
15
17
b01 9
b00000001 <
#23420000
1)
b00000000000000111 3
05
07
b0111 ;
b0111 >
0?
b010010010010 B
b0010 D
1E
#23430000
b0000000000000000010010010100 &
15
17
b10 9
b00000010 <
#23440000
0)
b000000101001 ,
05
07
b1011 ;
b1011 >
1?
b1001 @
b010010010011 B
b1001 D
0E
#23450000
b0000000000000000010010010101 &
15
17
b00 9
b00000000 <
#23460000
1)
b1001 *
b00000000000000110 3
05
07
b0110 ;
b0110 >
0?
b0000 @
b010010010100 B
b0100 D
1E
#23470000
b0000000000000000010010010110 &
15
17
#23480000
0)
b0000 *
b000000101010 ,
05
07
b1011 ;
b1011 >
1?
b010010010101 B
b0000 D
0E
#23490000
b0000000000000000010010010111 &
15
17
b01 9
b00000001 <
#23500000
1)
b00000000000000101 3
05
07
b0101 ;
b0101 >
0?
b010010010110 B
b0010 D
1E
#23510000
b0000000000000000010010011000 &
15
17
#23520000
0)
b000000101011 ,
05
07
b1011 ;
b1011 >
1?
b1010 @
b010010010111 B
b1010 D
0E
#23530000
b0000000000000000010010011001 &
15
17
b00 9
b00000000 <
#23540000
1)
b1010 *
b00000000000000100 3
05
07
b0100 ;
b0100 >
0?
b0000 @
b010010011000 B
b1000 D
1E
#23550000
b0000000000000000010010011010 &
15
17
#23560000
0)
b0000 *
b000000101100 ,
05
07
b1011 ;
b1011 >
1?
b010010011001 B
b0000 D
0E
#23570000
b0000000000000000010010011011 &
15
17
b01 9
b00000001 <
#23580000
1)
b00000000000000011 3
05
07
b0011 ;
b0011 >
0?
b010010011010 B
b0010 D
1E
#23590000
b0000000000000000010010011100 &
15
17
b11 9
b00000011 <
#23600000
0)
b000000101101 ,
05
07
b1011 ;
b1011 >
1?
b1011 @
b010010011011 B
b1011 D
0E
#23610000
b0000000000000000010010011101 &
15
17
b00 9
b00000000 <
#23620000
1)
b1011 *
b00000000000000010 3
05
07
b0010 ;
b0010 >
0?
b0000 @
b010010011100 B
b1100 D
1E
#23630000
b0000000000000000010010011110 &
15
17
#23640000
0)
b0000 *
b000000101110 ,
05
07
b1011 ;
b1011 >
1?
b010010011101 B
b0000 D
0E
#23650000
b0000000000000000010010011111 &
15
17
b11 9
b00000011 <
#23660000
1)
b00000000000000001 3
05
07
b0001 ;
b0001 >
0?
b010010011110 B
b0011 D
1E
#23670000
b0000000000000000010010100000 &
15
17
b00 9
b00000000 <
#23680000
0)
b000000101111 ,
05
07
b1011 ;
b1011 >
1?
b1100 @
b010010011111 B
b1100 D
0E
#23690000
b0000000000000000010010100001 &
15
17
#23700000
1)
b1100 *
b00000000000000000 3
05
07
b0000 ;
b0000 >
0?
b0000 @
b010010100000 B
b0000 D
1E
#23710000
b0000000000000000010010100010 &
15
17
#23720000
0)
b0000 *
b000000110000 ,
05
07
b1010 ;
b1010 >
1?
b010010100001 B
0E
#23730000
b0000000000000000010010100011 &
15
17
#23740000
05
07
b1111 ;
b1111 >
0?
b010010100010 B
1E
#23750000
b0000000000000000010010100100 &
15
17
#23760000
05
07
b1010 ;
b1010 >
1?
b010010100011 B
0E
#23770000
b0000000000000000010010100101 &
15
17
#23780000
05
07
b1110 ;
b1110 >
0?
b010010100100 B
1E
#23790000
b0000000000000000010010100110 &
15
17
#23800000
05
07
b1010 ;
b1010 >
1?
b010010100101 B
0E
#23810000
b0000000000000000010010100111 &
15
17
#23820000
05
07
b1101 ;
b1101 >
0?
b010010100110 B
1E
#23830000
b0000000000000000010010101000 &
15
17
#23840000
05
07
b1010 ;
b1010 >
1?
b010010100111 B
0E
#23850000
b0000000000000000010010101001 &
15
17
#23860000
05
07
b1100 ;
b1100 >
0?
b010010101000 B
1E
#23870000
b0000000000000000010010101010 &
15
17
#23880000
05
07
b1010 ;
b1010 >
1?
b010010101001 B
0E
#23890000
b0000000000000000010010101011 &
15
17
#23900000
05
07
b1011 ;
b1011 >
0?
b010010101010 B
1E
#23910000
b0000000000000000010010101100 &
15
17
#23920000
05
07
b1010 ;
b1010 >
1?
b010010101011 B
0E
#23930000
b0000000000000000010010101101 &
15
17
#23940000
05
07
0?
b010010101100 B
1E
#23950000
b0000000000000000010010101110 &
15
17
#23960000
05
07
1?
b010010101101 B
0E
#23970000
b0000000000000000010010101111 &
15
17
#23980000
05
07
b1001 ;
b1001 >
0?
b010010101110 B
1E
#23990000
b0000000000000000010010110000 &
15
17
b00 8
#24000000
00
05
07
b1010 ;
b1010 >
1?
b010010101111 B
0E
#24010000
b0000000000000000010010110001 &
15
17
#24020000
b10000 1
b10000 2
05
07
b1000 ;
b1000 >
0?
b010010110000 B
#24030000
b0000000000000000010010110010 &
15
17
#24040000
05
07
b1010 ;
b1010 >
b010010110001 B
#24050000
b0000000000000000010010110011 &
15
17
#24060000
05
07
b0111 ;
b0111 >
b010010110010 B
#24070000
b0000000000000000010010110100 &
15
17
#24080000
05
07
b1010 ;
b1010 >
b010010110011 B
#24090000
b0000000000000000010010110101 &
15
17
#24100000
05
07
b0110 ;
b0110 >
b010010110100 B
#24110000
b0000000000000000010010110110 &
15
17
#24120000
05
07
b1010 ;
b1010 >
b010010110101 B
#24130000
b0000000000000000010010110111 &
15
17
#24140000
05
07
b0101 ;
b0101 >
b010010110110 B
#24150000
b0000000000000000010010111000 &
15
17
#24160000
05
07
b1010 ;
b1010 >
b010010110111 B
#24170000
b0000000000000000010010111001 &
15
17
#24180000
05
07
b0100 ;
b0100 >
b010010111000 B
#24190000
b0000000000000000010010111010 &
15
17
#24200000
05
07
b1010 ;
b1010 >
b010010111001 B
#24210000
b0000000000000000010010111011 &
15
17
#24220000
05
07
b0011 ;
b0011 >
b010010111010 B
#24230000
b0000000000000000010010111100 &
15
17
#24240000
05
07
b1010 ;
b1010 >
b010010111011 B
#24250000
b0000000000000000010010111101 &
15
17
#24260000
05
07
b0010 ;
b0010 >
b010010111100 B
#24270000
b0000000000000000010010111110 &
15
17
#24280000
05
07
b1010 ;
b1010 >
b010010111101 B
#24290000
b0000000000000000010010111111 &
15
17
#24300000
05
07
b0001 ;
b0001 >
b010010111110 B
#24310000
b0000000000000000010011000000 &
15
17
#24320000
05
07
b1010 ;
b1010 >
b010010111111 B
#24330000
b0000000000000000010011000001 &
15
17
#24340000
05
07
b0000 ;
b0000 >
b010011000000 B
#24350000
b0000000000000000010011000010 &
15
17
#24360000
05
07
b1001 ;
b1001 >
b010011000001 B
#24370000
b0000000000000000010011000011 &
15
17
#24380000
05
07
b1111 ;
b1111 >
b010011000010 B
#24390000
b0000000000000000010011000100 &
15
17
#24400000
05
07
b1001 ;
b1001 >
b010011000011 B
#24410000
b0000000000000000010011000101 &
15
17
#24420000
05
07
b1110 ;
b1110 >
b010011000100 B
#24430000
b0000000000000000010011000110 &
15
17
#24440000
05
07
b1001 ;
b1001 >
b010011000101 B
#24450000
b0000000000000000010011000111 &
15
17
#24460000
05
07
b1101 ;
b1101 >
b010011000110 B
#24470000
b0000000000000000010011001000 &
15
17
#24480000
05
07
b1001 ;
b1001 >
b010011000111 B
#24490000
b0000000000000000010011001001 &
15
17
#24500000
05
07
b1100 ;
b1100 >
b010011001000 B
#24510000
b0000000000000000010011001010 &
15
17
b01 8
b11 9
b00000011 <
#24520000
05
07
b1001 ;
b1001 >
b010011001001 B
#24530000
b0000000000000000010011001011 &
15
17
#24540000
05
07
b1011 ;
b1011 >
b010011001010 B
#24550000
b0000000000000000010011001100 &
15
17
#24560000
05
07
b1001 ;
b1001 >
b010011001011 B
#24570000
b0000000000000000010011001101 &
15
17
#24580000
05
07
b1010 ;
b1010 >
b010011001100 B
#24590000
b0000000000000000010011001110 &
15
17
b00 9
b00000000 <
#24600000
10
05
07
b1001 ;
b1001 >
b010011001101 B
#24610000
b0000000000000000010011001111 &
15
17
b11 9
b00000011 <
#24620000
05
07
b010011001110 B
b0011 D
1E
#24630000
b0000000000000000010011010000 &
15
17
#24640000
05
07
1?
b1111 @
b010011001111 B
b1111 D
0E
#24650000
b0000000000000000010011010001 &
15
17
#24660000
b01111 1
b00000000000011110 3
05
07
b1000 ;
b1000 >
0?
b0000 @
b010011010000 B
1E
#24670000
b0000000000000000010011010010 &
15
17
#24680000
05
07
b1001 ;
b1001 >
1?
b1111 @
b010011010001 B
0E
#24690000
b0000000000000000010011010011 &
15
17
#24700000
b01110 1
b00000000111111110 3
05
07
b0111 ;
b0111 >
0?
b0000 @
b010011010010 B
1E
#24710000
b0000000000000000010011010100 &
15
17
#24720000
05
07
b1001 ;
b1001 >
1?
b1111 @
b010011010011 B
0E
#24730000
b0000000000000000010011010101 &
15
17
#24740000
b01101 1
b00001111111111110 3
05
07
b0110 ;
b0110 >
0?
b0000 @
b010011010100 B
1E
#24750000
b0000000000000000010011010110 &
15
17
#24760000
05
07
b1001 ;
b1001 >
1?
b1111 @
b010011010101 B
0E
#24770000
b0000000000000000010011010111 &
15
17
#24780000
b01100 1
b11111111111111110 3
05
07
b0101 ;
b0101 >
0?
b0000 @
b010011010110 B
1E
#24790000
b0000000000000000010011011000 &
15
17
#24800000
05
07
b1001 ;
b1001 >
1?
b1111 @
b010011010111 B
0E
#24810000
b0000000000000000010011011001 &
15
17
#24820000
b01011 1
14
05
07
b0100 ;
b0100 >
0?
b0000 @
b010011011000 B
1E
#24830000
b0000000000000000010011011010 &
15
17
#24840000
05
07
b1001 ;
b1001 >
1?
b1111 @
b010011011001 B
0E
#24850000
b0000000000000000010011011011 &
15
17
#24860000
b01010 1
05
07
b0011 ;
b0011 >
0?
b0000 @
b010011011010 B
1E
#24870000
b0000000000000000010011011100 &
15
17
#24880000
05
07
b1001 ;
b1001 >
1?
b1111 @
b010011011011 B
0E
#24890000
b0000000000000000010011011101 &
15
17
#24900000
b01001 1
05
07
b0010 ;
b0010 >
0?
b0000 @
b010011011100 B
1E
#24910000
b0000000000000000010011011110 &
15
17
#24920000
05
07
b1001 ;
b1001 >
1?
b1111 @
b010011011101 B
0E
#24930000
b0000000000000000010011011111 &
15
17
#24940000
b01000 1
05
07
b0001 ;
b0001 >
0?
b0000 @
b010011011110 B
1E
#24950000
b0000000000000000010011100000 &
15
17
#24960000
05
07
b1001 ;
b1001 >
1?
b1111 @
b010011011111 B
0E
#24970000
b0000000000000000010011100001 &
15
17
#24980000
b00111 1
05
07
b0000 ;
b0000 >
0?
b0000 @
b010011100000 B
1E
#24990000
b0000000000000000010011100010 &
15
17
#25000000
05
07
b1000 ;
b1000 >
1?
b1111 @
b010011100001 B
0E
#25010000
b0000000000000000010011100011 &
15
17
#25020000
b00110 1
05
07
b1111 ;
b1111 >
0?
b0000 @
b010011100010 B
1E
#25030000
b0000000000000000010011100100 &
15
17
#25040000
05
07
b1000 ;
b1000 >
1?
b1111 @
b010011100011 B
0E
#25050000
b0000000000000000010011100101 &
15
17
#25060000
b00101 1
05
07
b1110 ;
b1110 >
0?
b0000 @
b010011100100 B
1E
#25070000
b0000000000000000010011100110 &
15
17
#25080000
05
07
b1000 ;
b1000 >
1?
b1111 @
b010011100101 B
0E
#25090000
b0000000000000000010011100111 &
15
17
#25100000
b00100 1
05
07
b1101 ;
b1101 >
0?
b0000 @
b010011100110 B
1E
#25110000
b0000000000000000010011101000 &
15
17
#25120000
05
07
b1000 ;
b1000 >
1?
b1111 @
b010011100111 B
0E
#25130000
b0000000000000000010011101001 &
15
17
#25140000
b00011 1
05
07
b1100 ;
b1100 >
0?
b0000 @
b010011101000 B
1E
#25150000
b0000000000000000010011101010 &
15
17
#25160000
05
07
b1000 ;
b1000 >
1?
b1111 @
b010011101001 B
0E
#25170000
b0000000000000000010011101011 &
15
17
#25180000
b00010 1
05
07
b1011 ;
b1011 >
0?
b0000 @
b010011101010 B
1E
#25190000
b0000000000000000010011101100 &
15
17
#25200000
05
07
b1000 ;
b1000 >
1?
b1111 @
b010011101011 B
0E
#25210000
b0000000000000000010011101101 &
15
17
#25220000
b00001 1
05
07
b1010 ;
b1010 >
0?
b0000 @
b010011101100 B
1E
#25230000
b0000000000000000010011101110 &
15
17
#25240000
05
07
b1000 ;
b1000 >
1?
b1111 @
b010011101101 B
0E
#25250000
b0000000000000000010011101111 &
15
17
#25260000
b00000 1
05
07
b1001 ;
b1001 >
0?
b0000 @
b010011101110 B
1E
#25270000
b0000000000000000010011110000 &
15
17
#25280000
05
07
b1000 ;
b1000 >
1?
b1111 @
b010011101111 B
0E
#25290000
b0000000000000000010011110001 &
15
17
#25300000
b01111 2
b11111111111111101 3
05
07
0?
b0000 @
b010011110000 B
1E
#25310000
b0000000000000000010011110010 &
15
17
#25320000
05
07
1?
b1111 @
b010011110001 B
0E
#25330000
b0000000000000000010011110011 &
15
17
#25340000
b01110 2
b11111111111111100 3
05
07
b0111 ;
b0111 >
0?
b0000 @
b010011110010 B
1E
#25350000
b0000000000000000010011110100 &
15
17
#25360000
05
07
b1000 ;
b1000 >
1?
b1111 @
b010011110011 B
0E
#25370000
b0000000000000000010011110101 &
15
17
#25380000
b01101 2
b11111111111111011 3
05
07
b0110 ;
b0110 >
0?
b0000 @
b010011110100 B
1E
#25390000
b0000000000000000010011110110 &
15
17
#25400000
05
07
b1000 ;
b1000 >
1?
b1111 @
b010011110101 B
0E
#25410000
b0000000000000000010011110111 &
15
17
#25420000
b01100 2
b11111111111111010 3
05
07
b0101 ;
b0101 >
0?
b0000 @
b010011110110 B
1E
#25430000
b0000000000000000010011111000 &
15
17
#25440000
05
07
b1000 ;
b1000 >
1?
b1111 @
b010011110111 B
0E
#25450000
b0000000000000000010011111001 &
15
17
#25460000
b01011 2
b11111111111111001 3
05
07
b0100 ;
b0100 >
0?
b0000 @
b010011111000 B
1E
#25470000
b0000000000000000010011111010 &
15
17
#25480000
05
07
b1000 ;
b1000 >
1?
b1111 @
b010011111001 B
0E
#25490000
b0000000000000000010011111011 &
15
17
#25500000
b01010 2
b11111111111111000 3
05
07
b0011 ;
b0011 >
0?
b0000 @
b010011111010 B
1E
#25510000
b0000000000000000010011111100 &
15
17
#25520000
05
07
b1000 ;
b1000 >
1?
b1111 @
b010011111011 B
0E
#25530000
b0000000000000000010011111101 &
15
17
#25540000
b01001 2
b11111111111110111 3
05
07
b0010 ;
b0010 >
0?
b0000 @
b010011111100 B
1E
#25550000
b0000000000000000010011111110 &
15
17
b10 9
b00000010 <
#25560000
05
07
b1000 ;
b1000 >
1?
b1101 @
b010011111101 B
b1101 D
0E
#25570000
b0000000000000000010011111111 &
15
17
#25580000
b01000 2
b11111111111110110 3
05
07
b0001 ;
b0001 >
0?
b0000 @
b010011111110 B
b0101 D
1E
#25590000
b0000000000000000010100000000 &
15
17
#25600000
05
07
b1000 ;
b1000 >
1?
b0101 @
b010011111111 B
0E
#25610000
b0000000000000000010100000001 &
15
17
#25620000
b00111 2
b11111111111110101 3
05
07
b0000 ;
b0000 >
0?
b0000 @
b010100000000 B
1E
#25630000
b0000000000000000010100000010 &
15
17
#25640000
05
07
b0111 ;
b0111 >
1?
b0101 @
b010100000001 B
0E
#25650000
b0000000000000000010100000011 &
15
17
#25660000
b00110 2
b11111111111110100 3
05
07
b1111 ;
b1111 >
0?
b0000 @
b010100000010 B
1E
#25670000
b0000000000000000010100000100 &
15
17
#25680000
05
07
b0111 ;
b0111 >
1?
b0101 @
b010100000011 B
0E
#25690000
b0000000000000000010100000101 &
15
17
#25700000
b00101 2
b11111111111110011 3
05
07
b1110 ;
b1110 >
0?
b0000 @
b010100000100 B
1E
#25710000
b0000000000000000010100000110 &
15
17
#25720000
05
07
b0111 ;
b0111 >
1?
b0101 @
b010100000101 B
0E
#25730000
b0000000000000000010100000111 &
15
17
#25740000
b00100 2
b11111111111110010 3
05
07
b1101 ;
b1101 >
0?
b0000 @
b010100000110 B
1E
#25750000
b0000000000000000010100001000 &
15
17
#25760000
05
07
b0111 ;
b0111 >
1?
b0101 @
b010100000111 B
0E
#25770000
b0000000000000000010100001001 &
15
17
#25780000
b00011 2
b11111111111110001 3
05
07
b1100 ;
b1100 >
0?
b0000 @
b010100001000 B
1E
#25790000
b0000000000000000010100001010 &
15
17
#25800000
05
07
b0111 ;
b0111 >
1?
b0101 @
b010100001001 B
0E
#25810000
b0000000000000000010100001011 &
15
17
#25820000
b00010 2
b11111111111110000 3
05
07
b1011 ;
b1011 >
0?
b0000 @
b010100001010 B
1E
#25830000
b0000000000000000010100001100 &
15
17
#25840000
05
07
b0111 ;
b0111 >
1?
b0101 @
b010100001011 B
0E
#25850000
b0000000000000000010100001101 &
15
17
#25860000
b00001 2
b11111111111101111 3
05
07
b1010 ;
b1010 >
0?
b0000 @
b010100001100 B
1E
#25870000
b0000000000000000010100001110 &
15
17
b00 8
#25880000
00
05
07
b0111 ;
b0111 >
1?
b010100001101 B
b0000 D
0E
#25890000
b0000000000000000010100001111 &
15
17
#25900000
b10000 1
b10000 2
b00000000000000000 3
04
05
07
b1001 ;
b1001 >
0?
b010100001110 B
#25910000
b0000000000000000010100010000 &
15
17
#25920000
05
07
b0111 ;
b0111 >
b010100001111 B
#25930000
b0000000000000000010100010001 &
15
17
#25940000
05
07
b1000 ;
b1000 >
b010100010000 B
#25950000
b0000000000000000010100010010 &
15
17
#25960000
05
07
b0111 ;
b0111 >
b010100010001 B
#25970000
b0000000000000000010100010011 &
15
17
#25980000
05
07
b010100010010 B
#25990000
b0000000000000000010100010100 &
15
17
#26000000
05
07
b010100010011 B
#26010000
b0000000000000000010100010101 &
15
17
#26020000
05
07
b0110 ;
b0110 >
b010100010100 B
#26030000
b0000000000000000010100010110 &
15
17
#26040000
05
07
b0111 ;
b0111 >
b010100010101 B
#26050000
b0000000000000000010100010111 &
15
17
#26060000
05
07
b0101 ;
b0101 >
b010100010110 B
#26070000
b0000000000000000010100011000 &
15
17
b01 8
b11 9
b00000011 <
#26080000
05
07
b0111 ;
b0111 >
b010100010111 B
#26090000
b0000000000000000010100011001 &
15
17
#26100000
05
07
b0100 ;
b0100 >
b010100011000 B
#26110000
b0000000000000000010100011010 &
15
17
#26120000
05
07
b0111 ;
b0111 >
b010100011001 B
#26130000
b0000000000000000010100011011 &
15
17
#26140000
05
07
b0011 ;
b0011 >
b010100011010 B
#26150000
b0000000000000000010100011100 &
15
17
b00 9
b00000000 <
#26160000
10
05
07
b0111 ;
b0111 >
b010100011011 B
#26170000
b0000000000000000010100011101 &
15
17
#26180000
05
07
b0010 ;
b0010 >
b010100011100 B
1E
#26190000
b0000000000000000010100011110 &
15
17
#26200000
05
07
b0111 ;
b0111 >
1?
b010100011101 B
0E
#26210000
b0000000000000000010100011111 &
15
17
#26220000
b01111 1
05
07
b0001 ;
b0001 >
0?
b010100011110 B
1E
#26230000
b0000000000000000010100100000 &
15
17
#26240000
05
07
b0111 ;
b0111 >
1?
b010100011111 B
0E
#26250000
b0000000000000000010100100001 &
15
17
#26260000
b01110 1
05
07
b0000 ;
b0000 >
0?
b010100100000 B
1E
#26270000
b0000000000000000010100100010 &
15
17
#26280000
05
07
b0110 ;
b0110 >
1?
b010100100001 B
0E
#26290000
b0000000000000000010100100011 &
15
17
b11 9
b00000011 <
#26300000
b01101 1
05
07
b1111 ;
b1111 >
0?
b010100100010 B
b0011 D
1E
#26310000
b0000000000000000010100100100 &
15
17
b00 9
b00000000 <
#26320000
05
07
b0110 ;
b0110 >
1?
b1100 @
b010100100011 B
b1100 D
0E
#26330000
b0000000000000000010100100101 &
15
17
#26340000
b01100 1
b00000000000011000 3
05
07
b1110 ;
b1110 >
0?
b0000 @
b010100100100 B
b0000 D
1E
#26350000
b0000000000000000010100100110 &
15
17
#26360000
05
07
b0110 ;
b0110 >
1?
b010100100101 B
0E
#26370000
b0000000000000000010100100111 &
15
17
#26380000
b01011 1
05
07
b1101 ;
b1101 >
0?
b010100100110 B
1E
#26390000
b0000000000000000010100101000 &
15
17
#26400000
05
07
b0110 ;
b0110 >
1?
b010100100111 B
0E
#26410000
b0000000000000000010100101001 &
15
17
#26420000
b01010 1
05
07
b1100 ;
b1100 >
0?
b010100101000 B
1E
#26430000
b0000000000000000010100101010 &
15
17
#26440000
05
07
b0110 ;
b0110 >
1?
b010100101001 B
0E
#26450000
b0000000000000000010100101011 &
15
17
#26460000
b01001 1
05
07
b1011 ;
b1011 >
0?
b010100101010 B
1E
#26470000
b0000000000000000010100101100 &
15
17
#26480000
05
07
b0110 ;
b0110 >
1?
b010100101011 B
0E
#26490000
b0000000000000000010100101101 &
15
17
#26500000
b01000 1
05
07
b1010 ;
b1010 >
0?
b010100101100 B
1E
#26510000
b0000000000000000010100101110 &
15
17
#26520000
05
07
b0110 ;
b0110 >
1?
b010100101101 B
0E
#26530000
b0000000000000000010100101111 &
15
17
#26540000
b00111 1
05
07
b1001 ;
b1001 >
0?
b010100101110 B
1E
#26550000
b0000000000000000010100110000 &
15
17
#26560000
05
07
b0110 ;
b0110 >
1?
b010100101111 B
0E
#26570000
b0000000000000000010100110001 &
15
17
#26580000
b00110 1
05
07
b1000 ;
b1000 >
0?
b010100110000 B
1E
#26590000
b0000000000000000010100110010 &
15
17
#26600000
05
07
b0110 ;
b0110 >
1?
b010100110001 B
0E
#26610000
b0000000000000000010100110011 &
15
17
#26620000
b00101 1
05
07
b0111 ;
b0111 >
0?
b010100110010 B
1E
#26630000
b0000000000000000010100110100 &
15
17
#26640000
05
07
b0110 ;
b0110 >
1?
b010100110011 B
0E
#26650000
b0000000000000000010100110101 &
15
17
#26660000
b00100 1
05
07
0?
b010100110100 B
1E
#26670000
b0000000000000000010100110110 &
15
17
#26680000
05
07
1?
b010100110101 B
0E
#26690000
b0000000000000000010100110111 &
15
17
#26700000
b00011 1
05
07
b0101 ;
b0101 >
0?
b010100110110 B
1E
#26710000
b0000000000000000010100111000 &
15
17
#26720000
05
07
b0110 ;
b0110 >
1?
b010100110111 B
0E
#26730000
b0000000000000000010100111001 &
15
17
#26740000
b00010 1
05
07
b0100 ;
b0100 >
0?
b010100111000 B
1E
#26750000
b0000000000000000010100111010 &
15
17
#26760000
05
07
b0110 ;
b0110 >
1?
b010100111001 B
0E
#26770000
b0000000000000000010100111011 &
15
17
#26780000
b00001 1
05
07
b0011 ;
b0011 >
0?
b010100111010 B
1E
#26790000
b0000000000000000010100111100 &
15
17
#26800000
05
07
b0110 ;
b0110 >
1?
b010100111011 B
0E
#26810000
b0000000000000000010100111101 &
15
17
#26820000
b00000 1
05
07
b0010 ;
b0010 >
0?
b010100111100 B
1E
#26830000
b0000000000000000010100111110 &
15
17
#26840000
05
07
b0110 ;
b0110 >
1?
b010100111101 B
0E
#26850000
b0000000000000000010100111111 &
15
17
#26860000
b01111 2
b00000000000010111 3
05
07
b0001 ;
b0001 >
0?
b010100111110 B
1E
#26870000
b0000000000000000010101000000 &
15
17
b10 9
b00000010 <
#26880000
05
07
b0110 ;
b0110 >
1?
b0001 @
b010100111111 B
b0001 D
0E
#26890000
b0000000000000000010101000001 &
15
17
b00 9
b00000000 <
#26900000
b01110 2
b00000000000010110 3
05
07
b0000 ;
b0000 >
0?
b0000 @
b010101000000 B
b0100 D
1E
#26910000
b0000000000000000010101000010 &
15
17
#26920000
05
07
b0101 ;
b0101 >
1?
b010101000001 B
b0000 D
0E
#26930000
b0000000000000000010101000011 &
15
17
#26940000
b01101 2
b00000000000010101 3
05
07
b1111 ;
b1111 >
0?
b010101000010 B
1E
#26950000
b0000000000000000010101000100 &
15
17
b01 9
b00000001 <
#26960000
05
07
b0101 ;
b0101 >
1?
b0010 @
b010101000011 B
b0010 D
0E
#26970000
b0000000000000000010101000101 &
15
17
b00 9
b00000000 <
#26980000
b01100 2
b00000000000010100 3
05
07
b1110 ;
b1110 >
0?
b0000 @
b010101000100 B
b1000 D
1E
#26990000
b0000000000000000010101000110 &
15
17
#27000000
05
07
b0101 ;
b0101 >
1?
b010101000101 B
b0000 D
0E
#27010000
b0000000000000000010101000111 &
15
17
#27020000
b01011 2
b00000000000010011 3
05
07
b1101 ;
b1101 >
0?
b010101000110 B
1E
#27030000
b0000000000000000010101001000 &
15
17
b11 9
b00000011 <
#27040000
05
07
b0101 ;
b0101 >
1?
b0011 @
b010101000111 B
b0011 D
0E
#27050000
b0000000000000000010101001001 &
15
17
b00 9
b00000000 <
#27060000
b01010 2
b00000000000010010 3
05
07
b1100 ;
b1100 >
0?
b0000 @
b010101001000 B
b1100 D
1E
#27070000
b0000000000000000010101001010 &
15
17
#27080000
05
07
b0101 ;
b0101 >
1?
b010101001001 B
b0000 D
0E
#27090000
b0000000000000000010101001011 &
15
17
b10 9
b00000010 <
#27100000
b01001 2
b00000000000010001 3
05
07
b1011 ;
b1011 >
0?
b010101001010 B
b0001 D
1E
#27110000
b0000000000000000010101001100 &
15
17
b00 9
b00000000 <
#27120000
05
07
b0101 ;
b0101 >
1?
b0100 @
b010101001011 B
b0100 D
0E
#27130000
b0000000000000000010101001101 &
15
17
#27140000
b01000 2
b00000000000010000 3
05
07
b1010 ;
b1010 >
0?
b0000 @
b010101001100 B
b0000 D
1E
#27150000
b0000000000000000010101001110 &
15
17
#27160000
05
07
b0101 ;
b0101 >
1?
b010101001101 B
0E
#27170000
b0000000000000000010101001111 &
15
17
b10 9
b00000010 <
#27180000
b00111 2
b00000000000001111 3
05
07
b1001 ;
b1001 >
0?
b010101001110 B
b0001 D
1E
#27190000
b0000000000000000010101010000 &
15
17
#27200000
05
07
b0101 ;
b0101 >
1?
b0101 @
b010101001111 B
b0101 D
0E
#27210000
b0000000000000000010101010001 &
15
17
b00 9
b00000000 <
#27220000
b00110 2
b00000000000001110 3
05
07
b1000 ;
b1000 >
0?
b0000 @
b010101010000 B
b0100 D
1E
#27230000
b0000000000000000010101010010 &
15
17
#27240000
05
07
b0101 ;
b0101 >
1?
b010101010001 B
b0000 D
0E
#27250000
b0000000000000000010101010011 &
15
17
b10 9
b00000010 <
#27260000
b00101 2
b00000000000001101 3
05
07
b0111 ;
b0111 >
0?
b010101010010 B
b0001 D
1E
#27270000
b0000000000000000010101010100 &
15
17
b01 9
b00000001 <
#27280000
05
07
b0101 ;
b0101 >
1?
b0110 @
b010101010011 B
b0110 D
0E
#27290000
b0000000000000000010101010101 &
15
17
b00 9
b00000000 <
#27300000
b00100 2
b00000000000001100 3
05
07
b0110 ;
b0110 >
0?
b0000 @
b010101010100 B
b1000 D
1E
#27310000
b0000000000000000010101010110 &
15
17
#27320000
05
07
b0101 ;
b0101 >
1?
b010101010101 B
b0000 D
0E
#27330000
b0000000000000000010101010111 &
15
17
b10 9
b00000010 <
#27340000
b00011 2
b00000000000001011 3
05
07
0?
b010101010110 B
b0001 D
1E
#27350000
b0000000000000000010101011000 &
15
17
b11 9
b00000011 <
#27360000
05
07
1?
b0111 @
b010101010111 B
b0111 D
0E
#27370000
b0000000000000000010101011001 &
15
17
b00 9
b00000000 <
#27380000
b00010 2
b00000000000001010 3
05
07
b0100 ;
b0100 >
0?
b0000 @
b010101011000 B
b1100 D
1E
#27390000
b0000000000000000010101011010 &
15
17
#27400000
05
07
b0101 ;
b0101 >
1?
b010101011001 B
b0000 D
0E
#27410000
b0000000000000000010101011011 &
15
17
b01 9
b00000001 <
#27420000
b00001 2
b00000000000001001 3
05
07
b0011 ;
b0011 >
0?
b010101011010 B
b0010 D
1E
#27430000
b0000000000000000010101011100 &
15
17
b00 9
b00000000 <
#27440000
05
07
b0101 ;
b0101 >
1?
b1000 @
b010101011011 B
b1000 D
0E
#27450000
b0000000000000000010101011101 &
15
17
#27460000
b00000 2
b00000000000001000 3
05
07
b0010 ;
b0010 >
0?
b0000 @
b010101011100 B
b0000 D
1E
#27470000
b0000000000000000010101011110 &
15
17
#27480000
05
07
b0101 ;
b0101 >
1?
b010101011101 B
0E
#27490000
b0000000000000000010101011111 &
15
17
b01 9
b00000001 <
#27500000
1)
b00000000000000111 3
05
07
b0001 ;
b0001 >
0?
b010101011110 B
b0010 D
1E
#27510000
b0000000000000000010101100000 &
15
17
b10 9
b00000010 <
#27520000
0)
b000000110001 ,
05
07
b0101 ;
b0101 >
1?
b1001 @
b010101011111 B
b1001 D
0E
#27530000
b0000000000000000010101100001 &
15
17
b00 9
b00000000 <
#27540000
1)
b1001 *
b00000000000000110 3
05
07
b0000 ;
b0000 >
0?
b0000 @
b010101100000 B
b0100 D
1E
#27550000
b0000000000000000010101100010 &
15
17
#27560000
0)
b0000 *
b000000110010 ,
05
07
b0100 ;
b0100 >
1?
b010101100001 B
b0000 D
0E
#27570000
b0000000000000000010101100011 &
15
17
b01 9
b00000001 <
#27580000
1)
b00000000000000101 3
05
07
b1111 ;
b1111 >
0?
b010101100010 B
b0010 D
1E
#27590000
b0000000000000000010101100100 &
15
17
#27600000
0)
b000000110011 ,
05
07
b0100 ;
b0100 >
1?
b1010 @
b010101100011 B
b1010 D
0E
#27610000
b0000000000000000010101100101 &
15
17
b00 9
b00000000 <
#27620000
1)
b1010 *
b00000000000000100 3
05
07
b1110 ;
b1110 >
0?
b0000 @
b010101100100 B
b1000 D
1E
#27630000
b0000000000000000010101100110 &
15
17
#27640000
0)
b0000 *
b000000110100 ,
05
07
b0100 ;
b0100 >
1?
b010101100101 B
b0000 D
0E
#27650000
b0000000000000000010101100111 &
15
17
b01 9
b00000001 <
#27660000
1)
b00000000000000011 3
05
07
b1101 ;
b1101 >
0?
b010101100110 B
b0010 D
1E
#27670000
b0000000000000000010101101000 &
15
17
b11 9
b00000011 <
#27680000
0)
b000000110101 ,
05
07
b0100 ;
b0100 >
1?
b1011 @
b010101100111 B
b1011 D
0E
#27690000
b0000000000000000010101101001 &
15
17
b00 9
b00000000 <
#27700000
1)
b1011 *
b00000000000000010 3
05
07
b1100 ;
b1100 >
0?
b0000 @
b010101101000 B
b1100 D
1E
#27710000
b0000000000000000010101101010 &
15
17
#27720000
0)
b0000 *
b000000110110 ,
05
07
b0100 ;
b0100 >
1?
b010101101001 B
b0000 D
0E
#27730000
b0000000000000000010101101011 &
15
17
b11 9
b00000011 <
#27740000
1)
b00000000000000001 3
05
07
b1011 ;
b1011 >
0?
b010101101010 B
b0011 D
1E
#27750000
b0000000000000000010101101100 &
15
17
b00 9
b00000000 <
#27760000
0)
b000000110111 ,
05
07
b0100 ;
b0100 >
1?
b1100 @
b010101101011 B
b1100 D
0E
#27770000
b0000000000000000010101101101 &
15
17
#27780000
1)
b1100 *
b00000000000000000 3
05
07
b1010 ;
b1010 >
0?
b0000 @
b010101101100 B
b0000 D
1E
#27790000
b0000000000000000010101101110 &
15
17
#27800000
0)
b0000 *
b000000111000 ,
05
07
b0100 ;
b0100 >
1?
b010101101101 B
0E
#27810000
b0000000000000000010101101111 &
15
17
#27820000
05
07
b1001 ;
b1001 >
0?
b010101101110 B
1E
#27830000
b0000000000000000010101110000 &
15
17
#27840000
05
07
b0100 ;
b0100 >
1?
b010101101111 B
0E
#27850000
b0000000000000000010101110001 &
15
17
#27860000
05
07
b1000 ;
b1000 >
0?
b010101110000 B
1E
#27870000
b0000000000000000010101110010 &
15
17
#27880000
05
07
b0100 ;
b0100 >
1?
b010101110001 B
0E
#27890000
b0000000000000000010101110011 &
15
17
#27900000
05
07
b0111 ;
b0111 >
0?
b010101110010 B
1E
#27910000
b0000000000000000010101110100 &
15
17
#27920000
05
07
b0100 ;
b0100 >
1?
b010101110011 B
0E
#27930000
b0000000000000000010101110101 &
15
17
#27940000
05
07
b0110 ;
b0110 >
0?
b010101110100 B
1E
#27950000
b0000000000000000010101110110 &
15
17
#27960000
05
07
b0100 ;
b0100 >
1?
b010101110101 B
0E
#27970000
b0000000000000000010101110111 &
15
17
#27980000
05
07
b0101 ;
b0101 >
0?
b010101110110 B
1E
#27990000
b0000000000000000010101111000 &
15
17
#28000000
05
07
b0100 ;
b0100 >
1?
b010101110111 B
0E
#28010000
b0000000000000000010101111001 &
15
17
#28020000
05
07
0?
b010101111000 B
1E
#28030000
b0000000000000000010101111010 &
15
17
#28040000
05
07
1?
b010101111001 B
0E
#28050000
b0000000000000000010101111011 &
15
17
#28060000
05
07
b0011 ;
b0011 >
0?
b010101111010 B
1E
#28070000
b0000000000000000010101111100 &
15
17
b00 8
#28080000
00
05
07
b0100 ;
b0100 >
1?
b010101111011 B
0E
#28090000
b0000000000000000010101111101 &
15
17
#28100000
b10000 1
b10000 2
05
07
b0010 ;
b0010 >
0?
b010101111100 B
#28110000
b0000000000000000010101111110 &
15
17
#28120000
05
07
b0100 ;
b0100 >
b010101111101 B
#28130000
b0000000000000000010101111111 &
15
17
#28140000
05
07
b0001 ;
b0001 >
b010101111110 B
#28150000
b0000000000000000010110000000 &
15
17
#28160000
05
07
b0100 ;
b0100 >
b010101111111 B
#28170000
b0000000000000000010110000001 &
15
17
#28180000
05
07
b0000 ;
b0000 >
b010110000000 B
#28190000
b0000000000000000010110000010 &
15
17
#28200000
05
07
b0011 ;
b0011 >
b010110000001 B
#28210000
b0000000000000000010110000011 &
15
17
#28220000
05
07
b1111 ;
b1111 >
b010110000010 B
#28230000
b0000000000000000010110000100 &
15
17
#28240000
05
07
b0011 ;
b0011 >
b010110000011 B
#28250000
b0000000000000000010110000101 &
15
17
#28260000
05
07
b1110 ;
b1110 >
b010110000100 B
#28270000
b0000000000000000010110000110 &
15
17
#28280000
05
07
b0011 ;
b0011 >
b010110000101 B
#28290000
b0000000000000000010110000111 &
15
17
#28300000
05
07
b1101 ;
b1101 >
b010110000110 B
#28310000
b0000000000000000010110001000 &
15
17
#28320000
05
07
b0011 ;
b0011 >
b010110000111 B
#28330000
b0000000000000000010110001001 &
15
17
#28340000
05
07
b1100 ;
b1100 >
b010110001000 B
#28350000
b0000000000000000010110001010 &
15
17
#28360000
05
07
b0011 ;
b0011 >
b010110001001 B
#28370000
b0000000000000000010110001011 &
15
17
#28380000
05
07
b1011 ;
b1011 >
b010110001010 B
#28390000
b0000000000000000010110001100 &
15
17
#28400000
05
07
b0011 ;
b0011 >
b010110001011 B
#28410000
b0000000000000000010110001101 &
15
17
#28420000
05
07
b1010 ;
b1010 >
b010110001100 B
#28430000
b0000000000000000010110001110 &
15
17
#28440000
05
07
b0011 ;
b0011 >
b010110001101 B
#28450000
b0000000000000000010110001111 &
15
17
#28460000
05
07
b1001 ;
b1001 >
b010110001110 B
#28470000
b0000000000000000010110010000 &
15
17
#28480000
05
07
b0011 ;
b0011 >
b010110001111 B
#28490000
b0000000000000000010110010001 &
15
17
#28500000
05
07
b1000 ;
b1000 >
b010110010000 B
#28510000
b0000000000000000010110010010 &
15
17
#28520000
05
07
b0011 ;
b0011 >
b010110010001 B
#28530000
b0000000000000000010110010011 &
15
17
#28540000
05
07
b0111 ;
b0111 >
b010110010010 B
#28550000
b0000000000000000010110010100 &
15
17
#28560000
05
07
b0011 ;
b0011 >
b010110010011 B
#28570000
b0000000000000000010110010101 &
15
17
#28580000
05
07
b0110 ;
b0110 >
b010110010100 B
#28590000
b0000000000000000010110010110 &
15
17
b01 8
b11 9
b00000011 <
#28600000
05
07
b0011 ;
b0011 >
b010110010101 B
#28610000
b0000000000000000010110010111 &
15
17
#28620000
05
07
b0101 ;
b0101 >
b010110010110 B
#28630000
b0000000000000000010110011000 &
15
17
#28640000
05
07
b0011 ;
b0011 >
b010110010111 B
#28650000
b0000000000000000010110011001 &
15
17
#28660000
05
07
b0100 ;
b0100 >
b010110011000 B
#28670000
b0000000000000000010110011010 &
15
17
b00 9
b00000000 <
#28680000
10
05
07
b0011 ;
b0011 >
b010110011001 B
#28690000
b0000000000000000010110011011 &
15
17
b11 9
b00000011 <
#28700000
05
07
b010110011010 B
b0011 D
1E
#28710000
b0000000000000000010110011100 &
15
17
#28720000
05
07
1?
b1111 @
b010110011011 B
b1111 D
0E
#28730000
b0000000000000000010110011101 &
15
17
#28740000
b01111 1
b00000000000011110 3
05
07
b0010 ;
b0010 >
0?
b0000 @
b010110011100 B
1E
#28750000
b0000000000000000010110011110 &
15
17
#28760000
05
07
b0011 ;
b0011 >
1?
b1111 @
b010110011101 B
0E
#28770000
b0000000000000000010110011111 &
15
17
#28780000
b01110 1
b00000000111111110 3
05
07
b0001 ;
b0001 >
0?
b0000 @
b010110011110 B
1E
#28790000
b0000000000000000010110100000 &
15
17
#28800000
05
07
b0011 ;
b0011 >
1?
b1111 @
b010110011111 B
0E
#28810000
b0000000000000000010110100001 &
15
17
#28820000
b01101 1
b00001111111111110 3
05
07
b0000 ;
b0000 >
0?
b0000 @
b010110100000 B
1E
#28830000
b0000000000000000010110100010 &
15
17
#28840000
05
07
b0010 ;
b0010 >
1?
b1111 @
b010110100001 B
0E
#28850000
b0000000000000000010110100011 &
15
17
#28860000
b01100 1
b11111111111111110 3
05
07
b1111 ;
b1111 >
0?
b0000 @
b010110100010 B
1E
#28870000
b0000000000000000010110100100 &
15
17
#28880000
05
07
b0010 ;
b0010 >
1?
b1111 @
b010110100011 B
0E
#28890000
b0000000000000000010110100101 &
15
17
#28900000
b01011 1
14
05
07
b1110 ;
b1110 >
0?
b0000 @
b010110100100 B
1E
#28910000
b0000000000000000010110100110 &
15
17
#28920000
05
07
b0010 ;
b0010 >
1?
b1111 @
b010110100101 B
0E
#28930000
b0000000000000000010110100111 &
15
17
#28940000
b01010 1
05
07
b1101 ;
b1101 >
0?
b0000 @
b010110100110 B
1E
#28950000
b0000000000000000010110101000 &
15
17
#28960000
05
07
b0010 ;
b0010 >
1?
b1111 @
b010110100111 B
0E
#28970000
b0000000000000000010110101001 &
15
17
#28980000
b01001 1
05
07
b1100 ;
b1100 >
0?
b0000 @
b010110101000 B
1E
#28990000
b0000000000000000010110101010 &
15
17
#29000000
05
07
b0010 ;
b0010 >
1?
b1111 @
b010110101001 B
0E
#29010000
b0000000000000000010110101011 &
15
17
#29020000
b01000 1
05
07
b1011 ;
b1011 >
0?
b0000 @
b010110101010 B
1E
#29030000
b0000000000000000010110101100 &
15
17
#29040000
05
07
b0010 ;
b0010 >
1?
b1111 @
b010110101011 B
0E
#29050000
b0000000000000000010110101101 &
15
17
#29060000
b00111 1
05
07
b1010 ;
b1010 >
0?
b0000 @
b010110101100 B
1E
#29070000
b0000000000000000010110101110 &
15
17
#29080000
05
07
b0010 ;
b0010 >
1?
b1111 @
b010110101101 B
0E
#29090000
b0000000000000000010110101111 &
15
17
#29100000
b00110 1
05
07
b1001 ;
b1001 >
0?
b0000 @
b010110101110 B
1E
#29110000
b0000000000000000010110110000 &
15
17
#29120000
05
07
b0010 ;
b0010 >
1?
b1111 @
b010110101111 B
0E
#29130000
b0000000000000000010110110001 &
15
17
#29140000
b00101 1
05
07
b1000 ;
b1000 >
0?
b0000 @
b010110110000 B
1E
#29150000
b0000000000000000010110110010 &
15
17
#29160000
05
07
b0010 ;
b0010 >
1?
b1111 @
b010110110001 B
0E
#29170000
b0000000000000000010110110011 &
15
17
#29180000
b00100 1
05
07
b0111 ;
b0111 >
0?
b0000 @
b010110110010 B
1E
#29190000
b0000000000000000010110110100 &
15
17
#29200000
05
07
b0010 ;
b0010 >
1?
b1111 @
b010110110011 B
0E
#29210000
b0000000000000000010110110101 &
15
17
#29220000
b00011 1
05
07
b0110 ;
b0110 >
0?
b0000 @
b010110110100 B
1E
#29230000
b0000000000000000010110110110 &
15
17
#29240000
05
07
b0010 ;
b0010 >
1?
b1111 @
b010110110101 B
0E
#29250000
b0000000000000000010110110111 &
15
17
#29260000
b00010 1
05
07
b0101 ;
b0101 >
0?
b0000 @
b010110110110 B
1E
#29270000
b0000000000000000010110111000 &
15
17
#29280000
05
07
b0010 ;
b0010 >
1?
b1111 @
b010110110111 B
0E
#29290000
b0000000000000000010110111001 &
15
17
#29300000
b00001 1
05
07
b0100 ;
b0100 >
0?
b0000 @
b010110111000 B
1E
#29310000
b0000000000000000010110111010 &
15
17
#29320000
05
07
b0010 ;
b0010 >
1?
b1111 @
b010110111001 B
0E
#29330000
b0000000000000000010110111011 &
15
17
#29340000
b00000 1
05
07
b0011 ;
b0011 >
0?
b0000 @
b010110111010 B
1E
#29350000
b0000000000000000010110111100 &
15
17
#29360000
05
07
b0010 ;
b0010 >
1?
b1111 @
b010110111011 B
0E
#29370000
b0000000000000000010110111101 &
15
17
#29380000
b01111 2
b11111111111111101 3
05
07
0?
b0000 @
b010110111100 B
1E
#29390000
b0000000000000000010110111110 &
15
17
#29400000
05
07
1?
b1111 @
b010110111101 B
0E
#29410000
b0000000000000000010110111111 &
15
17
#29420000
b01110 2
b11111111111111100 3
05
07
b0001 ;
b0001 >
0?
b0000 @
b010110111110 B
1E
#29430000
b0000000000000000010111000000 &
15
17
#29440000
05
07
b0010 ;
b0010 >
1?
b1111 @
b010110111111 B
0E
#29450000
b0000000000000000010111000001 &
15
17
#29460000
b01101 2
b11111111111111011 3
05
07
b0000 ;
b0000 >
0?
b0000 @
b010111000000 B
1E
#29470000
b0000000000000000010111000010 &
15
17
#29480000
05
07
b0001 ;
b0001 >
1?
b1111 @
b010111000001 B
0E
#29490000
b0000000000000000010111000011 &
15
17
#29500000
b01100 2
b11111111111111010 3
05
07
b1111 ;
b1111 >
0?
b0000 @
b010111000010 B
1E
#29510000
b0000000000000000010111000100 &
15
17
#29520000
05
07
b0001 ;
b0001 >
1?
b1111 @
b010111000011 B
0E
#29530000
b0000000000000000010111000101 &
15
17
#29540000
b01011 2
b11111111111111001 3
05
07
b1110 ;
b1110 >
0?
b0000 @
b010111000100 B
1E
#29550000
b0000000000000000010111000110 &
15
17
#29560000
05
07
b0001 ;
b0001 >
1?
b1111 @
b010111000101 B
0E
#29570000
b0000000000000000010111000111 &
15
17
#29580000
b01010 2
b11111111111111000 3
05
07
b1101 ;
b1101 >
0?
b0000 @
b010111000110 B
1E
#29590000
b0000000000000000010111001000 &
15
17
#29600000
05
07
b0001 ;
b0001 >
1?
b1111 @
b010111000111 B
0E
#29610000
b0000000000000000010111001001 &
15
17
#29620000
b01001 2
b11111111111110111 3
05
07
b1100 ;
b1100 >
0?
b0000 @
b010111001000 B
1E
#29630000
b0000000000000000010111001010 &
15
17
b10 9
b00000010 <
#29640000
05
07
b0001 ;
b0001 >
1?
b1101 @
b010111001001 B
b1101 D
0E
#29650000
b0000000000000000010111001011 &
15
17
#29660000
b01000 2
b11111111111110110 3
05
07
b1011 ;
b1011 >
0?
b0000 @
b010111001010 B
b0101 D
1E
#29670000
b0000000000000000010111001100 &
15
17
#29680000
05
07
b0001 ;
b0001 >
1?
b0101 @
b010111001011 B
0E
#29690000
b0000000000000000010111001101 &
15
17
#29700000
b00111 2
b11111111111110101 3
05
07
b1010 ;
b1010 >
0?
b0000 @
b010111001100 B
1E
#29710000
b0000000000000000010111001110 &
15
17
#29720000
05
07
b0001 ;
b0001 >
1?
b0101 @
b010111001101 B
0E
#29730000
b0000000000000000010111001111 &
15
17
#29740000
b00110 2
b11111111111110100 3
05
07
b1001 ;
b1001 >
0?
b0000 @
b010111001110 B
1E
#29750000
b0000000000000000010111010000 &
15
17
#29760000
05
07
b0001 ;
b0001 >
1?
b0101 @
b010111001111 B
0E
#29770000
b0000000000000000010111010001 &
15
17
#29780000
b00101 2
b11111111111110011 3
05
07
b1000 ;
b1000 >
0?
b0000 @
b010111010000 B
1E
#29790000
b0000000000000000010111010010 &
15
17
#29800000
05
07
b0001 ;
b0001 >
1?
b0101 @
b010111010001 B
0E
#29810000
b0000000000000000010111010011 &
15
17
#29820000
b00100 2
b11111111111110010 3
05
07
b0111 ;
b0111 >
0?
b0000 @
b010111010010 B
1E
#29830000
b0000000000000000010111010100 &
15
17
#29840000
05
07
b0001 ;
b0001 >
1?
b0101 @
b010111010011 B
0E
#29850000
b0000000000000000010111010101 &
15
17
#29860000
b00011 2
b11111111111110001 3
05
07
b0110 ;
b0110 >
0?
b0000 @
b010111010100 B
1E
#29870000
b0000000000000000010111010110 &
15
17
#29880000
05
07
b0001 ;
b0001 >
1?
b0101 @
b010111010101 B
0E
#29890000
b0000000000000000010111010111 &
15
17
#29900000
b00010 2
b11111111111110000 3
05
07
b0101 ;
b0101 >
0?
b0000 @
b010111010110 B
1E
#29910000
b0000000000000000010111011000 &
15
17
#29920000
05
07
b0001 ;
b0001 >
1?
b0101 @
b010111010111 B
0E
#29930000
b0000000000000000010111011001 &
15
17
#29940000
b00001 2
b11111111111101111 3
05
07
b0100 ;
b0100 >
0?
b0000 @
b010111011000 B
1E
#29950000
b0000000000000000010111011010 &
15
17
b00 8
#29960000
00
05
07
b0001 ;
b0001 >
1?
b010111011001 B
b0000 D
0E
#29970000
b0000000000000000010111011011 &
15
17
#29980000
b10000 1
b10000 2
b00000000000000000 3
04
05
07
b0011 ;
b0011 >
0?
b010111011010 B
#29990000
b0000000000000000010111011100 &
15
17
#30000000
05
07
b0001 ;
b0001 >
b010111011011 B
#30010000
b0000000000000000010111011101 &
15
17
#30020000
05
07
b0010 ;
b0010 >
b010111011100 B
#30030000
b0000000000000000010111011110 &
15
17
#30040000
05
07
b0001 ;
b0001 >
b010111011101 B
#30050000
b0000000000000000010111011111 &
15
17
#30060000
05
07
b010111011110 B
#30070000
b0000000000000000010111100000 &
15
17
#30080000
05
07
b010111011111 B
#30090000
b0000000000000000010111100001 &
15
17
#30100000
05
07
b0000 ;
b0000 >
b010111100000 B
#30110000
b0000000000000000010111100010 &
15
17
#30120000
05
07
b010111100001 B
#30130000
b0000000000000000010111100011 &
15
17
#30140000
05
07
b1111 ;
b1111 >
b010111100010 B
#30150000
b0000000000000000010111100100 &
15
17
b01 8
b11 9
b00000011 <
#30160000
05
07
b0000 ;
b0000 >
b010111100011 B
#30170000
b0000000000000000010111100101 &
15
17
#30180000
05
07
b1110 ;
b1110 >
b010111100100 B
#30190000
b0000000000000000010111100110 &
15
17
#30200000
05
07
b0000 ;
b0000 >
b010111100101 B
#30210000
b0000000000000000010111100111 &
15
17
#30220000
05
07
b1101 ;
b1101 >
b010111100110 B
#30230000
b0000000000000000010111101000 &
15
17
b00 9
b00000000 <
#30240000
10
05
07
b0000 ;
b0000 >
b010111100111 B
#30250000
b0000000000000000010111101001 &
15
17
#30260000
05
07
b1100 ;
b1100 >
b010111101000 B
1E
#30270000
b0000000000000000010111101010 &
15
17
#30280000
05
07
b0000 ;
b0000 >
1?
b010111101001 B
0E
#30290000
b0000000000000000010111101011 &
15
17
#30300000
b01111 1
05
07
b1011 ;
b1011 >
0?
b010111101010 B
1E
#30310000
b0000000000000000010111101100 &
15
17
#30320000
05
07
b0000 ;
b0000 >
1?
b010111101011 B
0E
#30330000
b0000000000000000010111101101 &
15
17
#30340000
b01110 1
05
07
b1010 ;
b1010 >
0?
b010111101100 B
1E
#30350000
b0000000000000000010111101110 &
15
17
#30360000
05
07
b0000 ;
b0000 >
1?
b010111101101 B
0E
#30370000
b0000000000000000010111101111 &
15
17
b11 9
b00000011 <
#30380000
b01101 1
05
07
b1001 ;
b1001 >
0?
b010111101110 B
b0011 D
1E
#30390000
b0000000000000000010111110000 &
15
17
b00 9
b00000000 <
#30400000
05
07
b0000 ;
b0000 >
1?
b1100 @
b010111101111 B
b1100 D
0E
#30410000
b0000000000000000010111110001 &
15
17
#30420000
b01100 1
b00000000000011000 3
05
07
b1000 ;
b1000 >
0?
b0000 @
b010111110000 B
b0000 D
1E
#30430000
b0000000000000000010111110010 &
15
17
#30440000
05
07
b0000 ;
b0000 >
1?
b010111110001 B
0E
#30450000
b0000000000000000010111110011 &
15
17
#30460000
b01011 1
05
07
b0111 ;
b0111 >
0?
b010111110010 B
1E
#30470000
b0000000000000000010111110100 &
15
17
#30480000
05
07
b0000 ;
b0000 >
1?
b010111110011 B
0E
#30490000
b0000000000000000010111110101 &
15
17
#30500000
b01010 1
05
07
b0110 ;
b0110 >
0?
b010111110100 B
1E
#30510000
b0000000000000000010111110110 &
15
17
#30520000
05
07
b0000 ;
b0000 >
1?
b010111110101 B
0E
#30530000
b0000000000000000010111110111 &
15
17
#30540000
b01001 1
05
07
b0101 ;
b0101 >
0?
b010111110110 B
1E
#30550000
b0000000000000000010111111000 &
15
17
#30560000
05
07
b0000 ;
b0000 >
1?
b010111110111 B
0E
#30570000
b0000000000000000010111111001 &
15
17
#30580000
b01000 1
05
07
b0100 ;
b0100 >
0?
b010111111000 B
1E
#30590000
b0000000000000000010111111010 &
15
17
#30600000
05
07
b0000 ;
b0000 >
1?
b010111111001 B
0E
#30610000
b0000000000000000010111111011 &
15
17
#30620000
b00111 1
05
07
b0011 ;
b0011 >
0?
b010111111010 B
1E
#30630000
b0000000000000000010111111100 &
15
17
#30640000
05
07
b0000 ;
b0000 >
1?
b010111111011 B
0E
#30650000
b0000000000000000010111111101 &
15
17
#30660000
b00110 1
05
07
b0010 ;
b0010 >
0?
b010111111100 B
1E
#30670000
b0000000000000000010111111110 &
15
17
#30680000
05
07
b0000 ;
b0000 >
1?
b010111111101 B
0E
#30690000
b0000000000000000010111111111 &
15
17
#30700000
b00101 1
05
07
b0001 ;
b0001 >
0?
b010111111110 B
1E
#30710000
b0000000000000000011000000000 &
15
17
#30720000
05
07
b0000 ;
b0000 >
1?
b010111111111 B
0E
#30730000
b0000000000000000011000000001 &
15
17
#30740000
b00100 1
05
07
0?
b011000000000 B
1E
#30750000
b0000000000000000011000000010 &
15
17
#30760000
05
07
b1111 ;
b1111 >
1?
b011000000001 B
0E
#30770000
b0000000000000000011000000011 &
15
17
#30780000
b00011 1
05
07
0?
b011000000010 B
1E
#30790000
b0000000000000000011000000100 &
15
17
#30800000
05
07
1?
b011000000011 B
0E
#30810000
b0000000000000000011000000101 &
15
17
#30820000
b00010 1
05
07
b1110 ;
b1110 >
0?
b011000000100 B
1E
#30830000
b0000000000000000011000000110 &
15
17
#30840000
05
07
b1111 ;
b1111 >
1?
b011000000101 B
0E
#30850000
b0000000000000000011000000111 &
15
17
#30860000
b00001 1
05
07
b1101 ;
b1101 >
0?
b011000000110 B
1E
#30870000
b0000000000000000011000001000 &
15
17
#30880000
05
07
b1111 ;
b1111 >
1?
b011000000111 B
0E
#30890000
b0000000000000000011000001001 &
15
17
#30900000
b00000 1
05
07
b1100 ;
b1100 >
0?
b011000001000 B
1E
#30910000
b0000000000000000011000001010 &
15
17
#30920000
05
07
b1111 ;
b1111 >
1?
b011000001001 B
0E
#30930000
b0000000000000000011000001011 &
15
17
#30940000
b01111 2
b00000000000010111 3
05
07
b1011 ;
b1011 >
0?
b011000001010 B
1E
#30950000
b0000000000000000011000001100 &
15
17
b10 9
b00000010 <
#30960000
05
07
b1111 ;
b1111 >
1?
b0001 @
b011000001011 B
b0001 D
0E
#30970000
b0000000000000000011000001101 &
15
17
b00 9
b00000000 <
#30980000
b01110 2
b00000000000010110 3
05
07
b1010 ;
b1010 >
0?
b0000 @
b011000001100 B
b0100 D
1E
#30990000
b0000000000000000011000001110 &
15
17
#31000000
05
07
b1111 ;
b1111 >
1?
b011000001101 B
b0000 D
0E
#31010000
b0000000000000000011000001111 &
15
17
#31020000
b01101 2
b00000000000010101 3
05
07
b1001 ;
b1001 >
0?
b011000001110 B
1E
#31030000
b0000000000000000011000010000 &
15
17
b01 9
b00000001 <
#31040000
05
07
b1111 ;
b1111 >
1?
b0010 @
b011000001111 B
b0010 D
0E
#31050000
b0000000000000000011000010001 &
15
17
b00 9
b00000000 <
#31060000
b01100 2
b00000000000010100 3
05
07
b1000 ;
b1000 >
0?
b0000 @
b011000010000 B
b1000 D
1E
#31070000
b0000000000000000011000010010 &
15
17
#31080000
05
07
b1111 ;
b1111 >
1?
b011000010001 B
b0000 D
0E
#31090000
b0000000000000000011000010011 &
15
17
#31100000
b01011 2
b00000000000010011 3
05
07
b0111 ;
b0111 >
0?
b011000010010 B
1E
#31110000
b0000000000000000011000010100 &
15
17
b11 9
b00000011 <
#31120000
05
07
b1111 ;
b1111 >
1?
b0011 @
b011000010011 B
b0011 D
0E
#31130000
b0000000000000000011000010101 &
15
17
b00 9
b00000000 <
#31140000
b01010 2
b00000000000010010 3
05
07
b0110 ;
b0110 >
0?
b0000 @
b011000010100 B
b1100 D
1E
#31150000
b0000000000000000011000010110 &
15
17
#31160000
05
07
b1111 ;
b1111 >
1?
b011000010101 B
b0000 D
0E
#31170000
b0000000000000000011000010111 &
15
17
b10 9
b00000010 <
#31180000
b01001 2
b00000000000010001 3
05
07
b0101 ;
b0101 >
0?
b011000010110 B
b0001 D
1E
#31190000
b0000000000000000011000011000 &
15
17
b00 9
b00000000 <
#31200000
05
07
b1111 ;
b1111 >
1?
b0100 @
b011000010111 B
b0100 D
0E
#31210000
b0000000000000000011000011001 &
15
17
#31220000
b01000 2
b00000000000010000 3
05
07
b0100 ;
b0100 >
0?
b0000 @
b011000011000 B
b0000 D
1E
#31230000
b0000000000000000011000011010 &
15
17
#31240000
05
07
b1111 ;
b1111 >
1?
b011000011001 B
0E
#31250000
b0000000000000000011000011011 &
15
17
b10 9
b00000010 <
#31260000
b00111 2
b00000000000001111 3
05
07
b0011 ;
b0011 >
0?
b011000011010 B
b0001 D
1E
#31270000
b0000000000000000011000011100 &
15
17
#31280000
05
07
b1111 ;
b1111 >
1?
b0101 @
b011000011011 B
b0101 D
0E
#31290000
b0000000000000000011000011101 &
15
17
b00 9
b00000000 <
#31300000
b00110 2
b00000000000001110 3
05
07
b0010 ;
b0010 >
0?
b0000 @
b011000011100 B
b0100 D
1E
#31310000
b0000000000000000011000011110 &
15
17
#31320000
05
07
b1111 ;
b1111 >
1?
b011000011101 B
b0000 D
0E
#31330000
b0000000000000000011000011111 &
15
17
b10 9
b00000010 <
#31340000
b00101 2
b00000000000001101 3
05
07
b0001 ;
b0001 >
0?
b011000011110 B
b0001 D
1E
#31350000
b0000000000000000011000100000 &
15
17
b01 9
b00000001 <
#31360000
05
07
b1111 ;
b1111 >
1?
b0110 @
b011000011111 B
b0110 D
0E
#31370000
b0000000000000000011000100001 &
15
17
b00 9
b00000000 <
#31380000
b00100 2
b00000000000001100 3
05
07
b0000 ;
b0000 >
0?
b0000 @
b011000100000 B
b1000 D
1E
#31390000
b0000000000000000011000100010 &
15
17
#31400000
05
07
b1110 ;
b1110 >
1?
b011000100001 B
b0000 D
0E
#31410000
b0000000000000000011000100011 &
15
17
b10 9
b00000010 <
#31420000
b00011 2
b00000000000001011 3
05
07
b1111 ;
b1111 >
0?
b011000100010 B
b0001 D
1E
#31430000
b0000000000000000011000100100 &
15
17
b11 9
b00000011 <
#31440000
05
07
b1110 ;
b1110 >
1?
b0111 @
b011000100011 B
b0111 D
0E
#31450000
b0000000000000000011000100101 &
15
17
b00 9
b00000000 <
#31460000
b00010 2
b00000000000001010 3
05
07
0?
b0000 @
b011000100100 B
b1100 D
1E
#31470000
b0000000000000000011000100110 &
15
17
#31480000
05
07
1?
b011000100101 B
b0000 D
0E
#31490000
b0000000000000000011000100111 &
15
17
b01 9
b00000001 <
#31500000
b00001 2
b00000000000001001 3
05
07
b1101 ;
b1101 >
0?
b011000100110 B
b0010 D
1E
#31510000
b0000000000000000011000101000 &
15
17
b00 9
b00000000 <
#31520000
05
07
b1110 ;
b1110 >
1?
b1000 @
b011000100111 B
b1000 D
0E
#31530000
b0000000000000000011000101001 &
15
17
#31540000
b00000 2
b00000000000001000 3
05
07
b1100 ;
b1100 >
0?
b0000 @
b011000101000 B
b0000 D
1E
#31550000
b0000000000000000011000101010 &
15
17
#31560000
05
07
b1110 ;
b1110 >
1?
b011000101001 B
0E
#31570000
b0000000000000000011000101011 &
15
17
b01 9
b00000001 <
#31580000
1)
b00000000000000111 3
05
07
b1011 ;
b1011 >
0?
b011000101010 B
b0010 D
1E
#31590000
b0000000000000000011000101100 &
15
17
b10 9
b00000010 <
#31600000
0)
b000000111001 ,
05
07
b1110 ;
b1110 >
1?
b1001 @
b011000101011 B
b1001 D
0E
#31610000
b0000000000000000011000101101 &
15
17
b00 9
b00000000 <
#31620000
1)
b1001 *
b00000000000000110 3
05
07
b1010 ;
b1010 >
0?
b0000 @
b011000101100 B
b0100 D
1E
#31630000
b0000000000000000011000101110 &
15
17
#31640000
0)
b0000 *
b000000111010 ,
05
07
b1110 ;
b1110 >
1?
b011000101101 B
b0000 D
0E
#31650000
b0000000000000000011000101111 &
15
17
b01 9
b00000001 <
#31660000
1)
b00000000000000101 3
05
07
b1001 ;
b1001 >
0?
b011000101110 B
b0010 D
1E
#31670000
b0000000000000000011000110000 &
15
17
#31680000
0)
b000000111011 ,
05
07
b1110 ;
b1110 >
1?
b1010 @
b011000101111 B
b1010 D
0E
#31690000
b0000000000000000011000110001 &
15
17
b00 9
b00000000 <
#31700000
1)
b1010 *
b00000000000000100 3
05
07
b1000 ;
b1000 >
0?
b0000 @
b011000110000 B
b1000 D
1E
#31710000
b0000000000000000011000110010 &
15
17
#31720000
0)
b0000 *
b000000111100 ,
05
07
b1110 ;
b1110 >
1?
b011000110001 B
b0000 D
0E
#31730000
b0000000000000000011000110011 &
15
17
b01 9
b00000001 <
#31740000
1)
b00000000000000011 3
05
07
b0111 ;
b0111 >
0?
b011000110010 B
b0010 D
1E
#31750000
b0000000000000000011000110100 &
15
17
b11 9
b00000011 <
#31760000
0)
b000000111101 ,
05
07
b1110 ;
b1110 >
1?
b1011 @
b011000110011 B
b1011 D
0E
#31770000
b0000000000000000011000110101 &
15
17
b00 9
b00000000 <
#31780000
1)
b1011 *
b00000000000000010 3
05
07
b0110 ;
b0110 >
0?
b0000 @
b011000110100 B
b1100 D
1E
#31790000
b0000000000000000011000110110 &
15
17
#31800000
0)
b0000 *
b000000111110 ,
05
07
b1110 ;
b1110 >
1?
b011000110101 B
b0000 D
0E
#31810000
b0000000000000000011000110111 &
15
17
b11 9
b00000011 <
#31820000
1)
b00000000000000001 3
05
07
b0101 ;
b0101 >
0?
b011000110110 B
b0011 D
1E
#31830000
b0000000000000000011000111000 &
15
17
b00 9
b00000000 <
#31840000
0)
b000000111111 ,
05
07
b1110 ;
b1110 >
1?
b1100 @
b011000110111 B
b1100 D
0E
#31850000
b0000000000000000011000111001 &
15
17
#31860000
1)
b1100 *
b00000000000000000 3
05
07
b0100 ;
b0100 >
0?
b0000 @
b011000111000 B
b0000 D
1E
#31870000
b0000000000000000011000111010 &
15
17
#31880000
0)
b0000 *
b000001000000 ,
05
07
b1110 ;
b1110 >
1?
b011000111001 B
0E
#31890000
b0000000000000000011000111011 &
15
17
#31900000
05
07
b0011 ;
b0011 >
0?
b011000111010 B
1E
#31910000
b0000000000000000011000111100 &
15
17
#31920000
05
07
b1110 ;
b1110 >
1?
b011000111011 B
0E
#31930000
b0000000000000000011000111101 &
15
17
#31940000
05
07
b0010 ;
b0010 >
0?
b011000111100 B
1E
#31950000
b0000000000000000011000111110 &
15
17
#31960000
05
07
b1110 ;
b1110 >
1?
b011000111101 B
0E
#31970000
b0000000000000000011000111111 &
15
17
#31980000
05
07
b0001 ;
b0001 >
0?
b011000111110 B
1E
#31990000
b0000000000000000011001000000 &
15
17
#32000000
05
07
b1110 ;
b1110 >
1?
b011000111111 B
0E
#32010000
b0000000000000000011001000001 &
15
17
#32020000
05
07
b0000 ;
b0000 >
0?
b011001000000 B
1E
#32030000
b0000000000000000011001000010 &
15
17
#32040000
05
07
b1101 ;
b1101 >
1?
b011001000001 B
0E
#32050000
b0000000000000000011001000011 &
15
17
#32060000
05
07
b1111 ;
b1111 >
0?
b011001000010 B
1E
#32070000
b0000000000000000011001000100 &
15
17
#32080000
05
07
b1101 ;
b1101 >
1?
b011001000011 B
0E
#32090000
b0000000000000000011001000101 &
15
17
#32100000
05
07
b1110 ;
b1110 >
0?
b011001000100 B
1E
#32110000
b0000000000000000011001000110 &
15
17
#32120000
05
07
b1101 ;
b1101 >
1?
b011001000101 B
0E
#32130000
b0000000000000000011001000111 &
15
17
#32140000
05
07
0?
b011001000110 B
1E
#32150000
b0000000000000000011001001000 &
15
17
b00 8
#32160000
00
05
07
1?
b011001000111 B
0E
#32170000
b0000000000000000011001001001 &
15
17
#32180000
b10000 1
b10000 2
05
07
b1100 ;
b1100 >
0?
b011001001000 B
#32190000
b0000000000000000011001001010 &
15
17
#32200000
05
07
b1101 ;
b1101 >
b011001001001 B
#32210000
b0000000000000000011001001011 &
15
17
#32220000
05
07
b1011 ;
b1011 >
b011001001010 B
#32230000
b0000000000000000011001001100 &
15
17
#32240000
05
07
b1101 ;
b1101 >
b011001001011 B
#32250000
b0000000000000000011001001101 &
15
17
#32260000
05
07
b1010 ;
b1010 >
b011001001100 B
#32270000
b0000000000000000011001001110 &
15
17
#32280000
05
07
b1101 ;
b1101 >
b011001001101 B
#32290000
b0000000000000000011001001111 &
15
17
#32300000
05
07
b1001 ;
b1001 >
b011001001110 B
#32310000
b0000000000000000011001010000 &
15
17
#32320000
05
07
b1101 ;
b1101 >
b011001001111 B
#32330000
b0000000000000000011001010001 &
15
17
#32340000
05
07
b1000 ;
b1000 >
b011001010000 B
#32350000
b0000000000000000011001010010 &
15
17
#32360000
05
07
b1101 ;
b1101 >
b011001010001 B
#32370000
b0000000000000000011001010011 &
15
17
#32380000
05
07
b0111 ;
b0111 >
b011001010010 B
#32390000
b0000000000000000011001010100 &
15
17
#32400000
05
07
b1101 ;
b1101 >
b011001010011 B
#32410000
b0000000000000000011001010101 &
15
17
#32420000
05
07
b0110 ;
b0110 >
b011001010100 B
#32430000
b0000000000000000011001010110 &
15
17
#32440000
05
07
b1101 ;
b1101 >
b011001010101 B
#32450000
b0000000000000000011001010111 &
15
17
#32460000
05
07
b0101 ;
b0101 >
b011001010110 B
#32470000
b0000000000000000011001011000 &
15
17
#32480000
05
07
b1101 ;
b1101 >
b011001010111 B
#32490000
b0000000000000000011001011001 &
15
17
#32500000
05
07
b0100 ;
b0100 >
b011001011000 B
#32510000
b0000000000000000011001011010 &
15
17
#32520000
05
07
b1101 ;
b1101 >
b011001011001 B
#32530000
b0000000000000000011001011011 &
15
17
#32540000
05
07
b0011 ;
b0011 >
b011001011010 B
#32550000
b0000000000000000011001011100 &
15
17
#32560000
05
07
b1101 ;
b1101 >
b011001011011 B
#32570000
b0000000000000000011001011101 &
15
17
#32580000
05
07
b0010 ;
b0010 >
b011001011100 B
#32590000
b0000000000000000011001011110 &
15
17
#32600000
05
07
b1101 ;
b1101 >
b011001011101 B
#32610000
b0000000000000000011001011111 &
15
17
#32620000
05
07
b0001 ;
b0001 >
b011001011110 B
#32630000
b0000000000000000011001100000 &
15
17
#32640000
05
07
b1101 ;
b1101 >
b011001011111 B
#32650000
b0000000000000000011001100001 &
15
17
#32660000
05
07
b0000 ;
b0000 >
b011001100000 B
#32670000
b0000000000000000011001100010 &
15
17
b01 8
b11 9
b00000011 <
#32680000
05
07
b1100 ;
b1100 >
b011001100001 B
#32690000
b0000000000000000011001100011 &
15
17
#32700000
05
07
b1111 ;
b1111 >
b011001100010 B
#32710000
b0000000000000000011001100100 &
15
17
#32720000
05
07
b1100 ;
b1100 >
b011001100011 B
#32730000
b0000000000000000011001100101 &
15
17
#32740000
05
07
b1110 ;
b1110 >
b011001100100 B
#32750000
b0000000000000000011001100110 &
15
17
b00 9
b00000000 <
#32760000
10
05
07
b1100 ;
b1100 >
b011001100101 B
#32770000
b0000000000000000011001100111 &
15
17
b11 9
b00000011 <
#32780000
05
07
b1101 ;
b1101 >
b011001100110 B
b0011 D
1E
#32790000
b0000000000000000011001101000 &
15
17
#32800000
05
07
b1100 ;
b1100 >
1?
b1111 @
b011001100111 B
b1111 D
0E
#32810000
b0000000000000000011001101001 &
15
17
#32820000
b01111 1
b00000000000011110 3
05
07
0?
b0000 @
b011001101000 B
1E
#32830000
b0000000000000000011001101010 &
15
17
#32840000
05
07
1?
b1111 @
b011001101001 B
0E
#32850000
b0000000000000000011001101011 &
15
17
#32860000
b01110 1
b00000000111111110 3
05
07
b1011 ;
b1011 >
0?
b0000 @
b011001101010 B
1E
#32870000
b0000000000000000011001101100 &
15
17
#32880000
05
07
b1100 ;
b1100 >
1?
b1111 @
b011001101011 B
0E
#32890000
b0000000000000000011001101101 &
15
17
#32900000
b01101 1
b00001111111111110 3
05
07
b1010 ;
b1010 >
0?
b0000 @
b011001101100 B
1E
#32910000
b0000000000000000011001101110 &
15
17
#32920000
05
07
b1100 ;
b1100 >
1?
b1111 @
b011001101101 B
0E
#32930000
b0000000000000000011001101111 &
15
17
#32940000
b01100 1
b11111111111111110 3
05
07
b1001 ;
b1001 >
0?
b0000 @
b011001101110 B
1E
#32950000
b0000000000000000011001110000 &
15
17
#32960000
05
07
b1100 ;
b1100 >
1?
b1111 @
b011001101111 B
0E
#32970000
b0000000000000000011001110001 &
15
17
#32980000
b01011 1
14
05
07
b1000 ;
b1000 >
0?
b0000 @
b011001110000 B
1E
#32990000
b0000000000000000011001110010 &
15
17
#33000000
05
07
b1100 ;
b1100 >
1?
b1111 @
b011001110001 B
0E
#33010000
b0000000000000000011001110011 &
15
17
#33020000
b01010 1
05
07
b0111 ;
b0111 >
0?
b0000 @
b011001110010 B
1E
#33030000
b0000000000000000011001110100 &
15
17
#33040000
05
07
b1100 ;
b1100 >
1?
b1111 @
b011001110011 B
0E
#33050000
b0000000000000000011001110101 &
15
17
#33060000
b01001 1
05
07
b0110 ;
b0110 >
0?
b0000 @
b011001110100 B
1E
#33070000
b0000000000000000011001110110 &
15
17
#33080000
05
07
b1100 ;
b1100 >
1?
b1111 @
b011001110101 B
0E
#33090000
b0000000000000000011001110111 &
15
17
#33100000
b01000 1
05
07
b0101 ;
b0101 >
0?
b0000 @
b011001110110 B
1E
#33110000
b0000000000000000011001111000 &
15
17
#33120000
05
07
b1100 ;
b1100 >
1?
b1111 @
b011001110111 B
0E
#33130000
b0000000000000000011001111001 &
15
17
#33140000
b00111 1
05
07
b0100 ;
b0100 >
0?
b0000 @
b011001111000 B
1E
#33150000
b0000000000000000011001111010 &
15
17
#33160000
05
07
b1100 ;
b1100 >
1?
b1111 @
b011001111001 B
0E
#33170000
b0000000000000000011001111011 &
15
17
#33180000
b00110 1
05
07
b0011 ;
b0011 >
0?
b0000 @
b011001111010 B
1E
#33190000
b0000000000000000011001111100 &
15
17
#33200000
05
07
b1100 ;
b1100 >
1?
b1111 @
b011001111011 B
0E
#33210000
b0000000000000000011001111101 &
15
17
#33220000
b00101 1
05
07
b0010 ;
b0010 >
0?
b0000 @
b011001111100 B
1E
#33230000
b0000000000000000011001111110 &
15
17
#33240000
05
07
b1100 ;
b1100 >
1?
b1111 @
b011001111101 B
0E
#33250000
b0000000000000000011001111111 &
15
17
#33260000
b00100 1
05
07
b0001 ;
b0001 >
0?
b0000 @
b011001111110 B
1E
#33270000
b0000000000000000011010000000 &
15
17
#33280000
05
07
b1100 ;
b1100 >
1?
b1111 @
b011001111111 B
0E
#33290000
b0000000000000000011010000001 &
15
17
#33300000
b00011 1
05
07
b0000 ;
b0000 >
0?
b0000 @
b011010000000 B
1E
#33310000
b0000000000000000011010000010 &
15
17
#33320000
05
07
b1011 ;
b1011 >
1?
b1111 @
b011010000001 B
0E
#33330000
b0000000000000000011010000011 &
15
17
#33340000
b00010 1
05
07
b1111 ;
b1111 >
0?
b0000 @
b011010000010 B
1E
#33350000
b0000000000000000011010000100 &
15
17
#33360000
05
07
b1011 ;
b1011 >
1?
b1111 @
b011010000011 B
0E
#33370000
b0000000000000000011010000101 &
15
17
#33380000
b00001 1
05
07
b1110 ;
b1110 >
0?
b0000 @
b011010000100 B
1E
#33390000
b0000000000000000011010000110 &
15
17
#33400000
05
07
b1011 ;
b1011 >
1?
b1111 @
b011010000101 B
0E
#33410000
b0000000000000000011010000111 &
15
17
#33420000
b00000 1
05
07
b1101 ;
b1101 >
0?
b0000 @
b011010000110 B
1E
#33430000
b0000000000000000011010001000 &
15
17
#33440000
05
07
b1011 ;
b1011 >
1?
b1111 @
b011010000111 B
0E
#33450000
b0000000000000000011010001001 &
15
17
#33460000
b01111 2
b11111111111111101 3
05
07
b1100 ;
b1100 >
0?
b0000 @
b011010001000 B
1E
#33470000
b0000000000000000011010001010 &
15
17
#33480000
05
07
b1011 ;
b1011 >
1?
b1111 @
b011010001001 B
0E
#33490000
b0000000000000000011010001011 &
15
17
#33500000
b01110 2
b11111111111111100 3
05
07
0?
b0000 @
b011010001010 B
1E
#33510000
b0000000000000000011010001100 &
15
17
#33520000
05
07
1?
b1111 @
b011010001011 B
0E
#33530000
b0000000000000000011010001101 &
15
17
#33540000
b01101 2
b11111111111111011 3
05
07
b1010 ;
b1010 >
0?
b0000 @
b011010001100 B
1E
#33550000
b0000000000000000011010001110 &
15
17
#33560000
05
07
b1011 ;
b1011 >
1?
b1111 @
b011010001101 B
0E
#33570000
b0000000000000000011010001111 &
15
17
#33580000
b01100 2
b11111111111111010 3
05
07
b1001 ;
b1001 >
0?
b0000 @
b011010001110 B
1E
#33590000
b0000000000000000011010010000 &
15
17
#33600000
05
07
b1011 ;
b1011 >
1?
b1111 @
b011010001111 B
0E
#33610000
b0000000000000000011010010001 &
15
17
#33620000
b01011 2
b11111111111111001 3
05
07
b1000 ;
b1000 >
0?
b0000 @
b011010010000 B
1E
#33630000
b0000000000000000011010010010 &
15
17
#33640000
05
07
b1011 ;
b1011 >
1?
b1111 @
b011010010001 B
0E
#33650000
b0000000000000000011010010011 &
15
17
#33660000
b01010 2
b11111111111111000 3
05
07
b0111 ;
b0111 >
0?
b0000 @
b011010010010 B
1E
#33670000
b0000000000000000011010010100 &
15
17
#33680000
05
07
b1011 ;
b1011 >
1?
b1111 @
b011010010011 B
0E
#33690000
b0000000000000000011010010101 &
15
17
#33700000
b01001 2
b11111111111110111 3
05
07
b0110 ;
b0110 >
0?
b0000 @
b011010010100 B
1E
#33710000
b0000000000000000011010010110 &
15
17
b10 9
b00000010 <
#33720000
05
07
b1011 ;
b1011 >
1?
b1101 @
b011010010101 B
b1101 D
0E
#33730000
b0000000000000000011010010111 &
15
17
#33740000
b01000 2
b11111111111110110 3
05
07
b0101 ;
b0101 >
0?
b0000 @
b011010010110 B
b0101 D
1E
#33750000
b0000000000000000011010011000 &
15
17
#33760000
05
07
b1011 ;
b1011 >
1?
b0101 @
b011010010111 B
0E
#33770000
b0000000000000000011010011001 &
15
17
#33780000
b00111 2
b11111111111110101 3
05
07
b0100 ;
b0100 >
0?
b0000 @
b011010011000 B
1E
#33790000
b0000000000000000011010011010 &
15
17
#33800000
05
07
b1011 ;
b1011 >
1?
b0101 @
b011010011001 B
0E
#33810000
b0000000000000000011010011011 &
15
17
#33820000
b00110 2
b11111111111110100 3
05
07
b0011 ;
b0011 >
0?
b0000 @
b011010011010 B
1E
#33830000
b0000000000000000011010011100 &
15
17
#33840000
05
07
b1011 ;
b1011 >
1?
b0101 @
b011010011011 B
0E
#33850000
b0000000000000000011010011101 &
15
17
#33860000
b00101 2
b11111111111110011 3
05
07
b0010 ;
b0010 >
0?
b0000 @
b011010011100 B
1E
#33870000
b0000000000000000011010011110 &
15
17
#33880000
05
07
b1011 ;
b1011 >
1?
b0101 @
b011010011101 B
0E
#33890000
b0000000000000000011010011111 &
15
17
#33900000
b00100 2
b11111111111110010 3
05
07
b0001 ;
b0001 >
0?
b0000 @
b011010011110 B
1E
#33910000
b0000000000000000011010100000 &
15
17
#33920000
05
07
b1011 ;
b1011 >
1?
b0101 @
b011010011111 B
0E
#33930000
b0000000000000000011010100001 &
15
17
#33940000
b00011 2
b11111111111110001 3
05
07
b0000 ;
b0000 >
0?
b0000 @
b011010100000 B
1E
#33950000
b0000000000000000011010100010 &
15
17
#33960000
05
07
b1010 ;
b1010 >
1?
b0101 @
b011010100001 B
0E
#33970000
b0000000000000000011010100011 &
15
17
#33980000
b00010 2
b11111111111110000 3
05
07
b1111 ;
b1111 >
0?
b0000 @
b011010100010 B
1E
#33990000
b0000000000000000011010100100 &
15
17
#34000000
05
07
b1010 ;
b1010 >
1?
b0101 @
b011010100011 B
0E
#34010000
b0000000000000000011010100101 &
15
17
#34020000
b00001 2
b11111111111101111 3
05
07
b1110 ;
b1110 >
0?
b0000 @
b011010100100 B
1E
#34030000
b0000000000000000011010100110 &
15
17
b00 8
#34040000
00
05
07
b1010 ;
b1010 >
1?
b011010100101 B
b0000 D
0E
#34050000
b0000000000000000011010100111 &
15
17
#34060000
b10000 1
b10000 2
b00000000000000000 3
04
05
07
b1101 ;
b1101 >
0?
b011010100110 B
#34070000
b0000000000000000011010101000 &
15
17
#34080000
05
07
b1010 ;
b1010 >
b011010100111 B
#34090000
b0000000000000000011010101001 &
15
17
#34100000
05
07
b1100 ;
b1100 >
b011010101000 B
#34110000
b0000000000000000011010101010 &
15
17
#34120000
05
07
b1010 ;
b1010 >
b011010101001 B
#34130000
b0000000000000000011010101011 &
15
17
#34140000
05
07
b1011 ;
b1011 >
b011010101010 B
#34150000
b0000000000000000011010101100 &
15
17
#34160000
05
07
b1010 ;
b1010 >
b011010101011 B
#34170000
b0000000000000000011010101101 &
15
17
#34180000
05
07
b011010101100 B
#34190000
b0000000000000000011010101110 &
15
17
#34200000
05
07
b011010101101 B
#34210000
b0000000000000000011010101111 &
15
17
#34220000
05
07
b1001 ;
b1001 >
b011010101110 B
#34230000
b0000000000000000011010110000 &
15
17
b01 8
b11 9
b00000011 <
#34240000
05
07
b1010 ;
b1010 >
b011010101111 B
#34250000
b0000000000000000011010110001 &
15
17
#34260000
05
07
b1000 ;
b1000 >
b011010110000 B
#34270000
b0000000000000000011010110010 &
15
17
#34280000
05
07
b1010 ;
b1010 >
b011010110001 B
#34290000
b0000000000000000011010110011 &
15
17
#34300000
05
07
b0111 ;
b0111 >
b011010110010 B
#34310000
b0000000000000000011010110100 &
15
17
b00 9
b00000000 <
#34320000
10
05
07
b1010 ;
b1010 >
b011010110011 B
#34330000
b0000000000000000011010110101 &
15
17
#34340000
05
07
b0110 ;
b0110 >
b011010110100 B
1E
#34350000
b0000000000000000011010110110 &
15
17
#34360000
05
07
b1010 ;
b1010 >
1?
b011010110101 B
0E
#34370000
b0000000000000000011010110111 &
15
17
#34380000
b01111 1
05
07
b0101 ;
b0101 >
0?
b011010110110 B
1E
#34390000
b0000000000000000011010111000 &
15
17
#34400000
05
07
b1010 ;
b1010 >
1?
b011010110111 B
0E
#34410000
b0000000000000000011010111001 &
15
17
#34420000
b01110 1
05
07
b0100 ;
b0100 >
0?
b011010111000 B
1E
#34430000
b0000000000000000011010111010 &
15
17
#34440000
05
07
b1010 ;
b1010 >
1?
b011010111001 B
0E
#34450000
b0000000000000000011010111011 &
15
17
b11 9
b00000011 <
#34460000
b01101 1
05
07
b0011 ;
b0011 >
0?
b011010111010 B
b0011 D
1E
#34470000
b0000000000000000011010111100 &
15
17
b00 9
b00000000 <
#34480000
05
07
b1010 ;
b1010 >
1?
b1100 @
b011010111011 B
b1100 D
0E
#34490000
b0000000000000000011010111101 &
15
17
#34500000
b01100 1
b00000000000011000 3
05
07
b0010 ;
b0010 >
0?
b0000 @
b011010111100 B
b0000 D
1E
#34510000
b0000000000000000011010111110 &
15
17
#34520000
05
07
b1010 ;
b1010 >
1?
b011010111101 B
0E
#34530000
b0000000000000000011010111111 &
15
17
#34540000
b01011 1
05
07
b0001 ;
b0001 >
0?
b011010111110 B
1E
#34550000
b0000000000000000011011000000 &
15
17
#34560000
05
07
b1010 ;
b1010 >
1?
b011010111111 B
0E
#34570000
b0000000000000000011011000001 &
15
17
#34580000
b01010 1
05
07
b0000 ;
b0000 >
0?
b011011000000 B
1E
#34590000
b0000000000000000011011000010 &
15
17
#34600000
05
07
b1001 ;
b1001 >
1?
b011011000001 B
0E
#34610000
b0000000000000000011011000011 &
15
17
#34620000
b01001 1
05
07
b1111 ;
b1111 >
0?
b011011000010 B
1E
#34630000
b0000000000000000011011000100 &
15
17
#34640000
05
07
b1001 ;
b1001 >
1?
b011011000011 B
0E
#34650000
b0000000000000000011011000101 &
15
17
#34660000
b01000 1
05
07
b1110 ;
b1110 >
0?
b011011000100 B
1E
#34670000
b0000000000000000011011000110 &
15
17
#34680000
05
07
b1001 ;
b1001 >
1?
b011011000101 B
0E
#34690000
b0000000000000000011011000111 &
15
17
#34700000
b00111 1
05
07
b1101 ;
b1101 >
0?
b011011000110 B
1E
#34710000
b0000000000000000011011001000 &
15
17
#34720000
05
07
b1001 ;
b1001 >
1?
b011011000111 B
0E
#34730000
b0000000000000000011011001001 &
15
17
#34740000
b00110 1
05
07
b1100 ;
b1100 >
0?
b011011001000 B
1E
#34750000
b0000000000000000011011001010 &
15
17
#34760000
05
07
b1001 ;
b1001 >
1?
b011011001001 B
0E
#34770000
b0000000000000000011011001011 &
15
17
#34780000
b00101 1
05
07
b1011 ;
b1011 >
0?
b011011001010 B
1E
#34790000
b0000000000000000011011001100 &
15
17
#34800000
05
07
b1001 ;
b1001 >
1?
b011011001011 B
0E
#34810000
b0000000000000000011011001101 &
15
17
#34820000
b00100 1
05
07
b1010 ;
b1010 >
0?
b011011001100 B
1E
#34830000
b0000000000000000011011001110 &
15
17
#34840000
05
07
b1001 ;
b1001 >
1?
b011011001101 B
0E
#34850000
b0000000000000000011011001111 &
15
17
#34860000
b00011 1
05
07
0?
b011011001110 B
1E
#34870000
b0000000000000000011011010000 &
15
17
#34880000
05
07
1?
b011011001111 B
0E
#34890000
b0000000000000000011011010001 &
15
17
#34900000
b00010 1
05
07
b1000 ;
b1000 >
0?
b011011010000 B
1E
#34910000
b0000000000000000011011010010 &
15
17
#34920000
05
07
b1001 ;
b1001 >
1?
b011011010001 B
0E
#34930000
b0000000000000000011011010011 &
15
17
#34940000
b00001 1
05
07
b0111 ;
b0111 >
0?
b011011010010 B
1E
#34950000
b0000000000000000011011010100 &
15
17
#34960000
05
07
b1001 ;
b1001 >
1?
b011011010011 B
0E
#34970000
b0000000000000000011011010101 &
15
17
#34980000
b00000 1
05
07
b0110 ;
b0110 >
0?
b011011010100 B
1E
#34990000
b0000000000000000011011010110 &
15
17
#35000000
05
07
b1001 ;
b1001 >
1?
b011011010101 B
0E
#35010000
b0000000000000000011011010111 &
15
17
#35020000
b01111 2
b00000000000010111 3
05
07
b0101 ;
b0101 >
0?
b011011010110 B
1E
#35030000
b0000000000000000011011011000 &
15
17
b10 9
b00000010 <
#35040000
05
07
b1001 ;
b1001 >
1?
b0001 @
b011011010111 B
b0001 D
0E
#35050000
b0000000000000000011011011001 &
15
17
b00 9
b00000000 <
#35060000
b01110 2
b00000000000010110 3
05
07
b0100 ;
b0100 >
0?
b0000 @
b011011011000 B
b0100 D
1E
#35070000
b0000000000000000011011011010 &
15
17
#35080000
05
07
b1001 ;
b1001 >
1?
b011011011001 B
b0000 D
0E
#35090000
b0000000000000000011011011011 &
15
17
#35100000
b01101 2
b00000000000010101 3
05
07
b0011 ;
b0011 >
0?
b011011011010 B
1E
#35110000
b0000000000000000011011011100 &
15
17
b01 9
b00000001 <
#35120000
05
07
b1001 ;
b1001 >
1?
b0010 @
b011011011011 B
b0010 D
0E
#35130000
b0000000000000000011011011101 &
15
17
b00 9
b00000000 <
#35140000
b01100 2
b00000000000010100 3
05
07
b0010 ;
b0010 >
0?
b0000 @
b011011011100 B
b1000 D
1E
#35150000
b0000000000000000011011011110 &
15
17
#35160000
05
07
b1001 ;
b1001 >
1?
b011011011101 B
b0000 D
0E
#35170000
b0000000000000000011011011111 &
15
17
#35180000
b01011 2
b00000000000010011 3
05
07
b0001 ;
b0001 >
0?
b011011011110 B
1E
#35190000
b0000000000000000011011100000 &
15
17
b11 9
b00000011 <
#35200000
05
07
b1001 ;
b1001 >
1?
b0011 @
b011011011111 B
b0011 D
0E
#35210000
b0000000000000000011011100001 &
15
17
b00 9
b00000000 <
#35220000
b01010 2
b00000000000010010 3
05
07
b0000 ;
b0000 >
0?
b0000 @
b011011100000 B
b1100 D
1E
#35230000
b0000000000000000011011100010 &
15
17
#35240000
05
07
b1000 ;
b1000 >
1?
b011011100001 B
b0000 D
0E
#35250000
b0000000000000000011011100011 &
15
17
b10 9
b00000010 <
#35260000
b01001 2
b00000000000010001 3
05
07
b1111 ;
b1111 >
0?
b011011100010 B
b0001 D
1E
#35270000
b0000000000000000011011100100 &
15
17
b00 9
b00000000 <
#35280000
05
07
b1000 ;
b1000 >
1?
b0100 @
b011011100011 B
b0100 D
0E
#35290000
b0000000000000000011011100101 &
15
17
#35300000
b01000 2
b00000000000010000 3
05
07
b1110 ;
b1110 >
0?
b0000 @
b011011100100 B
b0000 D
1E
#35310000
b0000000000000000011011100110 &
15
17
#35320000
05
07
b1000 ;
b1000 >
1?
b011011100101 B
0E
#35330000
b0000000000000000011011100111 &
15
17
b10 9
b00000010 <
#35340000
b00111 2
b00000000000001111 3
05
07
b1101 ;
b1101 >
0?
b011011100110 B
b0001 D
1E
#35350000
b0000000000000000011011101000 &
15
17
#35360000
05
07
b1000 ;
b1000 >
1?
b0101 @
b011011100111 B
b0101 D
0E
#35370000
b0000000000000000011011101001 &
15
17
b00 9
b00000000 <
#35380000
b00110 2
b00000000000001110 3
05
07
b1100 ;
b1100 >
0?
b0000 @
b011011101000 B
b0100 D
1E
#35390000
b0000000000000000011011101010 &
15
17
#35400000
05
07
b1000 ;
b1000 >
1?
b011011101001 B
b0000 D
0E
#35410000
b0000000000000000011011101011 &
15
17
b10 9
b00000010 <
#35420000
b00101 2
b00000000000001101 3
05
07
b1011 ;
b1011 >
0?
b011011101010 B
b0001 D
1E
#35430000
b0000000000000000011011101100 &
15
17
b01 9
b00000001 <
#35440000
05
07
b1000 ;
b1000 >
1?
b0110 @
b011011101011 B
b0110 D
0E
#35450000
b0000000000000000011011101101 &
15
17
b00 9
b00000000 <
#35460000
b00100 2
b00000000000001100 3
05
07
b1010 ;
b1010 >
0?
b0000 @
b011011101100 B
b1000 D
1E
#35470000
b0000000000000000011011101110 &
15
17
#35480000
05
07
b1000 ;
b1000 >
1?
b011011101101 B
b0000 D
0E
#35490000
b0000000000000000011011101111 &
15
17
b10 9
b00000010 <
#35500000
b00011 2
b00000000000001011 3
05
07
b1001 ;
b1001 >
0?
b011011101110 B
b0001 D
1E
#35510000
b0000000000000000011011110000 &
15
17
b11 9
b00000011 <
#35520000
05
07
b1000 ;
b1000 >
1?
b0111 @
b011011101111 B
b0111 D
0E
#35530000
b0000000000000000011011110001 &
15
17
b00 9
b00000000 <
#35540000
b00010 2
b00000000000001010 3
05
07
0?
b0000 @
b011011110000 B
b1100 D
1E
#35550000
b0000000000000000011011110010 &
15
17
#35560000
05
07
1?
b011011110001 B
b0000 D
0E
#35570000
b0000000000000000011011110011 &
15
17
b01 9
b00000001 <
#35580000
b00001 2
b00000000000001001 3
05
07
b0111 ;
b0111 >
0?
b011011110010 B
b0010 D
1E
#35590000
b0000000000000000011011110100 &
15
17
b00 9
b00000000 <
#35600000
05
07
b1000 ;
b1000 >
1?
b1000 @
b011011110011 B
b1000 D
0E
#35610000
b0000000000000000011011110101 &
15
17
#35620000
b00000 2
b00000000000001000 3
05
07
b0110 ;
b0110 >
0?
b0000 @
b011011110100 B
b0000 D
1E
#35630000
b0000000000000000011011110110 &
15
17
#35640000
05
07
b1000 ;
b1000 >
1?
b011011110101 B
0E
#35650000
b0000000000000000011011110111 &
15
17
b01 9
b00000001 <
#35660000
1)
b00000000000000111 3
05
07
b0101 ;
b0101 >
0?
b011011110110 B
b0010 D
1E
#35670000
b0000000000000000011011111000 &
15
17
b10 9
b00000010 <
#35680000
0)
b000001000001 ,
05
07
b1000 ;
b1000 >
1?
b1001 @
b011011110111 B
b1001 D
0E
#35690000
b0000000000000000011011111001 &
15
17
b00 9
b00000000 <
#35700000
1)
b1001 *
b00000000000000110 3
05
07
b0100 ;
b0100 >
0?
b0000 @
b011011111000 B
b0100 D
1E
#35710000
b0000000000000000011011111010 &
15
17
#35720000
0)
b0000 *
b000001000010 ,
05
07
b1000 ;
b1000 >
1?
b011011111001 B
b0000 D
0E
#35730000
b0000000000000000011011111011 &
15
17
b01 9
b00000001 <
#35740000
1)
b00000000000000101 3
05
07
b0011 ;
b0011 >
0?
b011011111010 B
b0010 D
1E
#35750000
b0000000000000000011011111100 &
15
17
#35760000
0)
b000001000011 ,
05
07
b1000 ;
b1000 >
1?
b1010 @
b011011111011 B
b1010 D
0E
#35770000
b0000000000000000011011111101 &
15
17
b00 9
b00000000 <
#35780000
1)
b1010 *
b00000000000000100 3
05
07
b0010 ;
b0010 >
0?
b0000 @
b011011111100 B
b1000 D
1E
#35790000
b0000000000000000011011111110 &
15
17
#35800000
0)
b0000 *
b000001000100 ,
05
07
b1000 ;
b1000 >
1?
b011011111101 B
b0000 D
0E
#35810000
b0000000000000000011011111111 &
15
17
b01 9
b00000001 <
#35820000
1)
b00000000000000011 3
05
07
b0001 ;
b0001 >
0?
b011011111110 B
b0010 D
1E
#35830000
b0000000000000000011100000000 &
15
17
b11 9
b00000011 <
#35840000
0)
b000001000101 ,
05
07
b1000 ;
b1000 >
1?
b1011 @
b011011111111 B
b1011 D
0E
#35850000
b0000000000000000011100000001 &
15
17
b00 9
b00000000 <
#35860000
1)
b1011 *
b00000000000000010 3
05
07
b0000 ;
b0000 >
0?
b0000 @
b011100000000 B
b1100 D
1E
#35870000
b0000000000000000011100000010 &
15
17
#35880000
0)
b0000 *
b000001000110 ,
05
07
b0111 ;
b0111 >
1?
b011100000001 B
b0000 D
0E
#35890000
b0000000000000000011100000011 &
15
17
b11 9
b00000011 <
#35900000
1)
b00000000000000001 3
05
07
b1111 ;
b1111 >
0?
b011100000010 B
b0011 D
1E
#35910000
b0000000000000000011100000100 &
15
17
b00 9
b00000000 <
#35920000
0)
b000001000111 ,
05
07
b0111 ;
b0111 >
1?
b1100 @
b011100000011 B
b1100 D
0E
#35930000
b0000000000000000011100000101 &
15
17
#35940000
1)
b1100 *
b00000000000000000 3
05
07
b1110 ;
b1110 >
0?
b0000 @
b011100000100 B
b0000 D
1E
#35950000
b0000000000000000011100000110 &
15
17
#35960000
0)
b0000 *
b000001001000 ,
05
07
b0111 ;
b0111 >
1?
b011100000101 B
0E
#35970000
b0000000000000000011100000111 &
15
17
#35980000
05
07
b1101 ;
b1101 >
0?
b011100000110 B
1E
#35990000
b0000000000000000011100001000 &
15
17
#36000000
05
07
b0111 ;
b0111 >
1?
b011100000111 B
0E
#36010000
b0000000000000000011100001001 &
15
17
#36020000
05
07
b1100 ;
b1100 >
0?
b011100001000 B
1E
#36030000
b0000000000000000011100001010 &
15
17
#36040000
05
07
b0111 ;
b0111 >
1?
b011100001001 B
0E
#36050000
b0000000000000000011100001011 &
15
17
#36060000
05
07
b1011 ;
b1011 >
0?
b011100001010 B
1E
#36070000
b0000000000000000011100001100 &
15
17
#36080000
05
07
b0111 ;
b0111 >
1?
b011100001011 B
0E
#36090000
b0000000000000000011100001101 &
15
17
#36100000
05
07
b1010 ;
b1010 >
0?
b011100001100 B
1E
#36110000
b0000000000000000011100001110 &
15
17
#36120000
05
07
b0111 ;
b0111 >
1?
b011100001101 B
0E
#36130000
b0000000000000000011100001111 &
15
17
#36140000
05
07
b1001 ;
b1001 >
0?
b011100001110 B
1E
#36150000
b0000000000000000011100010000 &
15
17
#36160000
05
07
b0111 ;
b0111 >
1?
b011100001111 B
0E
#36170000
b0000000000000000011100010001 &
15
17
#36180000
05
07
b1000 ;
b1000 >
0?
b011100010000 B
1E
#36190000
b0000000000000000011100010010 &
15
17
#36200000
05
07
b0111 ;
b0111 >
1?
b011100010001 B
0E
#36210000
b0000000000000000011100010011 &
15
17
#36220000
05
07
0?
b011100010010 B
1E
#36230000
b0000000000000000011100010100 &
15
17
b00 8
#36240000
00
05
07
1?
b011100010011 B
0E
#36250000
b0000000000000000011100010101 &
15
17
#36260000
b10000 1
b10000 2
05
07
b0110 ;
b0110 >
0?
b011100010100 B
#36270000
b0000000000000000011100010110 &
15
17
#36280000
05
07
b0111 ;
b0111 >
b011100010101 B
#36290000
b0000000000000000011100010111 &
15
17
#36300000
05
07
b0101 ;
b0101 >
b011100010110 B
#36310000
b0000000000000000011100011000 &
15
17
#36320000
05
07
b0111 ;
b0111 >
b011100010111 B
#36330000
b0000000000000000011100011001 &
15
17
#36340000
05
07
b0100 ;
b0100 >
b011100011000 B
#36350000
b0000000000000000011100011010 &
15
17
#36360000
05
07
b0111 ;
b0111 >
b011100011001 B
#36370000
b0000000000000000011100011011 &
15
17
#36380000
05
07
b0011 ;
b0011 >
b011100011010 B
#36390000
b0000000000000000011100011100 &
15
17
#36400000
05
07
b0111 ;
b0111 >
b011100011011 B
#36410000
b0000000000000000011100011101 &
15
17
#36420000
05
07
b0010 ;
b0010 >
b011100011100 B
#36430000
b0000000000000000011100011110 &
15
17
#36440000
05
07
b0111 ;
b0111 >
b011100011101 B
#36450000
b0000000000000000011100011111 &
15
17
#36460000
05
07
b0001 ;
b0001 >
b011100011110 B
#36470000
b0000000000000000011100100000 &
15
17
#36480000
05
07
b0111 ;
b0111 >
b011100011111 B
#36490000
b0000000000000000011100100001 &
15
17
#36500000
05
07
b0000 ;
b0000 >
b011100100000 B
#36510000
b0000000000000000011100100010 &
15
17
#36520000
05
07
b0110 ;
b0110 >
b011100100001 B
#36530000
b0000000000000000011100100011 &
15
17
#36540000
05
07
b1111 ;
b1111 >
b011100100010 B
#36550000
b0000000000000000011100100100 &
15
17
#36560000
05
07
b0110 ;
b0110 >
b011100100011 B
#36570000
b0000000000000000011100100101 &
15
17
#36580000
05
07
b1110 ;
b1110 >
b011100100100 B
#36590000
b0000000000000000011100100110 &
15
17
#36600000
05
07
b0110 ;
b0110 >
b011100100101 B
#36610000
b0000000000000000011100100111 &
15
17
#36620000
05
07
b1101 ;
b1101 >
b011100100110 B
#36630000
b0000000000000000011100101000 &
15
17
#36640000
05
07
b0110 ;
b0110 >
b011100100111 B
#36650000
b0000000000000000011100101001 &
15
17
#36660000
05
07
b1100 ;
b1100 >
b011100101000 B
#36670000
b0000000000000000011100101010 &
15
17
#36680000
05
07
b0110 ;
b0110 >
b011100101001 B
#36690000
b0000000000000000011100101011 &
15
17
#36700000
05
07
b1011 ;
b1011 >
b011100101010 B
#36710000
b0000000000000000011100101100 &
15
17
#36720000
05
07
b0110 ;
b0110 >
b011100101011 B
#36730000
b0000000000000000011100101101 &
15
17
#36740000
05
07
b1010 ;
b1010 >
b011100101100 B
#36750000
b0000000000000000011100101110 &
15
17
b01 8
b11 9
b00000011 <
#36760000
05
07
b0110 ;
b0110 >
b011100101101 B
#36770000
b0000000000000000011100101111 &
15
17
#36780000
05
07
b1001 ;
b1001 >
b011100101110 B
#36790000
b0000000000000000011100110000 &
15
17
#36800000
05
07
b0110 ;
b0110 >
b011100101111 B
#36810000
b0000000000000000011100110001 &
15
17
#36820000
05
07
b1000 ;
b1000 >
b011100110000 B
#36830000
b0000000000000000011100110010 &
15
17
b00 9
b00000000 <
#36840000
10
05
07
b0110 ;
b0110 >
b011100110001 B
#36850000
b0000000000000000011100110011 &
15
17
b11 9
b00000011 <
#36860000
05
07
b0111 ;
b0111 >
b011100110010 B
b0011 D
1E
#36870000
b0000000000000000011100110100 &
15
17
#36880000
05
07
b0110 ;
b0110 >
1?
b1111 @
b011100110011 B
b1111 D
0E
#36890000
b0000000000000000011100110101 &
15
17
#36900000
b01111 1
b00000000000011110 3
05
07
0?
b0000 @
b011100110100 B
1E
#36910000
b0000000000000000011100110110 &
15
17
#36920000
05
07
1?
b1111 @
b011100110101 B
0E
#36930000
b0000000000000000011100110111 &
15
17
#36940000
b01110 1
b00000000111111110 3
05
07
b0101 ;
b0101 >
0?
b0000 @
b011100110110 B
1E
#36950000
b0000000000000000011100111000 &
15
17
#36960000
05
07
b0110 ;
b0110 >
1?
b1111 @
b011100110111 B
0E
#36970000
b0000000000000000011100111001 &
15
17
#36980000
b01101 1
b00001111111111110 3
05
07
b0100 ;
b0100 >
0?
b0000 @
b011100111000 B
1E
#36990000
b0000000000000000011100111010 &
15
17
#37000000
05
07
b0110 ;
b0110 >
1?
b1111 @
b011100111001 B
0E
#37010000
b0000000000000000011100111011 &
15
17
#37020000
b01100 1
b11111111111111110 3
05
07
b0011 ;
b0011 >
0?
b0000 @
b011100111010 B
1E
#37030000
b0000000000000000011100111100 &
15
17
#37040000
05
07
b0110 ;
b0110 >
1?
b1111 @
b011100111011 B
0E
#37050000
b0000000000000000011100111101 &
15
17
#37060000
b01011 1
14
05
07
b0010 ;
b0010 >
0?
b0000 @
b011100111100 B
1E
#37070000
b0000000000000000011100111110 &
15
17
#37080000
05
07
b0110 ;
b0110 >
1?
b1111 @
b011100111101 B
0E
#37090000
b0000000000000000011100111111 &
15
17
#37100000
b01010 1
05
07
b0001 ;
b0001 >
0?
b0000 @
b011100111110 B
1E
#37110000
b0000000000000000011101000000 &
15
17
#37120000
05
07
b0110 ;
b0110 >
1?
b1111 @
b011100111111 B
0E
#37130000
b0000000000000000011101000001 &
15
17
#37140000
b01001 1
05
07
b0000 ;
b0000 >
0?
b0000 @
b011101000000 B
1E
#37150000
b0000000000000000011101000010 &
15
17
#37160000
05
07
b0101 ;
b0101 >
1?
b1111 @
b011101000001 B
0E
#37170000
b0000000000000000011101000011 &
15
17
#37180000
b01000 1
05
07
b1111 ;
b1111 >
0?
b0000 @
b011101000010 B
1E
#37190000
b0000000000000000011101000100 &
15
17
#37200000
05
07
b0101 ;
b0101 >
1?
b1111 @
b011101000011 B
0E
#37210000
b0000000000000000011101000101 &
15
17
#37220000
b00111 1
05
07
b1110 ;
b1110 >
0?
b0000 @
b011101000100 B
1E
#37230000
b0000000000000000011101000110 &
15
17
#37240000
05
07
b0101 ;
b0101 >
1?
b1111 @
b011101000101 B
0E
#37250000
b0000000000000000011101000111 &
15
17
#37260000
b00110 1
05
07
b1101 ;
b1101 >
0?
b0000 @
b011101000110 B
1E
#37270000
b0000000000000000011101001000 &
15
17
#37280000
05
07
b0101 ;
b0101 >
1?
b1111 @
b011101000111 B
0E
#37290000
b0000000000000000011101001001 &
15
17
#37300000
b00101 1
05
07
b1100 ;
b1100 >
0?
b0000 @
b011101001000 B
1E
#37310000
b0000000000000000011101001010 &
15
17
#37320000
05
07
b0101 ;
b0101 >
1?
b1111 @
b011101001001 B
0E
#37330000
b0000000000000000011101001011 &
15
17
#37340000
b00100 1
05
07
b1011 ;
b1011 >
0?
b0000 @
b011101001010 B
1E
#37350000
b0000000000000000011101001100 &
15
17
#37360000
05
07
b0101 ;
b0101 >
1?
b1111 @
b011101001011 B
0E
#37370000
b0000000000000000011101001101 &
15
17
#37380000
b00011 1
05
07
b1010 ;
b1010 >
0?
b0000 @
b011101001100 B
1E
#37390000
b0000000000000000011101001110 &
15
17
#37400000
05
07
b0101 ;
b0101 >
1?
b1111 @
b011101001101 B
0E
#37410000
b0000000000000000011101001111 &
15
17
#37420000
b00010 1
05
07
b1001 ;
b1001 >
0?
b0000 @
b011101001110 B
1E
#37430000
b0000000000000000011101010000 &
15
17
#37440000
05
07
b0101 ;
b0101 >
1?
b1111 @
b011101001111 B
0E
#37450000
b0000000000000000011101010001 &
15
17
#37460000
b00001 1
05
07
b1000 ;
b1000 >
0?
b0000 @
b011101010000 B
1E
#37470000
b0000000000000000011101010010 &
15
17
#37480000
05
07
b0101 ;
b0101 >
1?
b1111 @
b011101010001 B
0E
#37490000
b0000000000000000011101010011 &
15
17
#37500000
b00000 1
05
07
b0111 ;
b0111 >
0?
b0000 @
b011101010010 B
1E
#37510000
b0000000000000000011101010100 &
15
17
#37520000
05
07
b0101 ;
b0101 >
1?
b1111 @
b011101010011 B
0E
#37530000
b0000000000000000011101010101 &
15
17
#37540000
b01111 2
b11111111111111101 3
05
07
b0110 ;
b0110 >
0?
b0000 @
b011101010100 B
1E
#37550000
b0000000000000000011101010110 &
15
17
#37560000
05
07
b0101 ;
b0101 >
1?
b1111 @
b011101010101 B
0E
#37570000
b0000000000000000011101010111 &
15
17
#37580000
b01110 2
b11111111111111100 3
05
07
0?
b0000 @
b011101010110 B
1E
#37590000
b0000000000000000011101011000 &
15
17
#37600000
05
07
1?
b1111 @
b011101010111 B
0E
#37610000
b0000000000000000011101011001 &
15
17
#37620000
b01101 2
b11111111111111011 3
05
07
b0100 ;
b0100 >
0?
b0000 @
b011101011000 B
1E
#37630000
b0000000000000000011101011010 &
15
17
#37640000
05
07
b0101 ;
b0101 >
1?
b1111 @
b011101011001 B
0E
#37650000
b0000000000000000011101011011 &
15
17
#37660000
b01100 2
b11111111111111010 3
05
07
b0011 ;
b0011 >
0?
b0000 @
b011101011010 B
1E
#37670000
b0000000000000000011101011100 &
15
17
#37680000
05
07
b0101 ;
b0101 >
1?
b1111 @
b011101011011 B
0E
#37690000
b0000000000000000011101011101 &
15
17
#37700000
b01011 2
b11111111111111001 3
05
07
b0010 ;
b0010 >
0?
b0000 @
b011101011100 B
1E
#37710000
b0000000000000000011101011110 &
15
17
#37720000
05
07
b0101 ;
b0101 >
1?
b1111 @
b011101011101 B
0E
#37730000
b0000000000000000011101011111 &
15
17
#37740000
b01010 2
b11111111111111000 3
05
07
b0001 ;
b0001 >
0?
b0000 @
b011101011110 B
1E
#37750000
b0000000000000000011101100000 &
15
17
#37760000
05
07
b0101 ;
b0101 >
1?
b1111 @
b011101011111 B
0E
#37770000
b0000000000000000011101100001 &
15
17
#37780000
b01001 2
b11111111111110111 3
05
07
b0000 ;
b0000 >
0?
b0000 @
b011101100000 B
1E
#37790000
b0000000000000000011101100010 &
15
17
b10 9
b00000010 <
#37800000
05
07
b0100 ;
b0100 >
1?
b1101 @
b011101100001 B
b1101 D
0E
#37810000
b0000000000000000011101100011 &
15
17
#37820000
b01000 2
b11111111111110110 3
05
07
b1111 ;
b1111 >
0?
b0000 @
b011101100010 B
b0101 D
1E
#37830000
b0000000000000000011101100100 &
15
17
#37840000
05
07
b0100 ;
b0100 >
1?
b0101 @
b011101100011 B
0E
#37850000
b0000000000000000011101100101 &
15
17
#37860000
b00111 2
b11111111111110101 3
05
07
b1110 ;
b1110 >
0?
b0000 @
b011101100100 B
1E
#37870000
b0000000000000000011101100110 &
15
17
#37880000
05
07
b0100 ;
b0100 >
1?
b0101 @
b011101100101 B
0E
#37890000
b0000000000000000011101100111 &
15
17
#37900000
b00110 2
b11111111111110100 3
05
07
b1101 ;
b1101 >
0?
b0000 @
b011101100110 B
1E
#37910000
b0000000000000000011101101000 &
15
17
#37920000
05
07
b0100 ;
b0100 >
1?
b0101 @
b011101100111 B
0E
#37930000
b0000000000000000011101101001 &
15
17
#37940000
b00101 2
b11111111111110011 3
05
07
b1100 ;
b1100 >
0?
b0000 @
b011101101000 B
1E
#37950000
b0000000000000000011101101010 &
15
17
#37960000
05
07
b0100 ;
b0100 >
1?
b0101 @
b011101101001 B
0E
#37970000
b0000000000000000011101101011 &
15
17
#37980000
b00100 2
b11111111111110010 3
05
07
b1011 ;
b1011 >
0?
b0000 @
b011101101010 B
1E
#37990000
b0000000000000000011101101100 &
15
17
#38000000
05
07
b0100 ;
b0100 >
1?
b0101 @
b011101101011 B
0E
#38010000
b0000000000000000011101101101 &
15
17
#38020000
b00011 2
b11111111111110001 3
05
07
b1010 ;
b1010 >
0?
b0000 @
b011101101100 B
1E
#38030000
b0000000000000000011101101110 &
15
17
#38040000
05
07
b0100 ;
b0100 >
1?
b0101 @
b011101101101 B
0E
#38050000
b0000000000000000011101101111 &
15
17
#38060000
b00010 2
b11111111111110000 3
05
07
b1001 ;
b1001 >
0?
b0000 @
b011101101110 B
1E
#38070000
b0000000000000000011101110000 &
15
17
#38080000
05
07
b0100 ;
b0100 >
1?
b0101 @
b011101101111 B
0E
#38090000
b0000000000000000011101110001 &
15
17
#38100000
b00001 2
b11111111111101111 3
05
07
b1000 ;
b1000 >
0?
b0000 @
b011101110000 B
1E
#38110000
b0000000000000000011101110010 &
15
17
b00 8
#38120000
00
05
07
b0100 ;
b0100 >
1?
b011101110001 B
b0000 D
0E
#38130000
b0000000000000000011101110011 &
15
17
#38140000
b10000 1
b10000 2
b00000000000000000 3
04
05
07
b0111 ;
b0111 >
0?
b011101110010 B
#38150000
b0000000000000000011101110100 &
15
17
#38160000
05
07
b0100 ;
b0100 >
b011101110011 B
#38170000
b0000000000000000011101110101 &
15
17
#38180000
05
07
b0110 ;
b0110 >
b011101110100 B
#38190000
b0000000000000000011101110110 &
15
17
#38200000
05
07
b0100 ;
b0100 >
b011101110101 B
#38210000
b0000000000000000011101110111 &
15
17
#38220000
05
07
b0101 ;
b0101 >
b011101110110 B
#38230000
b0000000000000000011101111000 &
15
17
#38240000
05
07
b0100 ;
b0100 >
b011101110111 B
#38250000
b0000000000000000011101111001 &
15
17
#38260000
05
07
b011101111000 B
#38270000
b0000000000000000011101111010 &
15
17
#38280000
05
07
b011101111001 B
#38290000
b0000000000000000011101111011 &
15
17
#38300000
05
07
b0011 ;
b0011 >
b011101111010 B
#38310000
b0000000000000000011101111100 &
15
17
b01 8
b11 9
b00000011 <
#38320000
05
07
b0100 ;
b0100 >
b011101111011 B
#38330000
b0000000000000000011101111101 &
15
17
#38340000
05
07
b0010 ;
b0010 >
b011101111100 B
#38350000
b0000000000000000011101111110 &
15
17
#38360000
05
07
b0100 ;
b0100 >
b011101111101 B
#38370000
b0000000000000000011101111111 &
15
17
#38380000
05
07
b0001 ;
b0001 >
b011101111110 B
#38390000
b0000000000000000011110000000 &
15
17
b00 9
b00000000 <
#38400000
10
05
07
b0100 ;
b0100 >
b011101111111 B
#38410000
b0000000000000000011110000001 &
15
17
#38420000
05
07
b0000 ;
b0000 >
b011110000000 B
1E
#38430000
b0000000000000000011110000010 &
15
17
#38440000
05
07
b0011 ;
b0011 >
1?
b011110000001 B
0E
#38450000
b0000000000000000011110000011 &
15
17
#38460000
b01111 1
05
07
b1111 ;
b1111 >
0?
b011110000010 B
1E
#38470000
b0000000000000000011110000100 &
15
17
#38480000
05
07
b0011 ;
b0011 >
1?
b011110000011 B
0E
#38490000
b0000000000000000011110000101 &
15
17
#38500000
b01110 1
05
07
b1110 ;
b1110 >
0?
b011110000100 B
1E
#38510000
b0000000000000000011110000110 &
15
17
#38520000
05
07
b0011 ;
b0011 >
1?
b011110000101 B
0E
#38530000
b0000000000000000011110000111 &
15
17
b11 9
b00000011 <
#38540000
b01101 1
05
07
b1101 ;
b1101 >
0?
b011110000110 B
b0011 D
1E
#38550000
b0000000000000000011110001000 &
15
17
b00 9
b00000000 <
#38560000
05
07
b0011 ;
b0011 >
1?
b1100 @
b011110000111 B
b1100 D
0E
#38570000
b0000000000000000011110001001 &
15
17
#38580000
b01100 1
b00000000000011000 3
05
07
b1100 ;
b1100 >
0?
b0000 @
b011110001000 B
b0000 D
1E
#38590000
b0000000000000000011110001010 &
15
17
#38600000
05
07
b0011 ;
b0011 >
1?
b011110001001 B
0E
#38610000
b0000000000000000011110001011 &
15
17
#38620000
b01011 1
05
07
b1011 ;
b1011 >
0?
b011110001010 B
1E
#38630000
b0000000000000000011110001100 &
15
17
#38640000
05
07
b0011 ;
b0011 >
1?
b011110001011 B
0E
#38650000
b0000000000000000011110001101 &
15
17
#38660000
b01010 1
05
07
b1010 ;
b1010 >
0?
b011110001100 B
1E
#38670000
b0000000000000000011110001110 &
15
17
#38680000
05
07
b0011 ;
b0011 >
1?
b011110001101 B
0E
#38690000
b0000000000000000011110001111 &
15
17
#38700000
b01001 1
05
07
b1001 ;
b1001 >
0?
b011110001110 B
1E
#38710000
b0000000000000000011110010000 &
15
17
#38720000
05
07
b0011 ;
b0011 >
1?
b011110001111 B
0E
#38730000
b0000000000000000011110010001 &
15
17
#38740000
b01000 1
05
07
b1000 ;
b1000 >
0?
b011110010000 B
1E
#38750000
b0000000000000000011110010010 &
15
17
#38760000
05
07
b0011 ;
b0011 >
1?
b011110010001 B
0E
#38770000
b0000000000000000011110010011 &
15
17
#38780000
b00111 1
05
07
b0111 ;
b0111 >
0?
b011110010010 B
1E
#38790000
b0000000000000000011110010100 &
15
17
#38800000
05
07
b0011 ;
b0011 >
1?
b011110010011 B
0E
#38810000
b0000000000000000011110010101 &
15
17
#38820000
b00110 1
05
07
b0110 ;
b0110 >
0?
b011110010100 B
1E
#38830000
b0000000000000000011110010110 &
15
17
#38840000
05
07
b0011 ;
b0011 >
1?
b011110010101 B
0E
#38850000
b0000000000000000011110010111 &
15
17
#38860000
b00101 1
05
07
b0101 ;
b0101 >
0?
b011110010110 B
1E
#38870000
b0000000000000000011110011000 &
15
17
#38880000
05
07
b0011 ;
b0011 >
1?
b011110010111 B
0E
#38890000
b0000000000000000011110011001 &
15
17
#38900000
b00100 1
05
07
b0100 ;
b0100 >
0?
b011110011000 B
1E
#38910000
b0000000000000000011110011010 &
15
17
#38920000
05
07
b0011 ;
b0011 >
1?
b011110011001 B
0E
#38930000
b0000000000000000011110011011 &
15
17
#38940000
b00011 1
05
07
0?
b011110011010 B
1E
#38950000
b0000000000000000011110011100 &
15
17
#38960000
05
07
1?
b011110011011 B
0E
#38970000
b0000000000000000011110011101 &
15
17
#38980000
b00010 1
05
07
b0010 ;
b0010 >
0?
b011110011100 B
1E
#38990000
b0000000000000000011110011110 &
15
17
#39000000
05
07
b0011 ;
b0011 >
1?
b011110011101 B
0E
#39010000
b0000000000000000011110011111 &
15
17
#39020000
b00001 1
05
07
b0001 ;
b0001 >
0?
b011110011110 B
1E
#39030000
b0000000000000000011110100000 &
15
17
#39040000
05
07
b0011 ;
b0011 >
1?
b011110011111 B
0E
#39050000
b0000000000000000011110100001 &
15
17
#39060000
b00000 1
05
07
b0000 ;
b0000 >
0?
b011110100000 B
1E
#39070000
b0000000000000000011110100010 &
15
17
#39080000
05
07
b0010 ;
b0010 >
1?
b011110100001 B
0E
#39090000
b0000000000000000011110100011 &
15
17
#39100000
b01111 2
b00000000000010111 3
05
07
b1111 ;
b1111 >
0?
b011110100010 B
1E
#39110000
b0000000000000000011110100100 &
15
17
b10 9
b00000010 <
#39120000
05
07
b0010 ;
b0010 >
1?
b0001 @
b011110100011 B
b0001 D
0E
#39130000
b0000000000000000011110100101 &
15
17
b00 9
b00000000 <
#39140000
b01110 2
b00000000000010110 3
05
07
b1110 ;
b1110 >
0?
b0000 @
b011110100100 B
b0100 D
1E
#39150000
b0000000000000000011110100110 &
15
17
#39160000
05
07
b0010 ;
b0010 >
1?
b011110100101 B
b0000 D
0E
#39170000
b0000000000000000011110100111 &
15
17
#39180000
b01101 2
b00000000000010101 3
05
07
b1101 ;
b1101 >
0?
b011110100110 B
1E
#39190000
b0000000000000000011110101000 &
15
17
b01 9
b00000001 <
#39200000
05
07
b0010 ;
b0010 >
1?
b0010 @
b011110100111 B
b0010 D
0E
#39210000
b0000000000000000011110101001 &
15
17
b00 9
b00000000 <
#39220000
b01100 2
b00000000000010100 3
05
07
b1100 ;
b1100 >
0?
b0000 @
b011110101000 B
b1000 D
1E
#39230000
b0000000000000000011110101010 &
15
17
#39240000
05
07
b0010 ;
b0010 >
1?
b011110101001 B
b0000 D
0E
#39250000
b0000000000000000011110101011 &
15
17
#39260000
b01011 2
b00000000000010011 3
05
07
b1011 ;
b1011 >
0?
b011110101010 B
1E
#39270000
b0000000000000000011110101100 &
15
17
b11 9
b00000011 <
#39280000
05
07
b0010 ;
b0010 >
1?
b0011 @
b011110101011 B
b0011 D
0E
#39290000
b0000000000000000011110101101 &
15
17
b00 9
b00000000 <
#39300000
b01010 2
b00000000000010010 3
05
07
b1010 ;
b1010 >
0?
b0000 @
b011110101100 B
b1100 D
1E
#39310000
b0000000000000000011110101110 &
15
17
#39320000
05
07
b0010 ;
b0010 >
1?
b011110101101 B
b0000 D
0E
#39330000
b0000000000000000011110101111 &
15
17
b10 9
b00000010 <
#39340000
b01001 2
b00000000000010001 3
05
07
b1001 ;
b1001 >
0?
b011110101110 B
b0001 D
1E
#39350000
b0000000000000000011110110000 &
15
17
b00 9
b00000000 <
#39360000
05
07
b0010 ;
b0010 >
1?
b0100 @
b011110101111 B
b0100 D
0E
#39370000
b0000000000000000011110110001 &
15
17
#39380000
b01000 2
b00000000000010000 3
05
07
b1000 ;
b1000 >
0?
b0000 @
b011110110000 B
b0000 D
1E
#39390000
b0000000000000000011110110010 &
15
17
#39400000
05
07
b0010 ;
b0010 >
1?
b011110110001 B
0E
#39410000
b0000000000000000011110110011 &
15
17
b10 9
b00000010 <
#39420000
b00111 2
b00000000000001111 3
05
07
b0111 ;
b0111 >
0?
b011110110010 B
b0001 D
1E
#39430000
b0000000000000000011110110100 &
15
17
#39440000
05
07
b0010 ;
b0010 >
1?
b0101 @
b011110110011 B
b0101 D
0E
#39450000
b0000000000000000011110110101 &
15
17
b00 9
b00000000 <
#39460000
b00110 2
b00000000000001110 3
05
07
b0110 ;
b0110 >
0?
b0000 @
b011110110100 B
b0100 D
1E
#39470000
b0000000000000000011110110110 &
15
17
#39480000
05
07
b0010 ;
b0010 >
1?
b011110110101 B
b0000 D
0E
#39490000
b0000000000000000011110110111 &
15
17
b10 9
b00000010 <
#39500000
b00101 2
b00000000000001101 3
05
07
b0101 ;
b0101 >
0?
b011110110110 B
b0001 D
1E
#39510000
b0000000000000000011110111000 &
15
17
b01 9
b00000001 <
#39520000
05
07
b0010 ;
b0010 >
1?
b0110 @
b011110110111 B
b0110 D
0E
#39530000
b0000000000000000011110111001 &
15
17
b00 9
b00000000 <
#39540000
b00100 2
b00000000000001100 3
05
07
b0100 ;
b0100 >
0?
b0000 @
b011110111000 B
b1000 D
1E
#39550000
b0000000000000000011110111010 &
15
17
#39560000
05
07
b0010 ;
b0010 >
1?
b011110111001 B
b0000 D
0E
#39570000
b0000000000000000011110111011 &
15
17
b10 9
b00000010 <
#39580000
b00011 2
b00000000000001011 3
05
07
b0011 ;
b0011 >
0?
b011110111010 B
b0001 D
1E
#39590000
b0000000000000000011110111100 &
15
17
b11 9
b00000011 <
#39600000
05
07
b0010 ;
b0010 >
1?
b0111 @
b011110111011 B
b0111 D
0E
#39610000
b0000000000000000011110111101 &
15
17
b00 9
b00000000 <
#39620000
b00010 2
b00000000000001010 3
05
07
0?
b0000 @
b011110111100 B
b1100 D
1E
#39630000
b0000000000000000011110111110 &
15
17
#39640000
05
07
1?
b011110111101 B
b0000 D
0E
#39650000
b0000000000000000011110111111 &
15
17
b01 9
b00000001 <
#39660000
b00001 2
b00000000000001001 3
05
07
b0001 ;
b0001 >
0?
b011110111110 B
b0010 D
1E
#39670000
b0000000000000000011111000000 &
15
17
b00 9
b00000000 <
#39680000
05
07
b0010 ;
b0010 >
1?
b1000 @
b011110111111 B
b1000 D
0E
#39690000
b0000000000000000011111000001 &
15
17
#39700000
b00000 2
b00000000000001000 3
05
07
b0000 ;
b0000 >
0?
b0000 @
b011111000000 B
b0000 D
1E
#39710000
b0000000000000000011111000010 &
15
17
#39720000
05
07
b0001 ;
b0001 >
1?
b011111000001 B
0E
#39730000
b0000000000000000011111000011 &
15
17
b01 9
b00000001 <
#39740000
1)
b00000000000000111 3
05
07
b1111 ;
b1111 >
0?
b011111000010 B
b0010 D
1E
#39750000
b0000000000000000011111000100 &
15
17
b10 9
b00000010 <
#39760000
0)
b000001001001 ,
05
07
b0001 ;
b0001 >
1?
b1001 @
b011111000011 B
b1001 D
0E
#39770000
b0000000000000000011111000101 &
15
17
b00 9
b00000000 <
#39780000
1)
b1001 *
b00000000000000110 3
05
07
b1110 ;
b1110 >
0?
b0000 @
b011111000100 B
b0100 D
1E
#39790000
b0000000000000000011111000110 &
15
17
#39800000
0)
b0000 *
b000001001010 ,
05
07
b0001 ;
b0001 >
1?
b011111000101 B
b0000 D
0E
#39810000
b0000000000000000011111000111 &
15
17
b01 9
b00000001 <
#39820000
1)
b00000000000000101 3
05
07
b1101 ;
b1101 >
0?
b011111000110 B
b0010 D
1E
#39830000
b0000000000000000011111001000 &
15
17
#39840000
0)
b000001001011 ,
05
07
b0001 ;
b0001 >
1?
b1010 @
b011111000111 B
b1010 D
0E
#39850000
b0000000000000000011111001001 &
15
17
b00 9
b00000000 <
#39860000
1)
b1010 *
b00000000000000100 3
05
07
b1100 ;
b1100 >
0?
b0000 @
b011111001000 B
b1000 D
1E
#39870000
b0000000000000000011111001010 &
15
17
#39880000
0)
b0000 *
b000001001100 ,
05
07
b0001 ;
b0001 >
1?
b011111001001 B
b0000 D
0E
#39890000
b0000000000000000011111001011 &
15
17
b01 9
b00000001 <
#39900000
1)
b00000000000000011 3
05
07
b1011 ;
b1011 >
0?
b011111001010 B
b0010 D
1E
#39910000
b0000000000000000011111001100 &
15
17
b11 9
b00000011 <
#39920000
0)
b000001001101 ,
05
07
b0001 ;
b0001 >
1?
b1011 @
b011111001011 B
b1011 D
0E
#39930000
b0000000000000000011111001101 &
15
17
b00 9
b00000000 <
#39940000
1)
b1011 *
b00000000000000010 3
05
07
b1010 ;
b1010 >
0?
b0000 @
b011111001100 B
b1100 D
1E
#39950000
b0000000000000000011111001110 &
15
17
#39960000
0)
b0000 *
b000001001110 ,
05
07
b0001 ;
b0001 >
1?
b011111001101 B
b0000 D
0E
#39970000
b0000000000000000011111001111 &
15
17
b11 9
b00000011 <
#39980000
1)
b00000000000000001 3
05
07
b1001 ;
b1001 >
0?
b011111001110 B
b0011 D
1E
#39990000
b0000000000000000011111010000 &
15
17
b00 9
b00000000 <
#40000000
0)
b000001001111 ,
05
07
b0001 ;
b0001 >
1?
b1100 @
b011111001111 B
b1100 D
0E
#40010000
b0000000000000000011111010001 &
15
17
#40020000
1)
b1100 *
b00000000000000000 3
05
07
b1000 ;
b1000 >
0?
b0000 @
b011111010000 B
b0000 D
1E
#40030000
b0000000000000000011111010010 &
15
17
#40040000
0)
b0000 *
b000001010000 ,
05
07
b0001 ;
b0001 >
1?
b011111010001 B
0E
#40050000
b0000000000000000011111010011 &
15
17
#40060000
05
07
b0111 ;
b0111 >
0?
b011111010010 B
1E
#40070000
b0000000000000000011111010100 &
15
17
#40080000
05
07
b0001 ;
b0001 >
1?
b011111010011 B
0E
#40090000
b0000000000000000011111010101 &
15
17
#40100000
05
07
b0110 ;
b0110 >
0?
b011111010100 B
1E
#40110000
b0000000000000000011111010110 &
15
17
#40120000
05
07
b0001 ;
b0001 >
1?
b011111010101 B
0E
#40130000
b0000000000000000011111010111 &
15
17
#40140000
05
07
b0101 ;
b0101 >
0?
b011111010110 B
1E
#40150000
b0000000000000000011111011000 &
15
17
#40160000
05
07
b0001 ;
b0001 >
1?
b011111010111 B
0E
#40170000
b0000000000000000011111011001 &
15
17
#40180000
05
07
b0100 ;
b0100 >
0?
b011111011000 B
1E
#40190000
b0000000000000000011111011010 &
15
17
#40200000
05
07
b0001 ;
b0001 >
1?
b011111011001 B
0E
#40210000
b0000000000000000011111011011 &
15
17
#40220000
05
07
b0011 ;
b0011 >
0?
b011111011010 B
1E
#40230000
b0000000000000000011111011100 &
15
17
#40240000
05
07
b0001 ;
b0001 >
1?
b011111011011 B
0E
#40250000
b0000000000000000011111011101 &
15
17
#40260000
05
07
b0010 ;
b0010 >
0?
b011111011100 B
1E
#40270000
b0000000000000000011111011110 &
15
17
#40280000
05
07
b0001 ;
b0001 >
1?
b011111011101 B
0E
#40290000
b0000000000000000011111011111 &
15
17
#40300000
05
07
0?
b011111011110 B
1E
#40310000
b0000000000000000011111100000 &
15
17
b00 8
#40320000
00
05
07
1?
b011111011111 B
0E
#40330000
b0000000000000000011111100001 &
15
17
#40340000
b10000 1
b10000 2
05
07
b0000 ;
b0000 >
0?
b011111100000 B
#40350000
b0000000000000000011111100010 &
15
17
#40360000
05
07
b011111100001 B
#40370000
b0000000000000000011111100011 &
15
17
#40380000
05
07
b1111 ;
b1111 >
b011111100010 B
#40390000
b0000000000000000011111100100 &
15
17
#40400000
05
07
b0000 ;
b0000 >
b011111100011 B
#40410000
b0000000000000000011111100101 &
15
17
#40420000
05
07
b1110 ;
b1110 >
b011111100100 B
#40430000
b0000000000000000011111100110 &
15
17
#40440000
05
07
b0000 ;
b0000 >
b011111100101 B
#40450000
b0000000000000000011111100111 &
15
17
#40460000
05
07
b1101 ;
b1101 >
b011111100110 B
#40470000
b0000000000000000011111101000 &
15
17
#40480000
05
07
b0000 ;
b0000 >
b011111100111 B
#40490000
b0000000000000000011111101001 &
15
17
#40500000
05
07
b1100 ;
b1100 >
b011111101000 B
#40510000
b0000000000000000011111101010 &
15
17
#40520000
05
07
b0000 ;
b0000 >
b011111101001 B
#40530000
b0000000000000000011111101011 &
15
17
#40540000
05
07
b1011 ;
b1011 >
b011111101010 B
#40550000
b0000000000000000011111101100 &
15
17
#40560000
05
07
b0000 ;
b0000 >
b011111101011 B
#40570000
b0000000000000000011111101101 &
15
17
#40580000
05
07
b1010 ;
b1010 >
b011111101100 B
#40590000
b0000000000000000011111101110 &
15
17
#40600000
05
07
b0000 ;
b0000 >
b011111101101 B
#40610000
b0000000000000000011111101111 &
15
17
#40620000
05
07
b1001 ;
b1001 >
b011111101110 B
#40630000
b0000000000000000011111110000 &
15
17
#40640000
05
07
b0000 ;
b0000 >
b011111101111 B
#40650000
b0000000000000000011111110001 &
15
17
#40660000
05
07
b1000 ;
b1000 >
b011111110000 B
#40670000
b0000000000000000011111110010 &
15
17
#40680000
05
07
b0000 ;
b0000 >
b011111110001 B
#40690000
b0000000000000000011111110011 &
15
17
#40700000
05
07
b0111 ;
b0111 >
b011111110010 B
#40710000
b0000000000000000011111110100 &
15
17
#40720000
05
07
b0000 ;
b0000 >
b011111110011 B
#40730000
b0000000000000000011111110101 &
15
17
#40740000
05
07
b0110 ;
b0110 >
b011111110100 B
#40750000
b0000000000000000011111110110 &
15
17
#40760000
05
07
b0000 ;
b0000 >
b011111110101 B
#40770000
b0000000000000000011111110111 &
15
17
#40780000
05
07
b0101 ;
b0101 >
b011111110110 B
#40790000
b0000000000000000011111111000 &
15
17
#40800000
05
07
b0000 ;
b0000 >
b011111110111 B
#40810000
b0000000000000000011111111001 &
15
17
#40820000
05
07
b0100 ;
b0100 >
b011111111000 B
#40830000
b0000000000000000011111111010 &
15
17
b01 8
b11 9
b00000011 <
#40840000
05
07
b0000 ;
b0000 >
b011111111001 B
#40850000
b0000000000000000011111111011 &
15
17
#40860000
05
07
b0011 ;
b0011 >
b011111111010 B
#40870000
b0000000000000000011111111100 &
15
17
#40880000
05
07
b0000 ;
b0000 >
b011111111011 B
#40890000
b0000000000000000011111111101 &
15
17
#40900000
05
07
b0010 ;
b0010 >
b011111111100 B
#40910000
b0000000000000000011111111110 &
15
17
b00 9
b00000000 <
#40920000
10
05
07
b0000 ;
b0000 >
b011111111101 B
#40930000
b0000000000000000011111111111 &
15
17
b11 9
b00000011 <
#40940000
05
07
b0001 ;
b0001 >
b011111111110 B
b0011 D
1E
#40950000
b0000000000000000100000000000 &
15
17
#40960000
05
07
b0000 ;
b0000 >
1?
b1111 @
b011111111111 B
b1111 D
0E
#40970000
b0000000000000000100000000001 &
15
17
#40980000
b01111 1
b00000000000011110 3
05
07
0?
b0000 @
b100000000000 B
1E
#40990000
b0000000000000000100000000010 &
15
17
#41000000
05
07
1?
b1111 @
b100000000001 B
0E
#41010000
b0000000000000000100000000011 &
15
17
#41020000
b01110 1
b00000000111111110 3
05
07
b1001 ;
b1001 >
0?
b0000 @
b100000000010 B
1E
#41030000
b0000000000000000100000000100 &
15
17
#41040000
05
07
b0000 ;
b0000 >
1?
b1111 @
b100000000011 B
0E
#41050000
b0000000000000000100000000101 &
15
17
#41060000
b01101 1
b00001111111111110 3
05
07
b1010 ;
b1010 >
0?
b0000 @
b100000000100 B
1E
#41070000
b0000000000000000100000000110 &
15
17
#41080000
05
07
b0000 ;
b0000 >
1?
b1111 @
b100000000101 B
0E
#41090000
b0000000000000000100000000111 &
15
17
#41100000
b01100 1
b11111111111111110 3
05
07
b1011 ;
b1011 >
0?
b0000 @
b100000000110 B
1E
#41110000
b0000000000000000100000001000 &
15
17
#41120000
05
07
b0000 ;
b0000 >
1?
b1111 @
b100000000111 B
0E
#41130000
b0000000000000000100000001001 &
15
17
#41140000
b01011 1
14
05
07
b1100 ;
b1100 >
0?
b0000 @
b100000001000 B
1E
#41150000
b0000000000000000100000001010 &
15
17
#41160000
05
07
b0000 ;
b0000 >
1?
b1111 @
b100000001001 B
0E
#41170000
b0000000000000000100000001011 &
15
17
#41180000
b01010 1
05
07
b1001 ;
b1001 >
0?
b0000 @
b100000001010 B
1E
#41190000
b0000000000000000100000001100 &
15
17
#41200000
05
07
b0000 ;
b0000 >
1?
b1111 @
b100000001011 B
0E
#41210000
b0000000000000000100000001101 &
15
17
#41220000
b01001 1
05
07
b1010 ;
b1010 >
0?
b0000 @
b100000001100 B
1E
#41230000
b0000000000000000100000001110 &
15
17
#41240000
05
07
b0000 ;
b0000 >
1?
b1111 @
b100000001101 B
0E
#41250000
b0000000000000000100000001111 &
15
17
#41260000
b01000 1
05
07
b1011 ;
b1011 >
0?
b0000 @
b100000001110 B
1E
#41270000
b0000000000000000100000010000 &
15
17
#41280000
05
07
b0000 ;
b0000 >
1?
b1111 @
b100000001111 B
0E
#41290000
b0000000000000000100000010001 &
15
17
#41300000
b00111 1
05
07
b1100 ;
b1100 >
0?
b0000 @
b100000010000 B
1E
#41310000
b0000000000000000100000010010 &
15
17
#41320000
05
07
b0000 ;
b0000 >
1?
b1111 @
b100000010001 B
0E
#41330000
b0000000000000000100000010011 &
15
17
#41340000
b00110 1
05
07
b1001 ;
b1001 >
0?
b0000 @
b100000010010 B
1E
#41350000
b0000000000000000100000010100 &
15
17
#41360000
05
07
b0000 ;
b0000 >
1?
b1111 @
b100000010011 B
0E
#41370000
b0000000000000000100000010101 &
15
17
#41380000
b00101 1
05
07
b1010 ;
b1010 >
0?
b0000 @
b100000010100 B
1E
#41390000
b0000000000000000100000010110 &
15
17
#41400000
05
07
b0000 ;
b0000 >
1?
b1111 @
b100000010101 B
0E
#41410000
b0000000000000000100000010111 &
15
17
#41420000
b00100 1
05
07
b1011 ;
b1011 >
0?
b0000 @
b100000010110 B
1E
#41430000
b0000000000000000100000011000 &
15
17
#41440000
05
07
b0000 ;
b0000 >
1?
b1111 @
b100000010111 B
0E
#41450000
b0000000000000000100000011001 &
15
17
#41460000
b00011 1
05
07
b1100 ;
b1100 >
0?
b0000 @
b100000011000 B
1E
#41470000
b0000000000000000100000011010 &
15
17
#41480000
05
07
b0000 ;
b0000 >
1?
b1111 @
b100000011001 B
0E
#41490000
b0000000000000000100000011011 &
15
17
#41500000
b00010 1
05
07
b1001 ;
b1001 >
0?
b0000 @
b100000011010 B
1E
#41510000
b0000000000000000100000011100 &
15
17
#41520000
05
07
b0000 ;
b0000 >
1?
b1111 @
b100000011011 B
0E
#41530000
b0000000000000000100000011101 &
15
17
#41540000
b00001 1
05
07
b1010 ;
b1010 >
0?
b0000 @
b100000011100 B
1E
#41550000
b0000000000000000100000011110 &
15
17
#41560000
05
07
b0000 ;
b0000 >
1?
b1111 @
b100000011101 B
0E
#41570000
b0000000000000000100000011111 &
15
17
#41580000
b00000 1
05
07
b1011 ;
b1011 >
0?
b0000 @
b100000011110 B
1E
#41590000
b0000000000000000100000100000 &
15
17
#41600000
05
07
b0000 ;
b0000 >
1?
b1111 @
b100000011111 B
0E
#41610000
b0000000000000000100000100001 &
15
17
#41620000
b01111 2
b11111111111111101 3
05
07
b1100 ;
b1100 >
0?
b0000 @
b100000100000 B
1E
#41630000
b0000000000000000100000100010 &
15
17
#41640000
05
07
b0000 ;
b0000 >
1?
b1111 @
b100000100001 B
0E
#41650000
b0000000000000000100000100011 &
15
17
#41660000
b01110 2
b11111111111111100 3
05
07
b1001 ;
b1001 >
0?
b0000 @
b100000100010 B
1E
#41670000
b0000000000000000100000100100 &
15
17
#41680000
05
07
b0000 ;
b0000 >
1?
b1111 @
b100000100011 B
0E
#41690000
b0000000000000000100000100101 &
15
17
#41700000
b01101 2
b11111111111111011 3
05
07
b1010 ;
b1010 >
0?
b0000 @
b100000100100 B
1E
#41710000
b0000000000000000100000100110 &
15
17
#41720000
05
07
b0000 ;
b0000 >
1?
b1111 @
b100000100101 B
0E
#41730000
b0000000000000000100000100111 &
15
17
#41740000
b01100 2
b11111111111111010 3
05
07
b1011 ;
b1011 >
0?
b0000 @
b100000100110 B
1E
#41750000
b0000000000000000100000101000 &
15
17
#41760000
05
07
b0000 ;
b0000 >
1?
b1111 @
b100000100111 B
0E
#41770000
b0000000000000000100000101001 &
15
17
#41780000
b01011 2
b11111111111111001 3
05
07
b1100 ;
b1100 >
0?
b0000 @
b100000101000 B
1E
#41790000
b0000000000000000100000101010 &
15
17
#41800000
05
07
b0000 ;
b0000 >
1?
b1111 @
b100000101001 B
0E
#41810000
b0000000000000000100000101011 &
15
17
#41820000
b01010 2
b11111111111111000 3
05
07
b1001 ;
b1001 >
0?
b0000 @
b100000101010 B
1E
#41830000
b0000000000000000100000101100 &
15
17
#41840000
05
07
b0000 ;
b0000 >
1?
b1111 @
b100000101011 B
0E
#41850000
b0000000000000000100000101101 &
15
17
#41860000
b01001 2
b11111111111110111 3
05
07
b1010 ;
b1010 >
0?
b0000 @
b100000101100 B
1E
#41870000
b0000000000000000100000101110 &
15
17
b10 9
b00000010 <
#41880000
05
07
b0000 ;
b0000 >
1?
b1101 @
b100000101101 B
b1101 D
0E
#41890000
b0000000000000000100000101111 &
15
17
#41900000
b01000 2
b11111111111110110 3
05
07
b1011 ;
b1011 >
0?
b0000 @
b100000101110 B
b0101 D
1E
#41910000
b0000000000000000100000110000 &
15
17
#41920000
05
07
b0000 ;
b0000 >
1?
b0101 @
b100000101111 B
0E
#41930000
b0000000000000000100000110001 &
15
17
#41940000
b00111 2
b11111111111110101 3
05
07
b1100 ;
b1100 >
0?
b0000 @
b100000110000 B
1E
#41950000
b0000000000000000100000110010 &
15
17
#41960000
05
07
b0000 ;
b0000 >
1?
b0101 @
b100000110001 B
0E
#41970000
b0000000000000000100000110011 &
15
17
#41980000
b00110 2
b11111111111110100 3
05
07
b1001 ;
b1001 >
0?
b0000 @
b100000110010 B
1E
#41990000
b0000000000000000100000110100 &
15
17
#42000000
05
07
b0000 ;
b0000 >
1?
b0101 @
b100000110011 B
0E
#42010000
b0000000000000000100000110101 &
15
17
#42020000
b00101 2
b11111111111110011 3
05
07
b1010 ;
b1010 >
0?
b0000 @
b100000110100 B
1E
#42030000
b0000000000000000100000110110 &
15
17
#42040000
05
07
b0000 ;
b0000 >
1?
b0101 @
b100000110101 B
0E
#42050000
b0000000000000000100000110111 &
15
17
#42060000
b00100 2
b11111111111110010 3
05
07
b1011 ;
b1011 >
0?
b0000 @
b100000110110 B
1E
#42070000
b0000000000000000100000111000 &
15
17
#42080000
05
07
b0000 ;
b0000 >
1?
b0101 @
b100000110111 B
0E
#42090000
b0000000000000000100000111001 &
15
17
#42100000
b00011 2
b11111111111110001 3
05
07
b1100 ;
b1100 >
0?
b0000 @
b100000111000 B
1E
#42110000
b0000000000000000100000111010 &
15
17
#42120000
05
07
b0000 ;
b0000 >
1?
b0101 @
b100000111001 B
0E
#42130000
b0000000000000000100000111011 &
15
17
#42140000
b00010 2
b11111111111110000 3
05
07
b1001 ;
b1001 >
0?
b0000 @
b100000111010 B
1E
#42150000
b0000000000000000100000111100 &
15
17
#42160000
05
07
b0000 ;
b0000 >
1?
b0101 @
b100000111011 B
0E
#42170000
b0000000000000000100000111101 &
15
17
#42180000
b00001 2
b11111111111101111 3
05
07
b1010 ;
b1010 >
0?
b0000 @
b100000111100 B
1E
#42190000
b0000000000000000100000111110 &
15
17
b00 8
#42200000
00
05
07
b0000 ;
b0000 >
1?
b100000111101 B
b0000 D
0E
#42210000
b0000000000000000100000111111 &
15
17
#42220000
b10000 1
b10000 2
b00000000000000000 3
04
05
07
b1011 ;
b1011 >
0?
b100000111110 B
#42230000
b0000000000000000100001000000 &
15
17
#42240000
05
07
b0000 ;
b0000 >
b100000111111 B
#42250000
b0000000000000000100001000001 &
15
17
#42260000
05
07
b1100 ;
b1100 >
b100001000000 B
#42270000
b0000000000000000100001000010 &
15
17
#42280000
05
07
b0000 ;
b0000 >
b100001000001 B
#42290000
b0000000000000000100001000011 &
15
17
#42300000
05
07
b1001 ;
b1001 >
b100001000010 B
#42310000
b0000000000000000100001000100 &
15
17
#42320000
05
07
b0000 ;
b0000 >
b100001000011 B
#42330000
b0000000000000000100001000101 &
15
17
#42340000
05
07
b1010 ;
b1010 >
b100001000100 B
#42350000
b0000000000000000100001000110 &
15
17
#42360000
05
07
b0000 ;
b0000 >
b100001000101 B
#42370000
b0000000000000000100001000111 &
15
17
#42380000
05
07
b1011 ;
b1011 >
b100001000110 B
#42390000
b0000000000000000100001001000 &
15
17
b01 8
b11 9
b00000011 <
#42400000
05
07
b0000 ;
b0000 >
b100001000111 B
#42410000
b0000000000000000100001001001 &
15
17
#42420000
05
07
b1100 ;
b1100 >
b100001001000 B
#42430000
b0000000000000000100001001010 &
15
17
#42440000
05
07
b0000 ;
b0000 >
b100001001001 B
#42450000
b0000000000000000100001001011 &
15
17
#42460000
05
07
b1001 ;
b1001 >
b100001001010 B
#42470000
b0000000000000000100001001100 &
15
17
b00 9
b00000000 <
#42480000
10
05
07
b0000 ;
b0000 >
b100001001011 B
#42490000
b0000000000000000100001001101 &
15
17
#42500000
05
07
b1010 ;
b1010 >
b100001001100 B
1E
#42510000
b0000000000000000100001001110 &
15
17
#42520000
05
07
b0000 ;
b0000 >
1?
b100001001101 B
0E
#42530000
b0000000000000000100001001111 &
15
17
#42540000
b01111 1
05
07
b1011 ;
b1011 >
0?
b100001001110 B
1E
#42550000
b0000000000000000100001010000 &
15
17
#42560000
05
07
b0000 ;
b0000 >
1?
b100001001111 B
0E
#42570000
b0000000000000000100001010001 &
15
17
#42580000
b01110 1
05
07
b1100 ;
b1100 >
0?
b100001010000 B
1E
#42590000
b0000000000000000100001010010 &
15
17
#42600000
05
07
b0010 ;
b0010 >
1?
b100001010001 B
0E
#42610000
b0000000000000000100001010011 &
15
17
b11 9
b00000011 <
#42620000
b01101 1
05
07
b1000 ;
b1000 >
0?
b100001010010 B
b0011 D
1E
#42630000
b0000000000000000100001010100 &
15
17
b00 9
b00000000 <
#42640000
05
07
b0010 ;
b0010 >
1?
b1100 @
b100001010011 B
b1100 D
0E
#42650000
b0000000000000000100001010101 &
15
17
#42660000
b01100 1
b00000000000011000 3
05
07
b1001 ;
b1001 >
0?
b0000 @
b100001010100 B
b0000 D
1E
#42670000
b0000000000000000100001010110 &
15
17
#42680000
05
07
b0010 ;
b0010 >
1?
b100001010101 B
0E
#42690000
b0000000000000000100001010111 &
15
17
#42700000
b01011 1
05
07
b1010 ;
b1010 >
0?
b100001010110 B
1E
#42710000
b0000000000000000100001011000 &
15
17
#42720000
05
07
b0010 ;
b0010 >
1?
b100001010111 B
0E
#42730000
b0000000000000000100001011001 &
15
17
#42740000
b01010 1
05
07
b1011 ;
b1011 >
0?
b100001011000 B
1E
#42750000
b0000000000000000100001011010 &
15
17
#42760000
05
07
b0010 ;
b0010 >
1?
b100001011001 B
0E
#42770000
b0000000000000000100001011011 &
15
17
#42780000
b01001 1
05
07
b1100 ;
b1100 >
0?
b100001011010 B
1E
#42790000
b0000000000000000100001011100 &
15
17
#42800000
05
07
b0010 ;
b0010 >
1?
b100001011011 B
0E
#42810000
b0000000000000000100001011101 &
15
17
#42820000
b01000 1
05
07
b1101 ;
b1101 >
0?
b100001011100 B
1E
#42830000
b0000000000000000100001011110 &
15
17
#42840000
05
07
b0010 ;
b0010 >
1?
b100001011101 B
0E
#42850000
b0000000000000000100001011111 &
15
17
#42860000
b00111 1
05
07
b1110 ;
b1110 >
0?
b100001011110 B
1E
#42870000
b0000000000000000100001100000 &
15
17
#42880000
05
07
b0010 ;
b0010 >
1?
b100001011111 B
0E
#42890000
b0000000000000000100001100001 &
15
17
#42900000
b00110 1
05
07
b1111 ;
b1111 >
0?
b100001100000 B
1E
#42910000
b0000000000000000100001100010 &
15
17
#42920000
05
07
b0011 ;
b0011 >
1?
b100001100001 B
0E
#42930000
b0000000000000000100001100011 &
15
17
#42940000
b00101 1
05
07
b0000 ;
b0000 >
0?
b100001100010 B
1E
#42950000
b0000000000000000100001100100 &
15
17
#42960000
05
07
b0011 ;
b0011 >
1?
b100001100011 B
0E
#42970000
b0000000000000000100001100101 &
15
17
#42980000
b00100 1
05
07
b0001 ;
b0001 >
0?
b100001100100 B
1E
#42990000
b0000000000000000100001100110 &
15
17
#43000000
05
07
b0011 ;
b0011 >
1?
b100001100101 B
0E
#43010000
b0000000000000000100001100111 &
15
17
#43020000
b00011 1
05
07
b0010 ;
b0010 >
0?
b100001100110 B
1E
#43030000
b0000000000000000100001101000 &
15
17
#43040000
05
07
b0011 ;
b0011 >
1?
b100001100111 B
0E
#43050000
b0000000000000000100001101001 &
15
17
#43060000
b00010 1
05
07
0?
b100001101000 B
1E
#43070000
b0000000000000000100001101010 &
15
17
#43080000
05
07
1?
b100001101001 B
0E
#43090000
b0000000000000000100001101011 &
15
17
#43100000
b00001 1
05
07
b0100 ;
b0100 >
0?
b100001101010 B
1E
#43110000
b0000000000000000100001101100 &
15
17
#43120000
05
07
b0011 ;
b0011 >
1?
b100001101011 B
0E
#43130000
b0000000000000000100001101101 &
15
17
#43140000
b00000 1
05
07
b0101 ;
b0101 >
0?
b100001101100 B
1E
#43150000
b0000000000000000100001101110 &
15
17
#43160000
05
07
b0011 ;
b0011 >
1?
b100001101101 B
0E
#43170000
b0000000000000000100001101111 &
15
17
#43180000
b01111 2
b00000000000010111 3
05
07
b0110 ;
b0110 >
0?
b100001101110 B
1E
#43190000
b0000000000000000100001110000 &
15
17
b10 9
b00000010 <
#43200000
05
07
b0011 ;
b0011 >
1?
b0001 @
b100001101111 B
b0001 D
0E
#43210000
b0000000000000000100001110001 &
15
17
b00 9
b00000000 <
#43220000
b01110 2
b00000000000010110 3
05
07
b0111 ;
b0111 >
0?
b0000 @
b100001110000 B
b0100 D
1E
#43230000
b0000000000000000100001110010 &
15
17
#43240000
05
07
b0011 ;
b0011 >
1?
b100001110001 B
b0000 D
0E
#43250000
b0000000000000000100001110011 &
15
17
#43260000
b01101 2
b00000000000010101 3
05
07
b1000 ;
b1000 >
0?
b100001110010 B
1E
#43270000
b0000000000000000100001110100 &
15
17
b01 9
b00000001 <
#43280000
05
07
b0011 ;
b0011 >
1?
b0010 @
b100001110011 B
b0010 D
0E
#43290000
b0000000000000000100001110101 &
15
17
b00 9
b00000000 <
#43300000
b01100 2
b00000000000010100 3
05
07
b1001 ;
b1001 >
0?
b0000 @
b100001110100 B
b1000 D
1E
#43310000
b0000000000000000100001110110 &
15
17
#43320000
05
07
b0011 ;
b0011 >
1?
b100001110101 B
b0000 D
0E
#43330000
b0000000000000000100001110111 &
15
17
#43340000
b01011 2
b00000000000010011 3
05
07
b1010 ;
b1010 >
0?
b100001110110 B
1E
#43350000
b0000000000000000100001111000 &
15
17
b11 9
b00000011 <
#43360000
05
07
b0011 ;
b0011 >
1?
b0011 @
b100001110111 B
b0011 D
0E
#43370000
b0000000000000000100001111001 &
15
17
b00 9
b00000000 <
#43380000
b01010 2
b00000000000010010 3
05
07
b1011 ;
b1011 >
0?
b0000 @
b100001111000 B
b1100 D
1E
#43390000
b0000000000000000100001111010 &
15
17
#43400000
05
07
b0011 ;
b0011 >
1?
b100001111001 B
b0000 D
0E
#43410000
b0000000000000000100001111011 &
15
17
b10 9
b00000010 <
#43420000
b01001 2
b00000000000010001 3
05
07
b1100 ;
b1100 >
0?
b100001111010 B
b0001 D
1E
#43430000
b0000000000000000100001111100 &
15
17
b00 9
b00000000 <
#43440000
05
07
b0011 ;
b0011 >
1?
b0100 @
b100001111011 B
b0100 D
0E
#43450000
b0000000000000000100001111101 &
15
17
#43460000
b01000 2
b00000000000010000 3
05
07
b1101 ;
b1101 >
0?
b0000 @
b100001111100 B
b0000 D
1E
#43470000
b0000000000000000100001111110 &
15
17
#43480000
05
07
b0011 ;
b0011 >
1?
b100001111101 B
0E
#43490000
b0000000000000000100001111111 &
15
17
b10 9
b00000010 <
#43500000
b00111 2
b00000000000001111 3
05
07
b1110 ;
b1110 >
0?
b100001111110 B
b0001 D
1E
#43510000
b0000000000000000100010000000 &
15
17
#43520000
05
07
b0011 ;
b0011 >
1?
b0101 @
b100001111111 B
b0101 D
0E
#43530000
b0000000000000000100010000001 &
15
17
b00 9
b00000000 <
#43540000
b00110 2
b00000000000001110 3
05
07
b1111 ;
b1111 >
0?
b0000 @
b100010000000 B
b0100 D
1E
#43550000
b0000000000000000100010000010 &
15
17
#43560000
05
07
b0100 ;
b0100 >
1?
b100010000001 B
b0000 D
0E
#43570000
b0000000000000000100010000011 &
15
17
b10 9
b00000010 <
#43580000
b00101 2
b00000000000001101 3
05
07
b0000 ;
b0000 >
0?
b100010000010 B
b0001 D
1E
#43590000
b0000000000000000100010000100 &
15
17
b01 9
b00000001 <
#43600000
05
07
b0100 ;
b0100 >
1?
b0110 @
b100010000011 B
b0110 D
0E
#43610000
b0000000000000000100010000101 &
15
17
b00 9
b00000000 <
#43620000
b00100 2
b00000000000001100 3
05
07
b0001 ;
b0001 >
0?
b0000 @
b100010000100 B
b1000 D
1E
#43630000
b0000000000000000100010000110 &
15
17
#43640000
05
07
b0100 ;
b0100 >
1?
b100010000101 B
b0000 D
0E
#43650000
b0000000000000000100010000111 &
15
17
b10 9
b00000010 <
#43660000
b00011 2
b00000000000001011 3
05
07
b0010 ;
b0010 >
0?
b100010000110 B
b0001 D
1E
#43670000
b0000000000000000100010001000 &
15
17
b11 9
b00000011 <
#43680000
05
07
b0100 ;
b0100 >
1?
b0111 @
b100010000111 B
b0111 D
0E
#43690000
b0000000000000000100010001001 &
15
17
b00 9
b00000000 <
#43700000
b00010 2
b00000000000001010 3
05
07
b0011 ;
b0011 >
0?
b0000 @
b100010001000 B
b1100 D
1E
#43710000
b0000000000000000100010001010 &
15
17
#43720000
05
07
b0100 ;
b0100 >
1?
b100010001001 B
b0000 D
0E
#43730000
b0000000000000000100010001011 &
15
17
b01 9
b00000001 <
#43740000
b00001 2
b00000000000001001 3
05
07
0?
b100010001010 B
b0010 D
1E
#43750000
b0000000000000000100010001100 &
15
17
b00 9
b00000000 <
#43760000
05
07
1?
b1000 @
b100010001011 B
b1000 D
0E
#43770000
b0000000000000000100010001101 &
15
17
#43780000
b00000 2
b00000000000001000 3
05
07
b0101 ;
b0101 >
0?
b0000 @
b100010001100 B
b0000 D
1E
#43790000
b0000000000000000100010001110 &
15
17
#43800000
05
07
b0100 ;
b0100 >
1?
b100010001101 B
0E
#43810000
b0000000000000000100010001111 &
15
17
b01 9
b00000001 <
#43820000
1)
b00000000000000111 3
05
07
b0110 ;
b0110 >
0?
b100010001110 B
b0010 D
1E
#43830000
b0000000000000000100010010000 &
15
17
b10 9
b00000010 <
#43840000
0)
b000001010001 ,
05
07
b0100 ;
b0100 >
1?
b1001 @
b100010001111 B
b1001 D
0E
#43850000
b0000000000000000100010010001 &
15
17
b00 9
b00000000 <
#43860000
1)
b1001 *
b00000000000000110 3
05
07
b0111 ;
b0111 >
0?
b0000 @
b100010010000 B
b0100 D
1E
#43870000
b0000000000000000100010010010 &
15
17
#43880000
0)
b0000 *
b000001010010 ,
05
07
b0100 ;
b0100 >
1?
b100010010001 B
b0000 D
0E
#43890000
b0000000000000000100010010011 &
15
17
b01 9
b00000001 <
#43900000
1)
b00000000000000101 3
05
07
b1000 ;
b1000 >
0?
b100010010010 B
b0010 D
1E
#43910000
b0000000000000000100010010100 &
15
17
#43920000
0)
b000001010011 ,
05
07
b0100 ;
b0100 >
1?
b1010 @
b100010010011 B
b1010 D
0E
#43930000
b0000000000000000100010010101 &
15
17
b00 9
b00000000 <
#43940000
1)
b1010 *
b00000000000000100 3
05
07
b1001 ;
b1001 >
0?
b0000 @
b100010010100 B
b1000 D
1E
#43950000
b0000000000000000100010010110 &
15
17
#43960000
0)
b0000 *
b000001010100 ,
05
07
b0100 ;
b0100 >
1?
b100010010101 B
b0000 D
0E
#43970000
b0000000000000000100010010111 &
15
17
b01 9
b00000001 <
#43980000
1)
b00000000000000011 3
05
07
b1010 ;
b1010 >
0?
b100010010110 B
b0010 D
1E
#43990000
b0000000000000000100010011000 &
15
17
b11 9
b00000011 <
#44000000
0)
b000001010101 ,
05
07
b0100 ;
b0100 >
1?
b1011 @
b100010010111 B
b1011 D
0E
#44010000
b0000000000000000100010011001 &
15
17
b00 9
b00000000 <
#44020000
1)
b1011 *
b00000000000000010 3
05
07
b1011 ;
b1011 >
0?
b0000 @
b100010011000 B
b1100 D
1E
#44030000
b0000000000000000100010011010 &
15
17
#44040000
0)
b0000 *
b000001010110 ,
05
07
b0100 ;
b0100 >
1?
b100010011001 B
b0000 D
0E
#44050000
b0000000000000000100010011011 &
15
17
b11 9
b00000011 <
#44060000
1)
b00000000000000001 3
05
07
b1100 ;
b1100 >
0?
b100010011010 B
b0011 D
1E
#44070000
b0000000000000000100010011100 &
15
17
b00 9
b00000000 <
#44080000
0)
b000001010111 ,
05
07
b0100 ;
b0100 >
1?
b1100 @
b100010011011 B
b1100 D
0E
#44090000
b0000000000000000100010011101 &
15
17
#44100000
1)
b1100 *
b00000000000000000 3
05
07
b1101 ;
b1101 >
0?
b0000 @
b100010011100 B
b0000 D
1E
#44110000
b0000000000000000100010011110 &
15
17
#44120000
0)
b0000 *
b000001011000 ,
05
07
b0100 ;
b0100 >
1?
b100010011101 B
0E
#44130000
b0000000000000000100010011111 &
15
17
#44140000
05
07
b1110 ;
b1110 >
0?
b100010011110 B
1E
#44150000
b0000000000000000100010100000 &
15
17
#44160000
05
07
b0100 ;
b0100 >
1?
b100010011111 B
0E
#44170000
b0000000000000000100010100001 &
15
17
#44180000
05
07
b1111 ;
b1111 >
0?
b100010100000 B
1E
#44190000
b0000000000000000100010100010 &
15
17
#44200000
05
07
b0101 ;
b0101 >
1?
b100010100001 B
0E
#44210000
b0000000000000000100010100011 &
15
17
#44220000
05
07
b0000 ;
b0000 >
0?
b100010100010 B
1E
#44230000
b0000000000000000100010100100 &
15
17
#44240000
05
07
b0101 ;
b0101 >
1?
b100010100011 B
0E
#44250000
b0000000000000000100010100101 &
15
17
#44260000
05
07
b0001 ;
b0001 >
0?
b100010100100 B
1E
#44270000
b0000000000000000100010100110 &
15
17
#44280000
05
07
b0101 ;
b0101 >
1?
b100010100101 B
0E
#44290000
b0000000000000000100010100111 &
15
17
#44300000
05
07
b0010 ;
b0010 >
0?
b100010100110 B
1E
#44310000
b0000000000000000100010101000 &
15
17
#44320000
05
07
b0101 ;
b0101 >
1?
b100010100111 B
0E
#44330000
b0000000000000000100010101001 &
15
17
#44340000
05
07
b0011 ;
b0011 >
0?
b100010101000 B
1E
#44350000
b0000000000000000100010101010 &
15
17
#44360000
05
07
b0101 ;
b0101 >
1?
b100010101001 B
0E
#44370000
b0000000000000000100010101011 &
15
17
#44380000
05
07
b0100 ;
b0100 >
0?
b100010101010 B
1E
#44390000
b0000000000000000100010101100 &
15
17
b00 8
#44400000
00
05
07
b0101 ;
b0101 >
1?
b100010101011 B
0E
#44410000
b0000000000000000100010101101 &
15
17
#44420000
b10000 1
b10000 2
05
07
0?
b100010101100 B
#44430000
b0000000000000000100010101110 &
15
17
#44440000
05
07
b100010101101 B
#44450000
b0000000000000000100010101111 &
15
17
#44460000
05
07
b0110 ;
b0110 >
b100010101110 B
#44470000
b0000000000000000100010110000 &
15
17
#44480000
05
07
b0101 ;
b0101 >
b100010101111 B
#44490000
b0000000000000000100010110001 &
15
17
#44500000
05
07
b0111 ;
b0111 >
b100010110000 B
#44510000
b0000000000000000100010110010 &
15
17
#44520000
05
07
b0101 ;
b0101 >
b100010110001 B
#44530000
b0000000000000000100010110011 &
15
17
#44540000
05
07
b1000 ;
b1000 >
b100010110010 B
#44550000
b0000000000000000100010110100 &
15
17
#44560000
05
07
b0101 ;
b0101 >
b100010110011 B
#44570000
b0000000000000000100010110101 &
15
17
#44580000
05
07
b1001 ;
b1001 >
b100010110100 B
#44590000
b0000000000000000100010110110 &
15
17
#44600000
05
07
b0101 ;
b0101 >
b100010110101 B
#44610000
b0000000000000000100010110111 &
15
17
#44620000
05
07
b1010 ;
b1010 >
b100010110110 B
#44630000
b0000000000000000100010111000 &
15
17
#44640000
05
07
b0101 ;
b0101 >
b100010110111 B
#44650000
b0000000000000000100010111001 &
15
17
#44660000
05
07
b1011 ;
b1011 >
b100010111000 B
#44670000
b0000000000000000100010111010 &
15
17
#44680000
05
07
b0101 ;
b0101 >
b100010111001 B
#44690000
b0000000000000000100010111011 &
15
17
#44700000
05
07
b1100 ;
b1100 >
b100010111010 B
#44710000
b0000000000000000100010111100 &
15
17
#44720000
05
07
b0101 ;
b0101 >
b100010111011 B
#44730000
b0000000000000000100010111101 &
15
17
#44740000
05
07
b1101 ;
b1101 >
b100010111100 B
#44750000
b0000000000000000100010111110 &
15
17
#44760000
05
07
b0101 ;
b0101 >
b100010111101 B
#44770000
b0000000000000000100010111111 &
15
17
#44780000
05
07
b1110 ;
b1110 >
b100010111110 B
#44790000
b0000000000000000100011000000 &
15
17
#44800000
05
07
b0101 ;
b0101 >
b100010111111 B
#44810000
b0000000000000000100011000001 &
15
17
#44820000
05
07
b1111 ;
b1111 >
b100011000000 B
#44830000
b0000000000000000100011000010 &
15
17
#44840000
05
07
b0110 ;
b0110 >
b100011000001 B
#44850000
b0000000000000000100011000011 &
15
17
#44860000
05
07
b0000 ;
b0000 >
b100011000010 B
#44870000
b0000000000000000100011000100 &
15
17
#44880000
05
07
b0110 ;
b0110 >
b100011000011 B
#44890000
b0000000000000000100011000101 &
15
17
#44900000
05
07
b0001 ;
b0001 >
b100011000100 B
#44910000
b0000000000000000100011000110 &
15
17
b01 8
b11 9
b00000011 <
#44920000
05
07
b0110 ;
b0110 >
b100011000101 B
#44930000
b0000000000000000100011000111 &
15
17
#44940000
05
07
b0010 ;
b0010 >
b100011000110 B
#44950000
b0000000000000000100011001000 &
15
17
#44960000
05
07
b0110 ;
b0110 >
b100011000111 B
#44970000
b0000000000000000100011001001 &
15
17
#44980000
05
07
b0011 ;
b0011 >
b100011001000 B
#44990000
b0000000000000000100011001010 &
15
17
b00 9
b00000000 <
#45000000
10
05
07
b0110 ;
b0110 >
b100011001001 B
#45010000
b0000000000000000100011001011 &
15
17
b11 9
b00000011 <
#45020000
05
07
b0100 ;
b0100 >
b100011001010 B
b0011 D
1E
#45030000
b0000000000000000100011001100 &
15
17
#45040000
05
07
b0110 ;
b0110 >
1?
b1111 @
b100011001011 B
b1111 D
0E
#45050000
b0000000000000000100011001101 &
15
17
#45060000
b01111 1
b00000000000011110 3
05
07
b0101 ;
b0101 >
0?
b0000 @
b100011001100 B
1E
#45070000
b0000000000000000100011001110 &
15
17
#45080000
05
07
b0110 ;
b0110 >
1?
b1111 @
b100011001101 B
0E
#45090000
b0000000000000000100011001111 &
15
17
#45100000
b01110 1
b00000000111111110 3
05
07
0?
b0000 @
b100011001110 B
1E
#45110000
b0000000000000000100011010000 &
15
17
#45120000
05
07
1?
b1111 @
b100011001111 B
0E
#45130000
b0000000000000000100011010001 &
15
17
#45140000
b01101 1
b00001111111111110 3
05
07
b0111 ;
b0111 >
0?
b0000 @
b100011010000 B
1E
#45150000
b0000000000000000100011010010 &
15
17
#45160000
05
07
b0110 ;
b0110 >
1?
b1111 @
b100011010001 B
0E
#45170000
b0000000000000000100011010011 &
15
17
#45180000
b01100 1
b11111111111111110 3
05
07
b1000 ;
b1000 >
0?
b0000 @
b100011010010 B
1E
#45190000
b0000000000000000100011010100 &
15
17
#45200000
05
07
b0110 ;
b0110 >
1?
b1111 @
b100011010011 B
0E
#45210000
b0000000000000000100011010101 &
15
17
#45220000
b01011 1
14
05
07
b1001 ;
b1001 >
0?
b0000 @
b100011010100 B
1E
#45230000
b0000000000000000100011010110 &
15
17
#45240000
05
07
b0110 ;
b0110 >
1?
b1111 @
b100011010101 B
0E
#45250000
b0000000000000000100011010111 &
15
17
#45260000
b01010 1
05
07
b1010 ;
b1010 >
0?
b0000 @
b100011010110 B
1E
#45270000
b0000000000000000100011011000 &
15
17
#45280000
05
07
b0110 ;
b0110 >
1?
b1111 @
b100011010111 B
0E
#45290000
b0000000000000000100011011001 &
15
17
#45300000
b01001 1
05
07
b1011 ;
b1011 >
0?
b0000 @
b100011011000 B
1E
#45310000
b0000000000000000100011011010 &
15
17
#45320000
05
07
b0110 ;
b0110 >
1?
b1111 @
b100011011001 B
0E
#45330000
b0000000000000000100011011011 &
15
17
#45340000
b01000 1
05
07
b1100 ;
b1100 >
0?
b0000 @
b100011011010 B
1E
#45350000
b0000000000000000100011011100 &
15
17
#45360000
05
07
b0110 ;
b0110 >
1?
b1111 @
b100011011011 B
0E
#45370000
b0000000000000000100011011101 &
15
17
#45380000
b00111 1
05
07
b1101 ;
b1101 >
0?
b0000 @
b100011011100 B
1E
#45390000
b0000000000000000100011011110 &
15
17
#45400000
05
07
b0110 ;
b0110 >
1?
b1111 @
b100011011101 B
0E
#45410000
b0000000000000000100011011111 &
15
17
#45420000
b00110 1
05
07
b1110 ;
b1110 >
0?
b0000 @
b100011011110 B
1E
#45430000
b0000000000000000100011100000 &
15
17
#45440000
05
07
b0110 ;
b0110 >
1?
b1111 @
b100011011111 B
0E
#45450000
b0000000000000000100011100001 &
15
17
#45460000
b00101 1
05
07
b1111 ;
b1111 >
0?
b0000 @
b100011100000 B
1E
#45470000
b0000000000000000100011100010 &
15
17
#45480000
05
07
b0111 ;
b0111 >
1?
b1111 @
b100011100001 B
0E
#45490000
b0000000000000000100011100011 &
15
17
#45500000
b00100 1
05
07
b0000 ;
b0000 >
0?
b0000 @
b100011100010 B
1E
#45510000
b0000000000000000100011100100 &
15
17
#45520000
05
07
b0111 ;
b0111 >
1?
b1111 @
b100011100011 B
0E
#45530000
b0000000000000000100011100101 &
15
17
#45540000
b00011 1
05
07
b0001 ;
b0001 >
0?
b0000 @
b100011100100 B
1E
#45550000
b0000000000000000100011100110 &
15
17
#45560000
05
07
b0111 ;
b0111 >
1?
b1111 @
b100011100101 B
0E
#45570000
b0000000000000000100011100111 &
15
17
#45580000
b00010 1
05
07
b0010 ;
b0010 >
0?
b0000 @
b100011100110 B
1E
#45590000
b0000000000000000100011101000 &
15
17
#45600000
05
07
b0111 ;
b0111 >
1?
b1111 @
b100011100111 B
0E
#45610000
b0000000000000000100011101001 &
15
17
#45620000
b00001 1
05
07
b0011 ;
b0011 >
0?
b0000 @
b100011101000 B
1E
#45630000
b0000000000000000100011101010 &
15
17
#45640000
05
07
b0111 ;
b0111 >
1?
b1111 @
b100011101001 B
0E
#45650000
b0000000000000000100011101011 &
15
17
#45660000
b00000 1
05
07
b0100 ;
b0100 >
0?
b0000 @
b100011101010 B
1E
#45670000
b0000000000000000100011101100 &
15
17
#45680000
05
07
b0111 ;
b0111 >
1?
b1111 @
b100011101011 B
0E
#45690000
b0000000000000000100011101101 &
15
17
#45700000
b01111 2
b11111111111111101 3
05
07
b0101 ;
b0101 >
0?
b0000 @
b100011101100 B
1E
#45710000
b0000000000000000100011101110 &
15
17
#45720000
05
07
b0111 ;
b0111 >
1?
b1111 @
b100011101101 B
0E
#45730000
b0000000000000000100011101111 &
15
17
#45740000
b01110 2
b11111111111111100 3
05
07
b0110 ;
b0110 >
0?
b0000 @
b100011101110 B
1E
#45750000
b0000000000000000100011110000 &
15
17
#45760000
05
07
b0111 ;
b0111 >
1?
b1111 @
b100011101111 B
0E
#45770000
b0000000000000000100011110001 &
15
17
#45780000
b01101 2
b11111111111111011 3
05
07
0?
b0000 @
b100011110000 B
1E
#45790000
b0000000000000000100011110010 &
15
17
#45800000
05
07
1?
b1111 @
b100011110001 B
0E
#45810000
b0000000000000000100011110011 &
15
17
#45820000
b01100 2
b11111111111111010 3
05
07
b1000 ;
b1000 >
0?
b0000 @
b100011110010 B
1E
#45830000
b0000000000000000100011110100 &
15
17
#45840000
05
07
b0111 ;
b0111 >
1?
b1111 @
b100011110011 B
0E
#45850000
b0000000000000000100011110101 &
15
17
#45860000
b01011 2
b11111111111111001 3
05
07
b1001 ;
b1001 >
0?
b0000 @
b100011110100 B
1E
#45870000
b0000000000000000100011110110 &
15
17
#45880000
05
07
b0111 ;
b0111 >
1?
b1111 @
b100011110101 B
0E
#45890000
b0000000000000000100011110111 &
15
17
#45900000
b01010 2
b11111111111111000 3
05
07
b1010 ;
b1010 >
0?
b0000 @
b100011110110 B
1E
#45910000
b0000000000000000100011111000 &
15
17
#45920000
05
07
b0111 ;
b0111 >
1?
b1111 @
b100011110111 B
0E
#45930000
b0000000000000000100011111001 &
15
17
#45940000
b01001 2
b11111111111110111 3
05
07
b1011 ;
b1011 >
0?
b0000 @
b100011111000 B
1E
#45950000
b0000000000000000100011111010 &
15
17
b10 9
b00000010 <
#45960000
05
07
b0111 ;
b0111 >
1?
b1101 @
b100011111001 B
b1101 D
0E
#45970000
b0000000000000000100011111011 &
15
17
#45980000
b01000 2
b11111111111110110 3
05
07
b1100 ;
b1100 >
0?
b0000 @
b100011111010 B
b0101 D
1E
#45990000
b0000000000000000100011111100 &
15
17
#46000000
05
07
b0111 ;
b0111 >
1?
b0101 @
b100011111011 B
0E
#46010000
b0000000000000000100011111101 &
15
17
#46020000
b00111 2
b11111111111110101 3
05
07
b1101 ;
b1101 >
0?
b0000 @
b100011111100 B
1E
#46030000
b0000000000000000100011111110 &
15
17
#46040000
05
07
b0111 ;
b0111 >
1?
b0101 @
b100011111101 B
0E
#46050000
b0000000000000000100011111111 &
15
17
#46060000
b00110 2
b11111111111110100 3
05
07
b1110 ;
b1110 >
0?
b0000 @
b100011111110 B
1E
#46070000
b0000000000000000100100000000 &
15
17
#46080000
05
07
b0111 ;
b0111 >
1?
b0101 @
b100011111111 B
0E
#46090000
b0000000000000000100100000001 &
15
17
#46100000
b00101 2
b11111111111110011 3
05
07
b1111 ;
b1111 >
0?
b0000 @
b100100000000 B
1E
#46110000
b0000000000000000100100000010 &
15
17
#46120000
05
07
b1000 ;
b1000 >
1?
b0101 @
b100100000001 B
0E
#46130000
b0000000000000000100100000011 &
15
17
#46140000
b00100 2
b11111111111110010 3
05
07
b0000 ;
b0000 >
0?
b0000 @
b100100000010 B
1E
#46150000
b0000000000000000100100000100 &
15
17
#46160000
05
07
b1000 ;
b1000 >
1?
b0101 @
b100100000011 B
0E
#46170000
b0000000000000000100100000101 &
15
17
#46180000
b00011 2
b11111111111110001 3
05
07
b0001 ;
b0001 >
0?
b0000 @
b100100000100 B
1E
#46190000
b0000000000000000100100000110 &
15
17
#46200000
05
07
b1000 ;
b1000 >
1?
b0101 @
b100100000101 B
0E
#46210000
b0000000000000000100100000111 &
15
17
#46220000
b00010 2
b11111111111110000 3
05
07
b0010 ;
b0010 >
0?
b0000 @
b100100000110 B
1E
#46230000
b0000000000000000100100001000 &
15
17
#46240000
05
07
b1000 ;
b1000 >
1?
b0101 @
b100100000111 B
0E
#46250000
b0000000000000000100100001001 &
15
17
#46260000
b00001 2
b11111111111101111 3
05
07
b0011 ;
b0011 >
0?
b0000 @
b100100001000 B
1E
#46270000
b0000000000000000100100001010 &
15
17
b00 8
#46280000
00
05
07
b1000 ;
b1000 >
1?
b100100001001 B
b0000 D
0E
#46290000
b0000000000000000100100001011 &
15
17
#46300000
b10000 1
b10000 2
b00000000000000000 3
04
05
07
b0100 ;
b0100 >
0?
b100100001010 B
#46310000
b0000000000000000100100001100 &
15
17
#46320000
05
07
b1000 ;
b1000 >
b100100001011 B
#46330000
b0000000000000000100100001101 &
15
17
#46340000
05
07
b0101 ;
b0101 >
b100100001100 B
#46350000
b0000000000000000100100001110 &
15
17
#46360000
05
07
b1000 ;
b1000 >
b100100001101 B
#46370000
b0000000000000000100100001111 &
15
17
#46380000
05
07
b0110 ;
b0110 >
b100100001110 B
#46390000
b0000000000000000100100010000 &
15
17
#46400000
05
07
b1000 ;
b1000 >
b100100001111 B
#46410000
b0000000000000000100100010001 &
15
17
#46420000
05
07
b0111 ;
b0111 >
b100100010000 B
#46430000
b0000000000000000100100010010 &
15
17
#46440000
05
07
b1000 ;
b1000 >
b100100010001 B
#46450000
b0000000000000000100100010011 &
15
17
#46460000
05
07
b100100010010 B
#46470000
b0000000000000000100100010100 &
15
17
b01 8
b11 9
b00000011 <
#46480000
05
07
b100100010011 B
#46490000
b0000000000000000100100010101 &
15
17
#46500000
05
07
b1001 ;
b1001 >
b100100010100 B
#46510000
b0000000000000000100100010110 &
15
17
#46520000
05
07
b1000 ;
b1000 >
b100100010101 B
#46530000
b0000000000000000100100010111 &
15
17
#46540000
05
07
b1010 ;
b1010 >
b100100010110 B
#46550000
b0000000000000000100100011000 &
15
17
b00 9
b00000000 <
#46560000
10
05
07
b1000 ;
b1000 >
b100100010111 B
#46570000
b0000000000000000100100011001 &
15
17
#46580000
05
07
b1011 ;
b1011 >
b100100011000 B
1E
#46590000
b0000000000000000100100011010 &
15
17
#46600000
05
07
b1000 ;
b1000 >
1?
b100100011001 B
0E
#46610000
b0000000000000000100100011011 &
15
17
#46620000
b01111 1
05
07
b1100 ;
b1100 >
0?
b100100011010 B
1E
#46630000
b0000000000000000100100011100 &
15
17
#46640000
05
07
b1000 ;
b1000 >
1?
b100100011011 B
0E
#46650000
b0000000000000000100100011101 &
15
17
#46660000
b01110 1
05
07
b1101 ;
b1101 >
0?
b100100011100 B
1E
#46670000
b0000000000000000100100011110 &
15
17
#46680000
05
07
b1000 ;
b1000 >
1?
b100100011101 B
0E
#46690000
b0000000000000000100100011111 &
15
17
b11 9
b00000011 <
#46700000
b01101 1
05
07
b1110 ;
b1110 >
0?
b100100011110 B
b0011 D
1E
#46710000
b0000000000000000100100100000 &
15
17
b00 9
b00000000 <
#46720000
05
07
b1000 ;
b1000 >
1?
b1100 @
b100100011111 B
b1100 D
0E
#46730000
b0000000000000000100100100001 &
15
17
#46740000
b01100 1
b00000000000011000 3
05
07
b1111 ;
b1111 >
0?
b0000 @
b100100100000 B
b0000 D
1E
#46750000
b0000000000000000100100100010 &
15
17
#46760000
05
07
b1001 ;
b1001 >
1?
b100100100001 B
0E
#46770000
b0000000000000000100100100011 &
15
17
#46780000
b01011 1
05
07
b0000 ;
b0000 >
0?
b100100100010 B
1E
#46790000
b0000000000000000100100100100 &
15
17
#46800000
05
07
b1001 ;
b1001 >
1?
b100100100011 B
0E
#46810000
b0000000000000000100100100101 &
15
17
#46820000
b01010 1
05
07
b0001 ;
b0001 >
0?
b100100100100 B
1E
#46830000
b0000000000000000100100100110 &
15
17
#46840000
05
07
b1001 ;
b1001 >
1?
b100100100101 B
0E
#46850000
b0000000000000000100100100111 &
15
17
#46860000
b01001 1
05
07
b0010 ;
b0010 >
0?
b100100100110 B
1E
#46870000
b0000000000000000100100101000 &
15
17
#46880000
05
07
b1001 ;
b1001 >
1?
b100100100111 B
0E
#46890000
b0000000000000000100100101001 &
15
17
#46900000
b01000 1
05
07
b0011 ;
b0011 >
0?
b100100101000 B
1E
#46910000
b0000000000000000100100101010 &
15
17
#46920000
05
07
b1001 ;
b1001 >
1?
b100100101001 B
0E
#46930000
b0000000000000000100100101011 &
15
17
#46940000
b00111 1
05
07
b0100 ;
b0100 >
0?
b100100101010 B
1E
#46950000
b0000000000000000100100101100 &
15
17
#46960000
05
07
b1001 ;
b1001 >
1?
b100100101011 B
0E
#46970000
b0000000000000000100100101101 &
15
17
#46980000
b00110 1
05
07
b0101 ;
b0101 >
0?
b100100101100 B
1E
#46990000
b0000000000000000100100101110 &
15
17
#47000000
05
07
b1001 ;
b1001 >
1?
b100100101101 B
0E
#47010000
b0000000000000000100100101111 &
15
17
#47020000
b00101 1
05
07
b0110 ;
b0110 >
0?
b100100101110 B
1E
#47030000
b0000000000000000100100110000 &
15
17
#47040000
05
07
b1001 ;
b1001 >
1?
b100100101111 B
0E
#47050000
b0000000000000000100100110001 &
15
17
#47060000
b00100 1
05
07
b0111 ;
b0111 >
0?
b100100110000 B
1E
#47070000
b0000000000000000100100110010 &
15
17
#47080000
05
07
b1001 ;
b1001 >
1?
b100100110001 B
0E
#47090000
b0000000000000000100100110011 &
15
17
#47100000
b00011 1
05
07
b1000 ;
b1000 >
0?
b100100110010 B
1E
#47110000
b0000000000000000100100110100 &
15
17
#47120000
05
07
b1001 ;
b1001 >
1?
b100100110011 B
0E
#47130000
b0000000000000000100100110101 &
15
17
#47140000
b00010 1
05
07
0?
b100100110100 B
1E
#47150000
b0000000000000000100100110110 &
15
17
#47160000
05
07
1?
b100100110101 B
0E
#47170000
b0000000000000000100100110111 &
15
17
#47180000
b00001 1
05
07
b1010 ;
b1010 >
0?
b100100110110 B
1E
#47190000
b0000000000000000100100111000 &
15
17
#47200000
05
07
b1001 ;
b1001 >
1?
b100100110111 B
0E
#47210000
b0000000000000000100100111001 &
15
17
#47220000
b00000 1
05
07
b1011 ;
b1011 >
0?
b100100111000 B
1E
#47230000
b0000000000000000100100111010 &
15
17
#47240000
05
07
b1001 ;
b1001 >
1?
b100100111001 B
0E
#47250000
b0000000000000000100100111011 &
15
17
#47260000
b01111 2
b00000000000010111 3
05
07
b1100 ;
b1100 >
0?
b100100111010 B
1E
#47270000
b0000000000000000100100111100 &
15
17
b10 9
b00000010 <
#47280000
05
07
b1001 ;
b1001 >
1?
b0001 @
b100100111011 B
b0001 D
0E
#47290000
b0000000000000000100100111101 &
15
17
b00 9
b00000000 <
#47300000
b01110 2
b00000000000010110 3
05
07
b1101 ;
b1101 >
0?
b0000 @
b100100111100 B
b0100 D
1E
#47310000
b0000000000000000100100111110 &
15
17
#47320000
05
07
b1001 ;
b1001 >
1?
b100100111101 B
b0000 D
0E
#47330000
b0000000000000000100100111111 &
15
17
#47340000
b01101 2
b00000000000010101 3
05
07
b1110 ;
b1110 >
0?
b100100111110 B
1E
#47350000
b0000000000000000100101000000 &
15
17
b01 9
b00000001 <
#47360000
05
07
b1001 ;
b1001 >
1?
b0010 @
b100100111111 B
b0010 D
0E
#47370000
b0000000000000000100101000001 &
15
17
b00 9
b00000000 <
#47380000
b01100 2
b00000000000010100 3
05
07
b1111 ;
b1111 >
0?
b0000 @
b100101000000 B
b1000 D
1E
#47390000
b0000000000000000100101000010 &
15
17
#47400000
05
07
b1010 ;
b1010 >
1?
b100101000001 B
b0000 D
0E
#47410000
b0000000000000000100101000011 &
15
17
#47420000
b01011 2
b00000000000010011 3
05
07
b0000 ;
b0000 >
0?
b100101000010 B
1E
#47430000
b0000000000000000100101000100 &
15
17
b11 9
b00000011 <
#47440000
05
07
b1010 ;
b1010 >
1?
b0011 @
b100101000011 B
b0011 D
0E
#47450000
b0000000000000000100101000101 &
15
17
b00 9
b00000000 <
#47460000
b01010 2
b00000000000010010 3
05
07
b0001 ;
b0001 >
0?
b0000 @
b100101000100 B
b1100 D
1E
#47470000
b0000000000000000100101000110 &
15
17
#47480000
05
07
b1010 ;
b1010 >
1?
b100101000101 B
b0000 D
0E
#47490000
b0000000000000000100101000111 &
15
17
b10 9
b00000010 <
#47500000
b01001 2
b00000000000010001 3
05
07
b0010 ;
b0010 >
0?
b100101000110 B
b0001 D
1E
#47510000
b0000000000000000100101001000 &
15
17
b00 9
b00000000 <
#47520000
05
07
b1010 ;
b1010 >
1?
b0100 @
b100101000111 B
b0100 D
0E
#47530000
b0000000000000000100101001001 &
15
17
#47540000
b01000 2
b00000000000010000 3
05
07
b0011 ;
b0011 >
0?
b0000 @
b100101001000 B
b0000 D
1E
#47550000
b0000000000000000100101001010 &
15
17
#47560000
05
07
b1010 ;
b1010 >
1?
b100101001001 B
0E
#47570000
b0000000000000000100101001011 &
15
17
b10 9
b00000010 <
#47580000
b00111 2
b00000000000001111 3
05
07
b0100 ;
b0100 >
0?
b100101001010 B
b0001 D
1E
#47590000
b0000000000000000100101001100 &
15
17
#47600000
05
07
b1010 ;
b1010 >
1?
b0101 @
b100101001011 B
b0101 D
0E
#47610000
b0000000000000000100101001101 &
15
17
b00 9
b00000000 <
#47620000
b00110 2
b00000000000001110 3
05
07
b0101 ;
b0101 >
0?
b0000 @
b100101001100 B
b0100 D
1E
#47630000
b0000000000000000100101001110 &
15
17
#47640000
05
07
b1010 ;
b1010 >
1?
b100101001101 B
b0000 D
0E
#47650000
b0000000000000000100101001111 &
15
17
b10 9
b00000010 <
#47660000
b00101 2
b00000000000001101 3
05
07
b0110 ;
b0110 >
0?
b100101001110 B
b0001 D
1E
#47670000
b0000000000000000100101010000 &
15
17
b01 9
b00000001 <
#47680000
05
07
b1010 ;
b1010 >
1?
b0110 @
b100101001111 B
b0110 D
0E
#47690000
b0000000000000000100101010001 &
15
17
b00 9
b00000000 <
#47700000
b00100 2
b00000000000001100 3
05
07
b0111 ;
b0111 >
0?
b0000 @
b100101010000 B
b1000 D
1E
#47710000
b0000000000000000100101010010 &
15
17
#47720000
05
07
b1010 ;
b1010 >
1?
b100101010001 B
b0000 D
0E
#47730000
b0000000000000000100101010011 &
15
17
b10 9
b00000010 <
#47740000
b00011 2
b00000000000001011 3
05
07
b1000 ;
b1000 >
0?
b100101010010 B
b0001 D
1E
#47750000
b0000000000000000100101010100 &
15
17
b11 9
b00000011 <
#47760000
05
07
b1010 ;
b1010 >
1?
b0111 @
b100101010011 B
b0111 D
0E
#47770000
b0000000000000000100101010101 &
15
17
b00 9
b00000000 <
#47780000
b00010 2
b00000000000001010 3
05
07
b1001 ;
b1001 >
0?
b0000 @
b100101010100 B
b1100 D
1E
#47790000
b0000000000000000100101010110 &
15
17
#47800000
05
07
b1010 ;
b1010 >
1?
b100101010101 B
b0000 D
0E
#47810000
b0000000000000000100101010111 &
15
17
b01 9
b00000001 <
#47820000
b00001 2
b00000000000001001 3
05
07
0?
b100101010110 B
b0010 D
1E
#47830000
b0000000000000000100101011000 &
15
17
b00 9
b00000000 <
#47840000
05
07
1?
b1000 @
b100101010111 B
b1000 D
0E
#47850000
b0000000000000000100101011001 &
15
17
#47860000
b00000 2
b00000000000001000 3
05
07
b1011 ;
b1011 >
0?
b0000 @
b100101011000 B
b0000 D
1E
#47870000
b0000000000000000100101011010 &
15
17
#47880000
05
07
b1010 ;
b1010 >
1?
b100101011001 B
0E
#47890000
b0000000000000000100101011011 &
15
17
b01 9
b00000001 <
#47900000
1)
b00000000000000111 3
05
07
b1100 ;
b1100 >
0?
b100101011010 B
b0010 D
1E
#47910000
b0000000000000000100101011100 &
15
17
b10 9
b00000010 <
#47920000
0)
b000001011001 ,
05
07
b1010 ;
b1010 >
1?
b1001 @
b100101011011 B
b1001 D
0E
#47930000
b0000000000000000100101011101 &
15
17
b00 9
b00000000 <
#47940000
1)
b1001 *
b00000000000000110 3
05
07
b1101 ;
b1101 >
0?
b0000 @
b100101011100 B
b0100 D
1E
#47950000
b0000000000000000100101011110 &
15
17
#47960000
0)
b0000 *
b000001011010 ,
05
07
b1010 ;
b1010 >
1?
b100101011101 B
b0000 D
0E
#47970000
b0000000000000000100101011111 &
15
17
b01 9
b00000001 <
#47980000
1)
b00000000000000101 3
05
07
b1110 ;
b1110 >
0?
b100101011110 B
b0010 D
1E
#47990000
b0000000000000000100101100000 &
15
17
#48000000
0)
b000001011011 ,
05
07
b1010 ;
b1010 >
1?
b1010 @
b100101011111 B
b1010 D
0E
#48010000
b0000000000000000100101100001 &
15
17
b00 9
b00000000 <
#48020000
1)
b1010 *
b00000000000000100 3
05
07
b1111 ;
b1111 >
0?
b0000 @
b100101100000 B
b1000 D
1E
#48030000
b0000000000000000100101100010 &
15
17
#48040000
0)
b0000 *
b000001011100 ,
05
07
b1011 ;
b1011 >
1?
b100101100001 B
b0000 D
0E
#48050000
b0000000000000000100101100011 &
15
17
b01 9
b00000001 <
#48060000
1)
b00000000000000011 3
05
07
b0000 ;
b0000 >
0?
b100101100010 B
b0010 D
1E
#48070000
b0000000000000000100101100100 &
15
17
b11 9
b00000011 <
#48080000
0)
b000001011101 ,
05
07
b1011 ;
b1011 >
1?
b1011 @
b100101100011 B
b1011 D
0E
#48090000
b0000000000000000100101100101 &
15
17
b00 9
b00000000 <
#48100000
1)
b1011 *
b00000000000000010 3
05
07
b0001 ;
b0001 >
0?
b0000 @
b100101100100 B
b1100 D
1E
#48110000
b0000000000000000100101100110 &
15
17
#48120000
0)
b0000 *
b000001011110 ,
05
07
b1011 ;
b1011 >
1?
b100101100101 B
b0000 D
0E
#48130000
b0000000000000000100101100111 &
15
17
b11 9
b00000011 <
#48140000
1)
b00000000000000001 3
05
07
b0010 ;
b0010 >
0?
b100101100110 B
b0011 D
1E
#48150000
b0000000000000000100101101000 &
15
17
b00 9
b00000000 <
#48160000
0)
b000001011111 ,
05
07
b1011 ;
b1011 >
1?
b1100 @
b100101100111 B
b1100 D
0E
#48170000
b0000000000000000100101101001 &
15
17
#48180000
1)
b1100 *
b00000000000000000 3
05
07
b0011 ;
b0011 >
0?
b0000 @
b100101101000 B
b0000 D
1E
#48190000
b0000000000000000100101101010 &
15
17
#48200000
0)
b0000 *
b000001100000 ,
05
07
b1011 ;
b1011 >
1?
b100101101001 B
0E
#48210000
b0000000000000000100101101011 &
15
17
#48220000
05
07
b0100 ;
b0100 >
0?
b100101101010 B
1E
#48230000
b0000000000000000100101101100 &
15
17
#48240000
05
07
b1011 ;
b1011 >
1?
b100101101011 B
0E
#48250000
b0000000000000000100101101101 &
15
17
#48260000
05
07
b0101 ;
b0101 >
0?
b100101101100 B
1E
#48270000
b0000000000000000100101101110 &
15
17
#48280000
05
07
b1011 ;
b1011 >
1?
b100101101101 B
0E
#48290000
b0000000000000000100101101111 &
15
17
#48300000
05
07
b0110 ;
b0110 >
0?
b100101101110 B
1E
#48310000
b0000000000000000100101110000 &
15
17
#48320000
05
07
b1011 ;
b1011 >
1?
b100101101111 B
0E
#48330000
b0000000000000000100101110001 &
15
17
#48340000
05
07
b0111 ;
b0111 >
0?
b100101110000 B
1E
#48350000
b0000000000000000100101110010 &
15
17
#48360000
05
07
b1011 ;
b1011 >
1?
b100101110001 B
0E
#48370000
b0000000000000000100101110011 &
15
17
#48380000
05
07
b1000 ;
b1000 >
0?
b100101110010 B
1E
#48390000
b0000000000000000100101110100 &
15
17
#48400000
05
07
b1011 ;
b1011 >
1?
b100101110011 B
0E
#48410000
b0000000000000000100101110101 &
15
17
#48420000
05
07
b1001 ;
b1001 >
0?
b100101110100 B
1E
#48430000
b0000000000000000100101110110 &
15
17
#48440000
05
07
b1011 ;
b1011 >
1?
b100101110101 B
0E
#48450000
b0000000000000000100101110111 &
15
17
#48460000
05
07
b1010 ;
b1010 >
0?
b100101110110 B
1E
#48470000
b0000000000000000100101111000 &
15
17
b00 8
#48480000
00
05
07
b1011 ;
b1011 >
1?
b100101110111 B
0E
#48490000
b0000000000000000100101111001 &
15
17
#48500000
b10000 1
b10000 2
05
07
0?
b100101111000 B
#48510000
b0000000000000000100101111010 &
15
17
#48520000
05
07
b100101111001 B
#48530000
b0000000000000000100101111011 &
15
17
#48540000
05
07
b1100 ;
b1100 >
b100101111010 B
#48550000
b0000000000000000100101111100 &
15
17
#48560000
05
07
b1011 ;
b1011 >
b100101111011 B
#48570000
b0000000000000000100101111101 &
15
17
#48580000
05
07
b1101 ;
b1101 >
b100101111100 B
#48590000
b0000000000000000100101111110 &
15
17
#48600000
05
07
b1011 ;
b1011 >
b100101111101 B
#48610000
b0000000000000000100101111111 &
15
17
#48620000
05
07
b1110 ;
b1110 >
b100101111110 B
#48630000
b0000000000000000100110000000 &
15
17
#48640000
05
07
b1011 ;
b1011 >
b100101111111 B
#48650000
b0000000000000000100110000001 &
15
17
#48660000
05
07
b1111 ;
b1111 >
b100110000000 B
#48670000
b0000000000000000100110000010 &
15
17
#48680000
05
07
b1100 ;
b1100 >
b100110000001 B
#48690000
b0000000000000000100110000011 &
15
17
#48700000
05
07
b0000 ;
b0000 >
b100110000010 B
#48710000
b0000000000000000100110000100 &
15
17
#48720000
05
07
b1100 ;
b1100 >
b100110000011 B
#48730000
b0000000000000000100110000101 &
15
17
#48740000
05
07
b0001 ;
b0001 >
b100110000100 B
#48750000
b0000000000000000100110000110 &
15
17
#48760000
05
07
b1100 ;
b1100 >
b100110000101 B
#48770000
b0000000000000000100110000111 &
15
17
#48780000
05
07
b0010 ;
b0010 >
b100110000110 B
#48790000
b0000000000000000100110001000 &
15
17
#48800000
05
07
b1100 ;
b1100 >
b100110000111 B
#48810000
b0000000000000000100110001001 &
15
17
#48820000
05
07
b0011 ;
b0011 >
b100110001000 B
#48830000
b0000000000000000100110001010 &
15
17
#48840000
05
07
b1100 ;
b1100 >
b100110001001 B
#48850000
b0000000000000000100110001011 &
15
17
#48860000
05
07
b0100 ;
b0100 >
b100110001010 B
#48870000
b0000000000000000100110001100 &
15
17
#48880000
05
07
b1100 ;
b1100 >
b100110001011 B
#48890000
b0000000000000000100110001101 &
15
17
#48900000
05
07
b0101 ;
b0101 >
b100110001100 B
#48910000
b0000000000000000100110001110 &
15
17
#48920000
05
07
b1100 ;
b1100 >
b100110001101 B
#48930000
b0000000000000000100110001111 &
15
17
#48940000
05
07
b0110 ;
b0110 >
b100110001110 B
#48950000
b0000000000000000100110010000 &
15
17
#48960000
05
07
b1100 ;
b1100 >
b100110001111 B
#48970000
b0000000000000000100110010001 &
15
17
#48980000
05
07
b0111 ;
b0111 >
b100110010000 B
#48990000
b0000000000000000100110010010 &
15
17
b01 8
b11 9
b00000011 <
#49000000
05
07
b1100 ;
b1100 >
b100110010001 B
#49010000
b0000000000000000100110010011 &
15
17
#49020000
05
07
b1000 ;
b1000 >
b100110010010 B
#49030000
b0000000000000000100110010100 &
15
17
#49040000
05
07
b1100 ;
b1100 >
b100110010011 B
#49050000
b0000000000000000100110010101 &
15
17
#49060000
05
07
b1001 ;
b1001 >
b100110010100 B
#49070000
b0000000000000000100110010110 &
15
17
b00 9
b00000000 <
#49080000
10
05
07
b1100 ;
b1100 >
b100110010101 B
#49090000
b0000000000000000100110010111 &
15
17
b11 9
b00000011 <
#49100000
05
07
b1010 ;
b1010 >
b100110010110 B
b0011 D
1E
#49110000
b0000000000000000100110011000 &
15
17
#49120000
05
07
b1100 ;
b1100 >
1?
b1111 @
b100110010111 B
b1111 D
0E
#49130000
b0000000000000000100110011001 &
15
17
#49140000
b01111 1
b00000000000011110 3
05
07
b1011 ;
b1011 >
0?
b0000 @
b100110011000 B
1E
#49150000
b0000000000000000100110011010 &
15
17
#49160000
05
07
b1100 ;
b1100 >
1?
b1111 @
b100110011001 B
0E
#49170000
b0000000000000000100110011011 &
15
17
#49180000
b01110 1
b00000000111111110 3
05
07
0?
b0000 @
b100110011010 B
1E
#49190000
b0000000000000000100110011100 &
15
17
#49200000
05
07
1?
b1111 @
b100110011011 B
0E
#49210000
b0000000000000000100110011101 &
15
17
#49220000
b01101 1
b00001111111111110 3
05
07
b1101 ;
b1101 >
0?
b0000 @
b100110011100 B
1E
#49230000
b0000000000000000100110011110 &
15
17
#49240000
05
07
b1100 ;
b1100 >
1?
b1111 @
b100110011101 B
0E
#49250000
b0000000000000000100110011111 &
15
17
#49260000
b01100 1
b11111111111111110 3
05
07
b1110 ;
b1110 >
0?
b0000 @
b100110011110 B
1E
#49270000
b0000000000000000100110100000 &
15
17
#49280000
05
07
b1100 ;
b1100 >
1?
b1111 @
b100110011111 B
0E
#49290000
b0000000000000000100110100001 &
15
17
#49300000
b01011 1
14
05
07
b1111 ;
b1111 >
0?
b0000 @
b100110100000 B
1E
#49310000
b0000000000000000100110100010 &
15
17
#49320000
05
07
b1101 ;
b1101 >
1?
b1111 @
b100110100001 B
0E
#49330000
b0000000000000000100110100011 &
15
17
#49340000
b01010 1
05
07
b0000 ;
b0000 >
0?
b0000 @
b100110100010 B
1E
#49350000
b0000000000000000100110100100 &
15
17
#49360000
05
07
b1101 ;
b1101 >
1?
b1111 @
b100110100011 B
0E
#49370000
b0000000000000000100110100101 &
15
17
#49380000
b01001 1
05
07
b0001 ;
b0001 >
0?
b0000 @
b100110100100 B
1E
#49390000
b0000000000000000100110100110 &
15
17
#49400000
05
07
b1101 ;
b1101 >
1?
b1111 @
b100110100101 B
0E
#49410000
b0000000000000000100110100111 &
15
17
#49420000
b01000 1
05
07
b0010 ;
b0010 >
0?
b0000 @
b100110100110 B
1E
#49430000
b0000000000000000100110101000 &
15
17
#49440000
05
07
b1101 ;
b1101 >
1?
b1111 @
b100110100111 B
0E
#49450000
b0000000000000000100110101001 &
15
17
#49460000
b00111 1
05
07
b0011 ;
b0011 >
0?
b0000 @
b100110101000 B
1E
#49470000
b0000000000000000100110101010 &
15
17
#49480000
05
07
b1101 ;
b1101 >
1?
b1111 @
b100110101001 B
0E
#49490000
b0000000000000000100110101011 &
15
17
#49500000
b00110 1
05
07
b0100 ;
b0100 >
0?
b0000 @
b100110101010 B
1E
#49510000
b0000000000000000100110101100 &
15
17
#49520000
05
07
b1101 ;
b1101 >
1?
b1111 @
b100110101011 B
0E
#49530000
b0000000000000000100110101101 &
15
17
#49540000
b00101 1
05
07
b0101 ;
b0101 >
0?
b0000 @
b100110101100 B
1E
#49550000
b0000000000000000100110101110 &
15
17
#49560000
05
07
b1101 ;
b1101 >
1?
b1111 @
b100110101101 B
0E
#49570000
b0000000000000000100110101111 &
15
17
#49580000
b00100 1
05
07
b0110 ;
b0110 >
0?
b0000 @
b100110101110 B
1E
#49590000
b0000000000000000100110110000 &
15
17
#49600000
05
07
b1101 ;
b1101 >
1?
b1111 @
b100110101111 B
0E
#49610000
b0000000000000000100110110001 &
15
17
#49620000
b00011 1
05
07
b0111 ;
b0111 >
0?
b0000 @
b100110110000 B
1E
#49630000
b0000000000000000100110110010 &
15
17
#49640000
05
07
b1101 ;
b1101 >
1?
b1111 @
b100110110001 B
0E
#49650000
b0000000000000000100110110011 &
15
17
#49660000
b00010 1
05
07
b1000 ;
b1000 >
0?
b0000 @
b100110110010 B
1E
#49670000
b0000000000000000100110110100 &
15
17
#49680000
05
07
b1101 ;
b1101 >
1?
b1111 @
b100110110011 B
0E
#49690000
b0000000000000000100110110101 &
15
17
#49700000
b00001 1
05
07
b1001 ;
b1001 >
0?
b0000 @
b100110110100 B
1E
#49710000
b0000000000000000100110110110 &
15
17
#49720000
05
07
b1101 ;
b1101 >
1?
b1111 @
b100110110101 B
0E
#49730000
b0000000000000000100110110111 &
15
17
#49740000
b00000 1
05
07
b1010 ;
b1010 >
0?
b0000 @
b100110110110 B
1E
#49750000
b0000000000000000100110111000 &
15
17
#49760000
05
07
b1101 ;
b1101 >
1?
b1111 @
b100110110111 B
0E
#49770000
b0000000000000000100110111001 &
15
17
#49780000
b01111 2
b11111111111111101 3
05
07
b1011 ;
b1011 >
0?
b0000 @
b100110111000 B
1E
#49790000
b0000000000000000100110111010 &
15
17
#49800000
05
07
b1101 ;
b1101 >
1?
b1111 @
b100110111001 B
0E
#49810000
b0000000000000000100110111011 &
15
17
#49820000
b01110 2
b11111111111111100 3
05
07
b1100 ;
b1100 >
0?
b0000 @
b100110111010 B
1E
#49830000
b0000000000000000100110111100 &
15
17
#49840000
05
07
b1101 ;
b1101 >
1?
b1111 @
b100110111011 B
0E
#49850000
b0000000000000000100110111101 &
15
17
#49860000
b01101 2
b11111111111111011 3
05
07
0?
b0000 @
b100110111100 B
1E
#49870000
b0000000000000000100110111110 &
15
17
#49880000
05
07
1?
b1111 @
b100110111101 B
0E
#49890000
b0000000000000000100110111111 &
15
17
#49900000
b01100 2
b11111111111111010 3
05
07
b1110 ;
b1110 >
0?
b0000 @
b100110111110 B
1E
#49910000
b0000000000000000100111000000 &
15
17
#49920000
05
07
b1101 ;
b1101 >
1?
b1111 @
b100110111111 B
0E
#49930000
b0000000000000000100111000001 &
15
17
#49940000
b01011 2
b11111111111111001 3
05
07
b1111 ;
b1111 >
0?
b0000 @
b100111000000 B
1E
#49950000
b0000000000000000100111000010 &
15
17
#49960000
05
07
b1110 ;
b1110 >
1?
b1111 @
b100111000001 B
0E
#49970000
b0000000000000000100111000011 &
15
17
#49980000
b01010 2
b11111111111111000 3
05
07
b0000 ;
b0000 >
0?
b0000 @
b100111000010 B
1E
#49990000
b0000000000000000100111000100 &
15
17
#50000000
05
07
b1110 ;
b1110 >
1?
b1111 @
b100111000011 B
0E
#50010000
b0000000000000000100111000101 &
15
17
#50020000
b01001 2
b11111111111110111 3
05
07
b0001 ;
b0001 >
0?
b0000 @
b100111000100 B
1E
#50030000
b0000000000000000100111000110 &
15
17
b10 9
b00000010 <
#50040000
05
07
b1110 ;
b1110 >
1?
b1101 @
b100111000101 B
b1101 D
0E
#50050000
b0000000000000000100111000111 &
15
17
#50060000
b01000 2
b11111111111110110 3
05
07
b0010 ;
b0010 >
0?
b0000 @
b100111000110 B
b0101 D
1E
#50070000
b0000000000000000100111001000 &
15
17
#50080000
05
07
b1110 ;
b1110 >
1?
b0101 @
b100111000111 B
0E
#50090000
b0000000000000000100111001001 &
15
17
#50100000
b00111 2
b11111111111110101 3
05
07
b0011 ;
b0011 >
0?
b0000 @
b100111001000 B
1E
#50110000
b0000000000000000100111001010 &
15
17
#50120000
05
07
b1110 ;
b1110 >
1?
b0101 @
b100111001001 B
0E
#50130000
b0000000000000000100111001011 &
15
17
#50140000
b00110 2
b11111111111110100 3
05
07
b0100 ;
b0100 >
0?
b0000 @
b100111001010 B
1E
#50150000
b0000000000000000100111001100 &
15
17
#50160000
05
07
b1110 ;
b1110 >
1?
b0101 @
b100111001011 B
0E
#50170000
b0000000000000000100111001101 &
15
17
#50180000
b00101 2
b11111111111110011 3
05
07
b0101 ;
b0101 >
0?
b0000 @
b100111001100 B
1E
#50190000
b0000000000000000100111001110 &
15
17
#50200000
05
07
b1110 ;
b1110 >
1?
b0101 @
b100111001101 B
0E
#50210000
b0000000000000000100111001111 &
15
17
#50220000
b00100 2
b11111111111110010 3
05
07
b0110 ;
b0110 >
0?
b0000 @
b100111001110 B
1E
#50230000
b0000000000000000100111010000 &
15
17
#50240000
05
07
b1110 ;
b1110 >
1?
b0101 @
b100111001111 B
0E
#50250000
b0000000000000000100111010001 &
15
17
#50260000
b00011 2
b11111111111110001 3
05
07
b0111 ;
b0111 >
0?
b0000 @
b100111010000 B
1E
#50270000
b0000000000000000100111010010 &
15
17
#50280000
05
07
b1110 ;
b1110 >
1?
b0101 @
b100111010001 B
0E
#50290000
b0000000000000000100111010011 &
15
17
#50300000
b00010 2
b11111111111110000 3
05
07
b1000 ;
b1000 >
0?
b0000 @
b100111010010 B
1E
#50310000
b0000000000000000100111010100 &
15
17
#50320000
05
07
b1110 ;
b1110 >
1?
b0101 @
b100111010011 B
0E
#50330000
b0000000000000000100111010101 &
15
17
#50340000
b00001 2
b11111111111101111 3
05
07
b1001 ;
b1001 >
0?
b0000 @
b100111010100 B
1E
#50350000
b0000000000000000100111010110 &
15
17
b00 8
#50360000
00
05
07
b1110 ;
b1110 >
1?
b100111010101 B
b0000 D
0E
#50370000
b0000000000000000100111010111 &
15
17
#50380000
b10000 1
b10000 2
b00000000000000000 3
04
05
07
b1010 ;
b1010 >
0?
b100111010110 B
#50390000
b0000000000000000100111011000 &
15
17
#50400000
05
07
b1110 ;
b1110 >
b100111010111 B
#50410000
b0000000000000000100111011001 &
15
17
#50420000
05
07
b1011 ;
b1011 >
b100111011000 B
#50430000
b0000000000000000100111011010 &
15
17
#50440000
05
07
b1110 ;
b1110 >
b100111011001 B
#50450000
b0000000000000000100111011011 &
15
17
#50460000
05
07
b1100 ;
b1100 >
b100111011010 B
#50470000
b0000000000000000100111011100 &
15
17
#50480000
05
07
b1110 ;
b1110 >
b100111011011 B
#50490000
b0000000000000000100111011101 &
15
17
#50500000
05
07
b1101 ;
b1101 >
b100111011100 B
#50510000
b0000000000000000100111011110 &
15
17
#50520000
05
07
b1110 ;
b1110 >
b100111011101 B
#50530000
b0000000000000000100111011111 &
15
17
#50540000
05
07
b100111011110 B
#50550000
b0000000000000000100111100000 &
15
17
b01 8
b11 9
b00000011 <
#50560000
05
07
b100111011111 B
#50570000
b0000000000000000100111100001 &
15
17
#50580000
05
07
b1111 ;
b1111 >
b100111100000 B
#50590000
b0000000000000000100111100010 &
15
17
#50600000
05
07
b100111100001 B
#50610000
b0000000000000000100111100011 &
15
17
#50620000
05
07
b0000 ;
b0000 >
b100111100010 B
#50630000
b0000000000000000100111100100 &
15
17
b00 9
b00000000 <
#50640000
10
05
07
b1111 ;
b1111 >
b100111100011 B
#50650000
b0000000000000000100111100101 &
15
17
#50660000
05
07
b0001 ;
b0001 >
b100111100100 B
1E
#50670000
b0000000000000000100111100110 &
15
17
#50680000
05
07
b1111 ;
b1111 >
1?
b100111100101 B
0E
#50690000
b0000000000000000100111100111 &
15
17
#50700000
b01111 1
05
07
b0010 ;
b0010 >
0?
b100111100110 B
1E
#50710000
b0000000000000000100111101000 &
15
17
#50720000
05
07
b1111 ;
b1111 >
1?
b100111100111 B
0E
#50730000
b0000000000000000100111101001 &
15
17
#50740000
b01110 1
05
07
b0011 ;
b0011 >
0?
b100111101000 B
1E
#50750000
b0000000000000000100111101010 &
15
17
#50760000
05
07
b1111 ;
b1111 >
1?
b100111101001 B
0E
#50770000
b0000000000000000100111101011 &
15
17
b11 9
b00000011 <
#50780000
b01101 1
05
07
b0100 ;
b0100 >
0?
b100111101010 B
b0011 D
1E
#50790000
b0000000000000000100111101100 &
15
17
b00 9
b00000000 <
#50800000
05
07
b1111 ;
b1111 >
1?
b1100 @
b100111101011 B
b1100 D
0E
#50810000
b0000000000000000100111101101 &
15
17
#50820000
b01100 1
b00000000000011000 3
05
07
b0101 ;
b0101 >
0?
b0000 @
b100111101100 B
b0000 D
1E
#50830000
b0000000000000000100111101110 &
15
17
#50840000
05
07
b1111 ;
b1111 >
1?
b100111101101 B
0E
#50850000
b0000000000000000100111101111 &
15
17
#50860000
b01011 1
05
07
b0110 ;
b0110 >
0?
b100111101110 B
1E
#50870000
b0000000000000000100111110000 &
15
17
#50880000
05
07
b1111 ;
b1111 >
1?
b100111101111 B
0E
#50890000
b0000000000000000100111110001 &
15
17
#50900000
b01010 1
05
07
b0111 ;
b0111 >
0?
b100111110000 B
1E
#50910000
b0000000000000000100111110010 &
15
17
#50920000
05
07
b1111 ;
b1111 >
1?
b100111110001 B
0E
#50930000
b0000000000000000100111110011 &
15
17
#50940000
b01001 1
05
07
b1000 ;
b1000 >
0?
b100111110010 B
1E
#50950000
b0000000000000000100111110100 &
15
17
#50960000
05
07
b1111 ;
b1111 >
1?
b100111110011 B
0E
#50970000
b0000000000000000100111110101 &
15
17
#50980000
b01000 1
05
07
b1001 ;
b1001 >
0?
b100111110100 B
1E
#50990000
b0000000000000000100111110110 &
15
17
#51000000
05
07
b1111 ;
b1111 >
1?
b100111110101 B
0E
#51010000
b0000000000000000100111110111 &
15
17
#51020000
b00111 1
05
07
b1010 ;
b1010 >
0?
b100111110110 B
1E
#51030000
b0000000000000000100111111000 &
15
17
#51040000
05
07
b1111 ;
b1111 >
1?
b100111110111 B
0E
#51050000
b0000000000000000100111111001 &
15
17
#51060000
b00110 1
05
07
b1011 ;
b1011 >
0?
b100111111000 B
1E
#51070000
b0000000000000000100111111010 &
15
17
#51080000
05
07
b1111 ;
b1111 >
1?
b100111111001 B
0E
#51090000
b0000000000000000100111111011 &
15
17
#51100000
b00101 1
05
07
b1100 ;
b1100 >
0?
b100111111010 B
1E
#51110000
b0000000000000000100111111100 &
15
17
#51120000
05
07
b1111 ;
b1111 >
1?
b100111111011 B
0E
#51130000
b0000000000000000100111111101 &
15
17
#51140000
b00100 1
05
07
b1101 ;
b1101 >
0?
b100111111100 B
1E
#51150000
b0000000000000000100111111110 &
15
17
#51160000
05
07
b1111 ;
b1111 >
1?
b100111111101 B
0E
#51170000
b0000000000000000100111111111 &
15
17
#51180000
b00011 1
05
07
b1110 ;
b1110 >
0?
b100111111110 B
1E
#51190000
b0000000000000000101000000000 &
15
17
#51200000
05
07
b1111 ;
b1111 >
1?
b100111111111 B
0E
#51210000
b0000000000000000101000000001 &
15
17
#51220000
b00010 1
05
07
0?
b101000000000 B
1E
#51230000
b0000000000000000101000000010 &
15
17
#51240000
05
07
b0000 ;
b0000 >
1?
b101000000001 B
0E
#51250000
b0000000000000000101000000011 &
15
17
#51260000
b00001 1
05
07
0?
b101000000010 B
1E
#51270000
b0000000000000000101000000100 &
15
17
#51280000
05
07
1?
b101000000011 B
0E
#51290000
b0000000000000000101000000101 &
15
17
#51300000
b00000 1
05
07
b0001 ;
b0001 >
0?
b101000000100 B
1E
#51310000
b0000000000000000101000000110 &
15
17
#51320000
05
07
b0000 ;
b0000 >
1?
b101000000101 B
0E
#51330000
b0000000000000000101000000111 &
15
17
#51340000
b01111 2
b00000000000010111 3
05
07
b0010 ;
b0010 >
0?
b101000000110 B
1E
#51350000
b0000000000000000101000001000 &
15
17
b10 9
b00000010 <
#51360000
05
07
b0000 ;
b0000 >
1?
b0001 @
b101000000111 B
b0001 D
0E
#51370000
b0000000000000000101000001001 &
15
17
b00 9
b00000000 <
#51380000
b01110 2
b00000000000010110 3
05
07
b0011 ;
b0011 >
0?
b0000 @
b101000001000 B
b0100 D
1E
#51390000
b0000000000000000101000001010 &
15
17
#51400000
05
07
b0000 ;
b0000 >
1?
b101000001001 B
b0000 D
0E
#51410000
b0000000000000000101000001011 &
15
17
#51420000
b01101 2
b00000000000010101 3
05
07
b0100 ;
b0100 >
0?
b101000001010 B
1E
#51430000
b0000000000000000101000001100 &
15
17
b01 9
b00000001 <
#51440000
05
07
b0000 ;
b0000 >
1?
b0010 @
b101000001011 B
b0010 D
0E
#51450000
b0000000000000000101000001101 &
15
17
b00 9
b00000000 <
#51460000
b01100 2
b00000000000010100 3
05
07
b0101 ;
b0101 >
0?
b0000 @
b101000001100 B
b1000 D
1E
#51470000
b0000000000000000101000001110 &
15
17
#51480000
05
07
b0000 ;
b0000 >
1?
b101000001101 B
b0000 D
0E
#51490000
b0000000000000000101000001111 &
15
17
#51500000
b01011 2
b00000000000010011 3
05
07
b0110 ;
b0110 >
0?
b101000001110 B
1E
#51510000
b0000000000000000101000010000 &
15
17
b11 9
b00000011 <
#51520000
05
07
b0000 ;
b0000 >
1?
b0011 @
b101000001111 B
b0011 D
0E
#51530000
b0000000000000000101000010001 &
15
17
b00 9
b00000000 <
#51540000
b01010 2
b00000000000010010 3
05
07
b0111 ;
b0111 >
0?
b0000 @
b101000010000 B
b1100 D
1E
#51550000
b0000000000000000101000010010 &
15
17
#51560000
05
07
b0000 ;
b0000 >
1?
b101000010001 B
b0000 D
0E
#51570000
b0000000000000000101000010011 &
15
17
b10 9
b00000010 <
#51580000
b01001 2
b00000000000010001 3
05
07
b1000 ;
b1000 >
0?
b101000010010 B
b0001 D
1E
#51590000
b0000000000000000101000010100 &
15
17
b00 9
b00000000 <
#51600000
05
07
b0000 ;
b0000 >
1?
b0100 @
b101000010011 B
b0100 D
0E
#51610000
b0000000000000000101000010101 &
15
17
#51620000
b01000 2
b00000000000010000 3
05
07
b1001 ;
b1001 >
0?
b0000 @
b101000010100 B
b0000 D
1E
#51630000
b0000000000000000101000010110 &
15
17
#51640000
05
07
b0000 ;
b0000 >
1?
b101000010101 B
0E
#51650000
b0000000000000000101000010111 &
15
17
b10 9
b00000010 <
#51660000
b00111 2
b00000000000001111 3
05
07
b1010 ;
b1010 >
0?
b101000010110 B
b0001 D
1E
#51670000
b0000000000000000101000011000 &
15
17
#51680000
05
07
b0000 ;
b0000 >
1?
b0101 @
b101000010111 B
b0101 D
0E
#51690000
b0000000000000000101000011001 &
15
17
b00 9
b00000000 <
#51700000
b00110 2
b00000000000001110 3
05
07
b1011 ;
b1011 >
0?
b0000 @
b101000011000 B
b0100 D
1E
#51710000
b0000000000000000101000011010 &
15
17
#51720000
05
07
b0000 ;
b0000 >
1?
b101000011001 B
b0000 D
0E
#51730000
b0000000000000000101000011011 &
15
17
b10 9
b00000010 <
#51740000
b00101 2
b00000000000001101 3
05
07
b1100 ;
b1100 >
0?
b101000011010 B
b0001 D
1E
#51750000
b0000000000000000101000011100 &
15
17
b01 9
b00000001 <
#51760000
05
07
b0000 ;
b0000 >
1?
b0110 @
b101000011011 B
b0110 D
0E
#51770000
b0000000000000000101000011101 &
15
17
b00 9
b00000000 <
#51780000
b00100 2
b00000000000001100 3
05
07
b1101 ;
b1101 >
0?
b0000 @
b101000011100 B
b1000 D
1E
#51790000
b0000000000000000101000011110 &
15
17
#51800000
05
07
b0000 ;
b0000 >
1?
b101000011101 B
b0000 D
0E
#51810000
b0000000000000000101000011111 &
15
17
b10 9
b00000010 <
#51820000
b00011 2
b00000000000001011 3
05
07
b1110 ;
b1110 >
0?
b101000011110 B
b0001 D
1E
#51830000
b0000000000000000101000100000 &
15
17
b11 9
b00000011 <
#51840000
05
07
b0000 ;
b0000 >
1?
b0111 @
b101000011111 B
b0111 D
0E
#51850000
b0000000000000000101000100001 &
15
17
b00 9
b00000000 <
#51860000
b00010 2
b00000000000001010 3
05
07
b1111 ;
b1111 >
0?
b0000 @
b101000100000 B
b1100 D
1E
#51870000
b0000000000000000101000100010 &
15
17
#51880000
05
07
b0001 ;
b0001 >
1?
b101000100001 B
b0000 D
0E
#51890000
b0000000000000000101000100011 &
15
17
b01 9
b00000001 <
#51900000
b00001 2
b00000000000001001 3
05
07
b0000 ;
b0000 >
0?
b101000100010 B
b0010 D
1E
#51910000
b0000000000000000101000100100 &
15
17
b00 9
b00000000 <
#51920000
05
07
b0001 ;
b0001 >
1?
b1000 @
b101000100011 B
b1000 D
0E
#51930000
b0000000000000000101000100101 &
15
17
#51940000
b00000 2
b00000000000001000 3
05
07
0?
b0000 @
b101000100100 B
b0000 D
1E
#51950000
b0000000000000000101000100110 &
15
17
#51960000
05
07
1?
b101000100101 B
0E
#51970000
b0000000000000000101000100111 &
15
17
b01 9
b00000001 <
#51980000
1)
b00000000000000111 3
05
07
b0010 ;
b0010 >
0?
b101000100110 B
b0010 D
1E
#51990000
b0000000000000000101000101000 &
15
17
b10 9
b00000010 <
#52000000
0)
b000001100001 ,
05
07
b0001 ;
b0001 >
1?
b1001 @
b101000100111 B
b1001 D
0E
#52010000
b0000000000000000101000101001 &
15
17
b00 9
b00000000 <
#52020000
1)
b1001 *
b00000000000000110 3
05
07
b0011 ;
b0011 >
0?
b0000 @
b101000101000 B
b0100 D
1E
#52030000
b0000000000000000101000101010 &
15
17
#52040000
0)
b0000 *
b000001100010 ,
05
07
b0001 ;
b0001 >
1?
b101000101001 B
b0000 D
0E
#52050000
b0000000000000000101000101011 &
15
17
b01 9
b00000001 <
#52060000
1)
b00000000000000101 3
05
07
b0100 ;
b0100 >
0?
b101000101010 B
b0010 D
1E
#52070000
b0000000000000000101000101100 &
15
17
#52080000
0)
b000001100011 ,
05
07
b0001 ;
b0001 >
1?
b1010 @
b101000101011 B
b1010 D
0E
#52090000
b0000000000000000101000101101 &
15
17
b00 9
b00000000 <
#52100000
1)
b1010 *
b00000000000000100 3
05
07
b0101 ;
b0101 >
0?
b0000 @
b101000101100 B
b1000 D
1E
#52110000
b0000000000000000101000101110 &
15
17
#52120000
0)
b0000 *
b000001100100 ,
05
07
b0001 ;
b0001 >
1?
b101000101101 B
b0000 D
0E
#52130000
b0000000000000000101000101111 &
15
17
b01 9
b00000001 <
#52140000
1)
b00000000000000011 3
05
07
b0110 ;
b0110 >
0?
b101000101110 B
b0010 D
1E
#52150000
b0000000000000000101000110000 &
15
17
b11 9
b00000011 <
#52160000
0)
b000001100101 ,
05
07
b0001 ;
b0001 >
1?
b1011 @
b101000101111 B
b1011 D
0E
#52170000
b0000000000000000101000110001 &
15
17
b00 9
b00000000 <
#52180000
1)
b1011 *
b00000000000000010 3
05
07
b0111 ;
b0111 >
0?
b0000 @
b101000110000 B
b1100 D
1E
#52190000
b0000000000000000101000110010 &
15
17
#52200000
0)
b0000 *
b000001100110 ,
05
07
b0001 ;
b0001 >
1?
b101000110001 B
b0000 D
0E
#52210000
b0000000000000000101000110011 &
15
17
b11 9
b00000011 <
#52220000
1)
b00000000000000001 3
05
07
b1000 ;
b1000 >
0?
b101000110010 B
b0011 D
1E
#52230000
b0000000000000000101000110100 &
15
17
b00 9
b00000000 <
#52240000
0)
b000001100111 ,
05
07
b0001 ;
b0001 >
1?
b1100 @
b101000110011 B
b1100 D
0E
#52250000
b0000000000000000101000110101 &
15
17
#52260000
1)
b1100 *
b00000000000000000 3
05
07
b1001 ;
b1001 >
0?
b0000 @
b101000110100 B
b0000 D
1E
#52270000
b0000000000000000101000110110 &
15
17
#52280000
0)
b0000 *
b000001101000 ,
05
07
b0001 ;
b0001 >
1?
b101000110101 B
0E
#52290000
b0000000000000000101000110111 &
15
17
#52300000
05
07
b1010 ;
b1010 >
0?
b101000110110 B
1E
#52310000
b0000000000000000101000111000 &
15
17
#52320000
05
07
b0001 ;
b0001 >
1?
b101000110111 B
0E
#52330000
b0000000000000000101000111001 &
15
17
#52340000
05
07
b1011 ;
b1011 >
0?
b101000111000 B
1E
#52350000
b0000000000000000101000111010 &
15
17
#52360000
05
07
b0001 ;
b0001 >
1?
b101000111001 B
0E
#52370000
b0000000000000000101000111011 &
15
17
#52380000
05
07
b1100 ;
b1100 >
0?
b101000111010 B
1E
#52390000
b0000000000000000101000111100 &
15
17
#52400000
05
07
b0001 ;
b0001 >
1?
b101000111011 B
0E
#52410000
b0000000000000000101000111101 &
15
17
#52420000
05
07
b1101 ;
b1101 >
0?
b101000111100 B
1E
#52430000
b0000000000000000101000111110 &
15
17
#52440000
05
07
b0001 ;
b0001 >
1?
b101000111101 B
0E
#52450000
b0000000000000000101000111111 &
15
17
#52460000
05
07
b1110 ;
b1110 >
0?
b101000111110 B
1E
#52470000
b0000000000000000101001000000 &
15
17
#52480000
05
07
b0001 ;
b0001 >
1?
b101000111111 B
0E
#52490000
b0000000000000000101001000001 &
15
17
#52500000
05
07
b1111 ;
b1111 >
0?
b101001000000 B
1E
#52510000
b0000000000000000101001000010 &
15
17
#52520000
05
07
b0010 ;
b0010 >
1?
b101001000001 B
0E
#52530000
b0000000000000000101001000011 &
15
17
#52540000
05
07
b0000 ;
b0000 >
0?
b101001000010 B
1E
#52550000
b0000000000000000101001000100 &
15
17
b00 8
#52560000
00
05
07
b0010 ;
b0010 >
1?
b101001000011 B
0E
#52570000
b0000000000000000101001000101 &
15
17
#52580000
b10000 1
b10000 2
05
07
b0001 ;
b0001 >
0?
b101001000100 B
#52590000
b0000000000000000101001000110 &
15
17
#52600000
05
07
b0010 ;
b0010 >
b101001000101 B
#52610000
b0000000000000000101001000111 &
15
17
#52620000
05
07
b101001000110 B
#52630000
b0000000000000000101001001000 &
15
17
#52640000
05
07
b101001000111 B
#52650000
b0000000000000000101001001001 &
15
17
#52660000
05
07
b0011 ;
b0011 >
b101001001000 B
#52670000
b0000000000000000101001001010 &
15
17
#52680000
05
07
b0010 ;
b0010 >
b101001001001 B
#52690000
b0000000000000000101001001011 &
15
17
#52700000
05
07
b0100 ;
b0100 >
b101001001010 B
#52710000
b0000000000000000101001001100 &
15
17
#52720000
05
07
b0010 ;
b0010 >
b101001001011 B
#52730000
b0000000000000000101001001101 &
15
17
#52740000
05
07
b0101 ;
b0101 >
b101001001100 B
#52750000
b0000000000000000101001001110 &
15
17
#52760000
05
07
b0010 ;
b0010 >
b101001001101 B
#52770000
b0000000000000000101001001111 &
15
17
#52780000
05
07
b0110 ;
b0110 >
b101001001110 B
#52790000
b0000000000000000101001010000 &
15
17
#52800000
05
07
b0010 ;
b0010 >
b101001001111 B
#52810000
b0000000000000000101001010001 &
15
17
#52820000
05
07
b0111 ;
b0111 >
b101001010000 B
#52830000
b0000000000000000101001010010 &
15
17
#52840000
05
07
b0010 ;
b0010 >
b101001010001 B
#52850000
b0000000000000000101001010011 &
15
17
#52860000
05
07
b1000 ;
b1000 >
b101001010010 B
#52870000
b0000000000000000101001010100 &
15
17
#52880000
05
07
b0010 ;
b0010 >
b101001010011 B
#52890000
b0000000000000000101001010101 &
15
17
#52900000
05
07
b1001 ;
b1001 >
b101001010100 B
#52910000
b0000000000000000101001010110 &
15
17
#52920000
05
07
b0010 ;
b0010 >
b101001010101 B
#52930000
b0000000000000000101001010111 &
15
17
#52940000
05
07
b1010 ;
b1010 >
b101001010110 B
#52950000
b0000000000000000101001011000 &
15
17
#52960000
05
07
b0010 ;
b0010 >
b101001010111 B
#52970000
b0000000000000000101001011001 &
15
17
#52980000
05
07
b1011 ;
b1011 >
b101001011000 B
#52990000
b0000000000000000101001011010 &
15
17
#53000000
05
07
b0010 ;
b0010 >
b101001011001 B
#53010000
b0000000000000000101001011011 &
15
17
#53020000
05
07
b1100 ;
b1100 >
b101001011010 B
#53030000
b0000000000000000101001011100 &
15
17
#53040000
05
07
b0010 ;
b0010 >
b101001011011 B
#53050000
b0000000000000000101001011101 &
15
17
#53060000
05
07
b1101 ;
b1101 >
b101001011100 B
#53070000
b0000000000000000101001011110 &
15
17
b01 8
b11 9
b00000011 <
#53080000
05
07
b0010 ;
b0010 >
b101001011101 B
#53090000
b0000000000000000101001011111 &
15
17
#53100000
05
07
b1110 ;
b1110 >
b101001011110 B
#53110000
b0000000000000000101001100000 &
15
17
#53120000
05
07
b0010 ;
b0010 >
b101001011111 B
#53130000
b0000000000000000101001100001 &
15
17
#53140000
05
07
b1111 ;
b1111 >
b101001100000 B
#53150000
b0000000000000000101001100010 &
15
17
b00 9
b00000000 <
#53160000
10
05
07
b0011 ;
b0011 >
b101001100001 B
#53170000
b0000000000000000101001100011 &
15
17
b11 9
b00000011 <
#53180000
05
07
b0000 ;
b0000 >
b101001100010 B
b0011 D
1E
#53190000
b0000000000000000101001100100 &
15
17
#53200000
05
07
b0011 ;
b0011 >
1?
b1111 @
b101001100011 B
b1111 D
0E
#53210000
b0000000000000000101001100101 &
15
17
#53220000
b01111 1
b00000000000011110 3
05
07
b0001 ;
b0001 >
0?
b0000 @
b101001100100 B
1E
#53230000
b0000000000000000101001100110 &
15
17
#53240000
05
07
b0011 ;
b0011 >
1?
b1111 @
b101001100101 B
0E
#53250000
b0000000000000000101001100111 &
15
17
#53260000
b01110 1
b00000000111111110 3
05
07
b0010 ;
b0010 >
0?
b0000 @
b101001100110 B
1E
#53270000
b0000000000000000101001101000 &
15
17
#53280000
05
07
b0011 ;
b0011 >
1?
b1111 @
b101001100111 B
0E
#53290000
b0000000000000000101001101001 &
15
17
#53300000
b01101 1
b00001111111111110 3
05
07
0?
b0000 @
b101001101000 B
1E
#53310000
b0000000000000000101001101010 &
15
17
#53320000
05
07
1?
b1111 @
b101001101001 B
0E
#53330000
b0000000000000000101001101011 &
15
17
#53340000
b01100 1
b11111111111111110 3
05
07
b0100 ;
b0100 >
0?
b0000 @
b101001101010 B
1E
#53350000
b0000000000000000101001101100 &
15
17
#53360000
05
07
b0011 ;
b0011 >
1?
b1111 @
b101001101011 B
0E
#53370000
b0000000000000000101001101101 &
15
17
#53380000
b01011 1
14
05
07
b0101 ;
b0101 >
0?
b0000 @
b101001101100 B
1E
#53390000
b0000000000000000101001101110 &
15
17
#53400000
05
07
b0011 ;
b0011 >
1?
b1111 @
b101001101101 B
0E
#53410000
b0000000000000000101001101111 &
15
17
#53420000
b01010 1
05
07
b0110 ;
b0110 >
0?
b0000 @
b101001101110 B
1E
#53430000
b0000000000000000101001110000 &
15
17
#53440000
05
07
b0011 ;
b0011 >
1?
b1111 @
b101001101111 B
0E
#53450000
b0000000000000000101001110001 &
15
17
#53460000
b01001 1
05
07
b0111 ;
b0111 >
0?
b0000 @
b101001110000 B
1E
#53470000
b0000000000000000101001110010 &
15
17
#53480000
05
07
b0011 ;
b0011 >
1?
b1111 @
b101001110001 B
0E
#53490000
b0000000000000000101001110011 &
15
17
#53500000
b01000 1
05
07
b1000 ;
b1000 >
0?
b0000 @
b101001110010 B
1E
#53510000
b0000000000000000101001110100 &
15
17
#53520000
05
07
b0011 ;
b0011 >
1?
b1111 @
b101001110011 B
0E
#53530000
b0000000000000000101001110101 &
15
17
#53540000
b00111 1
05
07
b1001 ;
b1001 >
0?
b0000 @
b101001110100 B
1E
#53550000
b0000000000000000101001110110 &
15
17
#53560000
05
07
b0011 ;
b0011 >
1?
b1111 @
b101001110101 B
0E
#53570000
b0000000000000000101001110111 &
15
17
#53580000
b00110 1
05
07
b1010 ;
b1010 >
0?
b0000 @
b101001110110 B
1E
#53590000
b0000000000000000101001111000 &
15
17
#53600000
05
07
b0011 ;
b0011 >
1?
b1111 @
b101001110111 B
0E
#53610000
b0000000000000000101001111001 &
15
17
#53620000
b00101 1
05
07
b1011 ;
b1011 >
0?
b0000 @
b101001111000 B
1E
#53630000
b0000000000000000101001111010 &
15
17
#53640000
05
07
b0011 ;
b0011 >
1?
b1111 @
b101001111001 B
0E
#53650000
b0000000000000000101001111011 &
15
17
#53660000
b00100 1
05
07
b1100 ;
b1100 >
0?
b0000 @
b101001111010 B
1E
#53670000
b0000000000000000101001111100 &
15
17
#53680000
05
07
b0011 ;
b0011 >
1?
b1111 @
b101001111011 B
0E
#53690000
b0000000000000000101001111101 &
15
17
#53700000
b00011 1
05
07
b1101 ;
b1101 >
0?
b0000 @
b101001111100 B
1E
#53710000
b0000000000000000101001111110 &
15
17
#53720000
05
07
b0011 ;
b0011 >
1?
b1111 @
b101001111101 B
0E
#53730000
b0000000000000000101001111111 &
15
17
#53740000
b00010 1
05
07
b1110 ;
b1110 >
0?
b0000 @
b101001111110 B
1E
#53750000
b0000000000000000101010000000 &
15
17
#53760000
05
07
b0011 ;
b0011 >
1?
b1111 @
b101001111111 B
0E
#53770000
b0000000000000000101010000001 &
15
17
#53780000
b00001 1
05
07
b1111 ;
b1111 >
0?
b0000 @
b101010000000 B
1E
#53790000
b0000000000000000101010000010 &
15
17
#53800000
05
07
b0100 ;
b0100 >
1?
b1111 @
b101010000001 B
0E
#53810000
b0000000000000000101010000011 &
15
17
#53820000
b00000 1
05
07
b0000 ;
b0000 >
0?
b0000 @
b101010000010 B
1E
#53830000
b0000000000000000101010000100 &
15
17
#53840000
05
07
b0100 ;
b0100 >
1?
b1111 @
b101010000011 B
0E
#53850000
b0000000000000000101010000101 &
15
17
#53860000
b01111 2
b11111111111111101 3
05
07
b0001 ;
b0001 >
0?
b0000 @
b101010000100 B
1E
#53870000
b0000000000000000101010000110 &
15
17
#53880000
05
07
b0100 ;
b0100 >
1?
b1111 @
b101010000101 B
0E
#53890000
b0000000000000000101010000111 &
15
17
#53900000
b01110 2
b11111111111111100 3
05
07
b0010 ;
b0010 >
0?
b0000 @
b101010000110 B
1E
#53910000
b0000000000000000101010001000 &
15
17
#53920000
05
07
b0100 ;
b0100 >
1?
b1111 @
b101010000111 B
0E
#53930000
b0000000000000000101010001001 &
15
17
#53940000
b01101 2
b11111111111111011 3
05
07
b0011 ;
b0011 >
0?
b0000 @
b101010001000 B
1E
#53950000
b0000000000000000101010001010 &
15
17
#53960000
05
07
b0100 ;
b0100 >
1?
b1111 @
b101010001001 B
0E
#53970000
b0000000000000000101010001011 &
15
17
#53980000
b01100 2
b11111111111111010 3
05
07
0?
b0000 @
b101010001010 B
1E
#53990000
b0000000000000000101010001100 &
15
17
#54000000
05
07
1?
b1111 @
b101010001011 B
0E
#54010000
b0000000000000000101010001101 &
15
17
#54020000
b01011 2
b11111111111111001 3
05
07
b0101 ;
b0101 >
0?
b0000 @
b101010001100 B
1E
#54030000
b0000000000000000101010001110 &
15
17
#54040000
05
07
b0100 ;
b0100 >
1?
b1111 @
b101010001101 B
0E
#54050000
b0000000000000000101010001111 &
15
17
#54060000
b01010 2
b11111111111111000 3
05
07
b0110 ;
b0110 >
0?
b0000 @
b101010001110 B
1E
#54070000
b0000000000000000101010010000 &
15
17
#54080000
05
07
b0100 ;
b0100 >
1?
b1111 @
b101010001111 B
0E
#54090000
b0000000000000000101010010001 &
15
17
#54100000
b01001 2
b11111111111110111 3
05
07
b0111 ;
b0111 >
0?
b0000 @
b101010010000 B
1E
#54110000
b0000000000000000101010010010 &
15
17
b10 9
b00000010 <
#54120000
05
07
b0100 ;
b0100 >
1?
b1101 @
b101010010001 B
b1101 D
0E
#54130000
b0000000000000000101010010011 &
15
17
#54140000
b01000 2
b11111111111110110 3
05
07
b1000 ;
b1000 >
0?
b0000 @
b101010010010 B
b0101 D
1E
#54150000
b0000000000000000101010010100 &
15
17
#54160000
05
07
b0100 ;
b0100 >
1?
b0101 @
b101010010011 B
0E
#54170000
b0000000000000000101010010101 &
15
17
#54180000
b00111 2
b11111111111110101 3
05
07
b1001 ;
b1001 >
0?
b0000 @
b101010010100 B
1E
#54190000
b0000000000000000101010010110 &
15
17
#54200000
05
07
b0100 ;
b0100 >
1?
b0101 @
b101010010101 B
0E
#54210000
b0000000000000000101010010111 &
15
17
#54220000
b00110 2
b11111111111110100 3
05
07
b1010 ;
b1010 >
0?
b0000 @
b101010010110 B
1E
#54230000
b0000000000000000101010011000 &
15
17
#54240000
05
07
b0100 ;
b0100 >
1?
b0101 @
b101010010111 B
0E
#54250000
b0000000000000000101010011001 &
15
17
#54260000
b00101 2
b11111111111110011 3
05
07
b1011 ;
b1011 >
0?
b0000 @
b101010011000 B
1E
#54270000
b0000000000000000101010011010 &
15
17
#54280000
05
07
b0100 ;
b0100 >
1?
b0101 @
b101010011001 B
0E
#54290000
b0000000000000000101010011011 &
15
17
#54300000
b00100 2
b11111111111110010 3
05
07
b1100 ;
b1100 >
0?
b0000 @
b101010011010 B
1E
#54310000
b0000000000000000101010011100 &
15
17
#54320000
05
07
b0100 ;
b0100 >
1?
b0101 @
b101010011011 B
0E
#54330000
b0000000000000000101010011101 &
15
17
#54340000
b00011 2
b11111111111110001 3
05
07
b1101 ;
b1101 >
0?
b0000 @
b101010011100 B
1E
#54350000
b0000000000000000101010011110 &
15
17
#54360000
05
07
b0100 ;
b0100 >
1?
b0101 @
b101010011101 B
0E
#54370000
b0000000000000000101010011111 &
15
17
#54380000
b00010 2
b11111111111110000 3
05
07
b1110 ;
b1110 >
0?
b0000 @
b101010011110 B
1E
#54390000
b0000000000000000101010100000 &
15
17
#54400000
05
07
b0100 ;
b0100 >
1?
b0101 @
b101010011111 B
0E
#54410000
b0000000000000000101010100001 &
15
17
#54420000
b00001 2
b11111111111101111 3
05
07
b1111 ;
b1111 >
0?
b0000 @
b101010100000 B
1E
#54430000
b0000000000000000101010100010 &
15
17
b00 8
#54440000
00
05
07
b0101 ;
b0101 >
1?
b101010100001 B
b0000 D
0E
#54450000
b0000000000000000101010100011 &
15
17
#54460000
b10000 1
b10000 2
b00000000000000000 3
04
05
07
b0000 ;
b0000 >
0?
b101010100010 B
#54470000
b0000000000000000101010100100 &
15
17
#54480000
05
07
b0101 ;
b0101 >
b101010100011 B
#54490000
b0000000000000000101010100101 &
15
17
#54500000
05
07
b0001 ;
b0001 >
b101010100100 B
#54510000
b0000000000000000101010100110 &
15
17
#54520000
05
07
b0101 ;
b0101 >
b101010100101 B
#54530000
b0000000000000000101010100111 &
15
17
#54540000
05
07
b0010 ;
b0010 >
b101010100110 B
#54550000
b0000000000000000101010101000 &
15
17
#54560000
05
07
b0101 ;
b0101 >
b101010100111 B
#54570000
b0000000000000000101010101001 &
15
17
#54580000
05
07
b0011 ;
b0011 >
b101010101000 B
#54590000
b0000000000000000101010101010 &
15
17
#54600000
05
07
b0101 ;
b0101 >
b101010101001 B
#54610000
b0000000000000000101010101011 &
15
17
#54620000
05
07
b0100 ;
b0100 >
b101010101010 B
#54630000
b0000000000000000101010101100 &
15
17
b01 8
b11 9
b00000011 <
#54640000
05
07
b0101 ;
b0101 >
b101010101011 B
#54650000
b0000000000000000101010101101 &
15
17
#54660000
05
07
b101010101100 B
#54670000
b0000000000000000101010101110 &
15
17
#54680000
05
07
b101010101101 B
#54690000
b0000000000000000101010101111 &
15
17
#54700000
05
07
b0110 ;
b0110 >
b101010101110 B
#54710000
b0000000000000000101010110000 &
15
17
b00 9
b00000000 <
#54720000
10
05
07
b0101 ;
b0101 >
b101010101111 B
#54730000
b0000000000000000101010110001 &
15
17
#54740000
05
07
b0111 ;
b0111 >
b101010110000 B
1E
#54750000
b0000000000000000101010110010 &
15
17
#54760000
05
07
b0101 ;
b0101 >
1?
b101010110001 B
0E
#54770000
b0000000000000000101010110011 &
15
17
#54780000
b01111 1
05
07
b1000 ;
b1000 >
0?
b101010110010 B
1E
#54790000
b0000000000000000101010110100 &
15
17
#54800000
05
07
b0101 ;
b0101 >
1?
b101010110011 B
0E
#54810000
b0000000000000000101010110101 &
15
17
#54820000
b01110 1
05
07
b1001 ;
b1001 >
0?
b101010110100 B
1E
#54830000
b0000000000000000101010110110 &
15
17
#54840000
05
07
b0101 ;
b0101 >
1?
b101010110101 B
0E
#54850000
b0000000000000000101010110111 &
15
17
b11 9
b00000011 <
#54860000
b01101 1
05
07
b1010 ;
b1010 >
0?
b101010110110 B
b0011 D
1E
#54870000
b0000000000000000101010111000 &
15
17
b00 9
b00000000 <
#54880000
05
07
b0101 ;
b0101 >
1?
b1100 @
b101010110111 B
b1100 D
0E
#54890000
b0000000000000000101010111001 &
15
17
#54900000
b01100 1
b00000000000011000 3
05
07
b1011 ;
b1011 >
0?
b0000 @
b101010111000 B
b0000 D
1E
#54910000
b0000000000000000101010111010 &
15
17
#54920000
05
07
b0101 ;
b0101 >
1?
b101010111001 B
0E
#54930000
b0000000000000000101010111011 &
15
17
#54940000
b01011 1
05
07
b1100 ;
b1100 >
0?
b101010111010 B
1E
#54950000
b0000000000000000101010111100 &
15
17
#54960000
05
07
b0101 ;
b0101 >
1?
b101010111011 B
0E
#54970000
b0000000000000000101010111101 &
15
17
#54980000
b01010 1
05
07
b1101 ;
b1101 >
0?
b101010111100 B
1E
#54990000
b0000000000000000101010111110 &
15
17
#55000000
05
07
b0101 ;
b0101 >
1?
b101010111101 B
0E
#55010000
b0000000000000000101010111111 &
15
17
#55020000
b01001 1
05
07
b1110 ;
b1110 >
0?
b101010111110 B
1E
#55030000
b0000000000000000101011000000 &
15
17
#55040000
05
07
b0101 ;
b0101 >
1?
b101010111111 B
0E
#55050000
b0000000000000000101011000001 &
15
17
#55060000
b01000 1
05
07
b1111 ;
b1111 >
0?
b101011000000 B
1E
#55070000
b0000000000000000101011000010 &
15
17
#55080000
05
07
b0110 ;
b0110 >
1?
b101011000001 B
0E
#55090000
b0000000000000000101011000011 &
15
17
#55100000
b00111 1
05
07
b0000 ;
b0000 >
0?
b101011000010 B
1E
#55110000
b0000000000000000101011000100 &
15
17
#55120000
05
07
b0110 ;
b0110 >
1?
b101011000011 B
0E
#55130000
b0000000000000000101011000101 &
15
17
#55140000
b00110 1
05
07
b0001 ;
b0001 >
0?
b101011000100 B
1E
#55150000
b0000000000000000101011000110 &
15
17
#55160000
05
07
b0110 ;
b0110 >
1?
b101011000101 B
0E
#55170000
b0000000000000000101011000111 &
15
17
#55180000
b00101 1
05
07
b0010 ;
b0010 >
0?
b101011000110 B
1E
#55190000
b0000000000000000101011001000 &
15
17
#55200000
05
07
b0110 ;
b0110 >
1?
b101011000111 B
0E
#55210000
b0000000000000000101011001001 &
15
17
#55220000
b00100 1
05
07
b0011 ;
b0011 >
0?
b101011001000 B
1E
#55230000
b0000000000000000101011001010 &
15
17
#55240000
05
07
b0110 ;
b0110 >
1?
b101011001001 B
0E
#55250000
b0000000000000000101011001011 &
15
17
#55260000
b00011 1
05
07
b0100 ;
b0100 >
0?
b101011001010 B
1E
#55270000
b0000000000000000101011001100 &
15
17
#55280000
05
07
b0110 ;
b0110 >
1?
b101011001011 B
0E
#55290000
b0000000000000000101011001101 &
15
17
#55300000
b00010 1
05
07
b0101 ;
b0101 >
0?
b101011001100 B
1E
#55310000
b0000000000000000101011001110 &
15
17
#55320000
05
07
b0110 ;
b0110 >
1?
b101011001101 B
0E
#55330000
b0000000000000000101011001111 &
15
17
#55340000
b00001 1
05
07
0?
b101011001110 B
1E
#55350000
b0000000000000000101011010000 &
15
17
#55360000
05
07
1?
b101011001111 B
0E
#55370000
b0000000000000000101011010001 &
15
17
#55380000
b00000 1
05
07
b0111 ;
b0111 >
0?
b101011010000 B
1E
#55390000
b0000000000000000101011010010 &
15
17
#55400000
05
07
b0110 ;
b0110 >
1?
b101011010001 B
0E
#55410000
b0000000000000000101011010011 &
15
17
#55420000
b01111 2
b00000000000010111 3
05
07
b1000 ;
b1000 >
0?
b101011010010 B
1E
#55430000
b0000000000000000101011010100 &
15
17
b10 9
b00000010 <
#55440000
05
07
b0110 ;
b0110 >
1?
b0001 @
b101011010011 B
b0001 D
0E
#55450000
b0000000000000000101011010101 &
15
17
b00 9
b00000000 <
#55460000
b01110 2
b00000000000010110 3
05
07
b1001 ;
b1001 >
0?
b0000 @
b101011010100 B
b0100 D
1E
#55470000
b0000000000000000101011010110 &
15
17
#55480000
05
07
b0110 ;
b0110 >
1?
b101011010101 B
b0000 D
0E
#55490000
b0000000000000000101011010111 &
15
17
#55500000
b01101 2
b00000000000010101 3
05
07
b1010 ;
b1010 >
0?
b101011010110 B
1E
#55510000
b0000000000000000101011011000 &
15
17
b01 9
b00000001 <
#55520000
05
07
b0110 ;
b0110 >
1?
b0010 @
b101011010111 B
b0010 D
0E
#55530000
b0000000000000000101011011001 &
15
17
b00 9
b00000000 <
#55540000
b01100 2
b00000000000010100 3
05
07
b1011 ;
b1011 >
0?
b0000 @
b101011011000 B
b1000 D
1E
#55550000
b0000000000000000101011011010 &
15
17
#55560000
05
07
b0110 ;
b0110 >
1?
b101011011001 B
b0000 D
0E
#55570000
b0000000000000000101011011011 &
15
17
#55580000
b01011 2
b00000000000010011 3
05
07
b1100 ;
b1100 >
0?
b101011011010 B
1E
#55590000
b0000000000000000101011011100 &
15
17
b11 9
b00000011 <
#55600000
05
07
b0110 ;
b0110 >
1?
b0011 @
b101011011011 B
b0011 D
0E
#55610000
b0000000000000000101011011101 &
15
17
b00 9
b00000000 <
#55620000
b01010 2
b00000000000010010 3
05
07
b1101 ;
b1101 >
0?
b0000 @
b101011011100 B
b1100 D
1E
#55630000
b0000000000000000101011011110 &
15
17
#55640000
05
07
b0110 ;
b0110 >
1?
b101011011101 B
b0000 D
0E
#55650000
b0000000000000000101011011111 &
15
17
b10 9
b00000010 <
#55660000
b01001 2
b00000000000010001 3
05
07
b1110 ;
b1110 >
0?
b101011011110 B
b0001 D
1E
#55670000
b0000000000000000101011100000 &
15
17
b00 9
b00000000 <
#55680000
05
07
b0110 ;
b0110 >
1?
b0100 @
b101011011111 B
b0100 D
0E
#55690000
b0000000000000000101011100001 &
15
17
#55700000
b01000 2
b00000000000010000 3
05
07
b1111 ;
b1111 >
0?
b0000 @
b101011100000 B
b0000 D
1E
#55710000
b0000000000000000101011100010 &
15
17
#55720000
05
07
b0111 ;
b0111 >
1?
b101011100001 B
0E
#55730000
b0000000000000000101011100011 &
15
17
b10 9
b00000010 <
#55740000
b00111 2
b00000000000001111 3
05
07
b0000 ;
b0000 >
0?
b101011100010 B
b0001 D
1E
#55750000
b0000000000000000101011100100 &
15
17
#55760000
05
07
b0111 ;
b0111 >
1?
b0101 @
b101011100011 B
b0101 D
0E
#55770000
b0000000000000000101011100101 &
15
17
b00 9
b00000000 <
#55780000
b00110 2
b00000000000001110 3
05
07
b0001 ;
b0001 >
0?
b0000 @
b101011100100 B
b0100 D
1E
#55790000
b0000000000000000101011100110 &
15
17
#55800000
05
07
b0111 ;
b0111 >
1?
b101011100101 B
b0000 D
0E
#55810000
b0000000000000000101011100111 &
15
17
b10 9
b00000010 <
#55820000
b00101 2
b00000000000001101 3
05
07
b0010 ;
b0010 >
0?
b101011100110 B
b0001 D
1E
#55830000
b0000000000000000101011101000 &
15
17
b01 9
b00000001 <
#55840000
05
07
b0111 ;
b0111 >
1?
b0110 @
b101011100111 B
b0110 D
0E
#55850000
b0000000000000000101011101001 &
15
17
b00 9
b00000000 <
#55860000
b00100 2
b00000000000001100 3
05
07
b0011 ;
b0011 >
0?
b0000 @
b101011101000 B
b1000 D
1E
#55870000
b0000000000000000101011101010 &
15
17
#55880000
05
07
b0111 ;
b0111 >
1?
b101011101001 B
b0000 D
0E
#55890000
b0000000000000000101011101011 &
15
17
b10 9
b00000010 <
#55900000
b00011 2
b00000000000001011 3
05
07
b0100 ;
b0100 >
0?
b101011101010 B
b0001 D
1E
#55910000
b0000000000000000101011101100 &
15
17
b11 9
b00000011 <
#55920000
05
07
b0111 ;
b0111 >
1?
b0111 @
b101011101011 B
b0111 D
0E
#55930000
b0000000000000000101011101101 &
15
17
b00 9
b00000000 <
#55940000
b00010 2
b00000000000001010 3
05
07
b0101 ;
b0101 >
0?
b0000 @
b101011101100 B
b1100 D
1E
#55950000
b0000000000000000101011101110 &
15
17
#55960000
05
07
b0111 ;
b0111 >
1?
b101011101101 B
b0000 D
0E
#55970000
b0000000000000000101011101111 &
15
17
b01 9
b00000001 <
#55980000
b00001 2
b00000000000001001 3
05
07
b0110 ;
b0110 >
0?
b101011101110 B
b0010 D
1E
#55990000
b0000000000000000101011110000 &
15
17
b00 9
b00000000 <
#56000000
05
07
b0111 ;
b0111 >
1?
b1000 @
b101011101111 B
b1000 D
0E
#56010000
b0000000000000000101011110001 &
15
17
#56020000
b00000 2
b00000000000001000 3
05
07
0?
b0000 @
b101011110000 B
b0000 D
1E
#56030000
b0000000000000000101011110010 &
15
17
#56040000
05
07
1?
b101011110001 B
0E
#56050000
b0000000000000000101011110011 &
15
17
b01 9
b00000001 <
#56060000
1)
b00000000000000111 3
05
07
b1000 ;
b1000 >
0?
b101011110010 B
b0010 D
1E
#56070000
b0000000000000000101011110100 &
15
17
b10 9
b00000010 <
#56080000
0)
b000001101001 ,
05
07
b0111 ;
b0111 >
1?
b1001 @
b101011110011 B
b1001 D
0E
#56090000
b0000000000000000101011110101 &
15
17
b00 9
b00000000 <
#56100000
1)
b1001 *
b00000000000000110 3
05
07
b1001 ;
b1001 >
0?
b0000 @
b101011110100 B
b0100 D
1E
#56110000
b0000000000000000101011110110 &
15
17
#56120000
0)
b0000 *
b000001101010 ,
05
07
b0111 ;
b0111 >
1?
b101011110101 B
b0000 D
0E
#56130000
b0000000000000000101011110111 &
15
17
b01 9
b00000001 <
#56140000
1)
b00000000000000101 3
05
07
b1010 ;
b1010 >
0?
b101011110110 B
b0010 D
1E
#56150000
b0000000000000000101011111000 &
15
17
#56160000
0)
b000001101011 ,
05
07
b0111 ;
b0111 >
1?
b1010 @
b101011110111 B
b1010 D
0E
#56170000
b0000000000000000101011111001 &
15
17
b00 9
b00000000 <
#56180000
1)
b1010 *
b00000000000000100 3
05
07
b1011 ;
b1011 >
0?
b0000 @
b101011111000 B
b1000 D
1E
#56190000
b0000000000000000101011111010 &
15
17
#56200000
0)
b0000 *
b000001101100 ,
05
07
b0111 ;
b0111 >
1?
b101011111001 B
b0000 D
0E
#56210000
b0000000000000000101011111011 &
15
17
b01 9
b00000001 <
#56220000
1)
b00000000000000011 3
05
07
b1100 ;
b1100 >
0?
b101011111010 B
b0010 D
1E
#56230000
b0000000000000000101011111100 &
15
17
b11 9
b00000011 <
#56240000
0)
b000001101101 ,
05
07
b0111 ;
b0111 >
1?
b1011 @
b101011111011 B
b1011 D
0E
#56250000
b0000000000000000101011111101 &
15
17
b00 9
b00000000 <
#56260000
1)
b1011 *
b00000000000000010 3
05
07
b1101 ;
b1101 >
0?
b0000 @
b101011111100 B
b1100 D
1E
#56270000
b0000000000000000101011111110 &
15
17
#56280000
0)
b0000 *
b000001101110 ,
05
07
b0111 ;
b0111 >
1?
b101011111101 B
b0000 D
0E
#56290000
b0000000000000000101011111111 &
15
17
b11 9
b00000011 <
#56300000
1)
b00000000000000001 3
05
07
b1110 ;
b1110 >
0?
b101011111110 B
b0011 D
1E
#56310000
b0000000000000000101100000000 &
15
17
b00 9
b00000000 <
#56320000
0)
b000001101111 ,
05
07
b0111 ;
b0111 >
1?
b1100 @
b101011111111 B
b1100 D
0E
#56330000
b0000000000000000101100000001 &
15
17
#56340000
1)
b1100 *
b00000000000000000 3
05
07
b1111 ;
b1111 >
0?
b0000 @
b101100000000 B
b0000 D
1E
#56350000
b0000000000000000101100000010 &
15
17
#56360000
0)
b0000 *
b000001110000 ,
05
07
b1000 ;
b1000 >
1?
b101100000001 B
0E
#56370000
b0000000000000000101100000011 &
15
17
#56380000
05
07
b0000 ;
b0000 >
0?
b101100000010 B
1E
#56390000
b0000000000000000101100000100 &
15
17
#56400000
05
07
b1000 ;
b1000 >
1?
b101100000011 B
0E
#56410000
b0000000000000000101100000101 &
15
17
#56420000
05
07
b0001 ;
b0001 >
0?
b101100000100 B
1E
#56430000
b0000000000000000101100000110 &
15
17
#56440000
05
07
b1000 ;
b1000 >
1?
b101100000101 B
0E
#56450000
b0000000000000000101100000111 &
15
17
#56460000
05
07
b0010 ;
b0010 >
0?
b101100000110 B
1E
#56470000
b0000000000000000101100001000 &
15
17
#56480000
05
07
b1000 ;
b1000 >
1?
b101100000111 B
0E
#56490000
b0000000000000000101100001001 &
15
17
#56500000
05
07
b0011 ;
b0011 >
0?
b101100001000 B
1E
#56510000
b0000000000000000101100001010 &
15
17
#56520000
05
07
b1000 ;
b1000 >
1?
b101100001001 B
0E
#56530000
b0000000000000000101100001011 &
15
17
#56540000
05
07
b0100 ;
b0100 >
0?
b101100001010 B
1E
#56550000
b0000000000000000101100001100 &
15
17
#56560000
05
07
b1000 ;
b1000 >
1?
b101100001011 B
0E
#56570000
b0000000000000000101100001101 &
15
17
#56580000
05
07
b0101 ;
b0101 >
0?
b101100001100 B
1E
#56590000
b0000000000000000101100001110 &
15
17
#56600000
05
07
b1000 ;
b1000 >
1?
b101100001101 B
0E
#56610000
b0000000000000000101100001111 &
15
17
#56620000
05
07
b0110 ;
b0110 >
0?
b101100001110 B
1E
#56630000
b0000000000000000101100010000 &
15
17
b00 8
#56640000
00
05
07
b1000 ;
b1000 >
1?
b101100001111 B
0E
#56650000
b0000000000000000101100010001 &
15
17
#56660000
b10000 1
b10000 2
05
07
b0111 ;
b0111 >
0?
b101100010000 B
#56670000
b0000000000000000101100010010 &
15
17
#56680000
05
07
b1000 ;
b1000 >
b101100010001 B
#56690000
b0000000000000000101100010011 &
15
17
#56700000
05
07
b101100010010 B
#56710000
b0000000000000000101100010100 &
15
17
#56720000
05
07
b101100010011 B
#56730000
b0000000000000000101100010101 &
15
17
#56740000
05
07
b1001 ;
b1001 >
b101100010100 B
#56750000
b0000000000000000101100010110 &
15
17
#56760000
05
07
b1000 ;
b1000 >
b101100010101 B
#56770000
b0000000000000000101100010111 &
15
17
#56780000
05
07
b1010 ;
b1010 >
b101100010110 B
#56790000
b0000000000000000101100011000 &
15
17
#56800000
05
07
b1000 ;
b1000 >
b101100010111 B
#56810000
b0000000000000000101100011001 &
15
17
#56820000
05
07
b1011 ;
b1011 >
b101100011000 B
#56830000
b0000000000000000101100011010 &
15
17
#56840000
05
07
b1000 ;
b1000 >
b101100011001 B
#56850000
b0000000000000000101100011011 &
15
17
#56860000
05
07
b1100 ;
b1100 >
b101100011010 B
#56870000
b0000000000000000101100011100 &
15
17
#56880000
05
07
b1000 ;
b1000 >
b101100011011 B
#56890000
b0000000000000000101100011101 &
15
17
#56900000
05
07
b1101 ;
b1101 >
b101100011100 B
#56910000
b0000000000000000101100011110 &
15
17
#56920000
05
07
b1000 ;
b1000 >
b101100011101 B
#56930000
b0000000000000000101100011111 &
15
17
#56940000
05
07
b1110 ;
b1110 >
b101100011110 B
#56950000
b0000000000000000101100100000 &
15
17
#56960000
05
07
b1000 ;
b1000 >
b101100011111 B
#56970000
b0000000000000000101100100001 &
15
17
#56980000
05
07
b1111 ;
b1111 >
b101100100000 B
#56990000
b0000000000000000101100100010 &
15
17
#57000000
05
07
b1001 ;
b1001 >
b101100100001 B
#57010000
b0000000000000000101100100011 &
15
17
#57020000
05
07
b0000 ;
b0000 >
b101100100010 B
#57030000
b0000000000000000101100100100 &
15
17
#57040000
05
07
b1001 ;
b1001 >
b101100100011 B
#57050000
b0000000000000000101100100101 &
15
17
#57060000
05
07
b0001 ;
b0001 >
b101100100100 B
#57070000
b0000000000000000101100100110 &
15
17
#57080000
05
07
b1001 ;
b1001 >
b101100100101 B
#57090000
b0000000000000000101100100111 &
15
17
#57100000
05
07
b0010 ;
b0010 >
b101100100110 B
#57110000
b0000000000000000101100101000 &
15
17
#57120000
05
07
b1001 ;
b1001 >
b101100100111 B
#57130000
b0000000000000000101100101001 &
15
17
#57140000
05
07
b0011 ;
b0011 >
b101100101000 B
#57150000
b0000000000000000101100101010 &
15
17
b01 8
b11 9
b00000011 <
#57160000
05
07
b1001 ;
b1001 >
b101100101001 B
#57170000
b0000000000000000101100101011 &
15
17
#57180000
05
07
b0100 ;
b0100 >
b101100101010 B
#57190000
b0000000000000000101100101100 &
15
17
#57200000
05
07
b1001 ;
b1001 >
b101100101011 B
#57210000
b0000000000000000101100101101 &
15
17
#57220000
05
07
b0101 ;
b0101 >
b101100101100 B
#57230000
b0000000000000000101100101110 &
15
17
b00 9
b00000000 <
#57240000
10
05
07
b1001 ;
b1001 >
b101100101101 B
#57250000
b0000000000000000101100101111 &
15
17
b11 9
b00000011 <
#57260000
05
07
b0110 ;
b0110 >
b101100101110 B
b0011 D
1E
#57270000
b0000000000000000101100110000 &
15
17
#57280000
05
07
b1001 ;
b1001 >
1?
b1111 @
b101100101111 B
b1111 D
0E
#57290000
b0000000000000000101100110001 &
15
17
#57300000
b01111 1
b00000000000011110 3
05
07
b0111 ;
b0111 >
0?
b0000 @
b101100110000 B
1E
#57310000
b0000000000000000101100110010 &
15
17
#57320000
05
07
b1001 ;
b1001 >
1?
b1111 @
b101100110001 B
0E
#57330000
b0000000000000000101100110011 &
15
17
#57340000
b01110 1
b00000000111111110 3
05
07
b1000 ;
b1000 >
0?
b0000 @
b101100110010 B
1E
#57350000
b0000000000000000101100110100 &
15
17
#57360000
05
07
b1001 ;
b1001 >
1?
b1111 @
b101100110011 B
0E
#57370000
b0000000000000000101100110101 &
15
17
#57380000
b01101 1
b00001111111111110 3
05
07
0?
b0000 @
b101100110100 B
1E
#57390000
b0000000000000000101100110110 &
15
17
#57400000
05
07
1?
b1111 @
b101100110101 B
0E
#57410000
b0000000000000000101100110111 &
15
17
#57420000
b01100 1
b11111111111111110 3
05
07
b1010 ;
b1010 >
0?
b0000 @
b101100110110 B
1E
#57430000
b0000000000000000101100111000 &
15
17
#57440000
05
07
b1001 ;
b1001 >
1?
b1111 @
b101100110111 B
0E
#57450000
b0000000000000000101100111001 &
15
17
#57460000
b01011 1
14
05
07
b1011 ;
b1011 >
0?
b0000 @
b101100111000 B
1E
#57470000
b0000000000000000101100111010 &
15
17
#57480000
05
07
b1001 ;
b1001 >
1?
b1111 @
b101100111001 B
0E
#57490000
b0000000000000000101100111011 &
15
17
#57500000
b01010 1
05
07
b1100 ;
b1100 >
0?
b0000 @
b101100111010 B
1E
#57510000
b0000000000000000101100111100 &
15
17
#57520000
05
07
b1001 ;
b1001 >
1?
b1111 @
b101100111011 B
0E
#57530000
b0000000000000000101100111101 &
15
17
#57540000
b01001 1
05
07
b1101 ;
b1101 >
0?
b0000 @
b101100111100 B
1E
#57550000
b0000000000000000101100111110 &
15
17
#57560000
05
07
b1001 ;
b1001 >
1?
b1111 @
b101100111101 B
0E
#57570000
b0000000000000000101100111111 &
15
17
#57580000
b01000 1
05
07
b1110 ;
b1110 >
0?
b0000 @
b101100111110 B
1E
#57590000
b0000000000000000101101000000 &
15
17
#57600000
05
07
b1001 ;
b1001 >
1?
b1111 @
b101100111111 B
0E
#57610000
b0000000000000000101101000001 &
15
17
#57620000
b00111 1
05
07
b1111 ;
b1111 >
0?
b0000 @
b101101000000 B
1E
#57630000
b0000000000000000101101000010 &
15
17
#57640000
05
07
b1010 ;
b1010 >
1?
b1111 @
b101101000001 B
0E
#57650000
b0000000000000000101101000011 &
15
17
#57660000
b00110 1
05
07
b0000 ;
b0000 >
0?
b0000 @
b101101000010 B
1E
#57670000
b0000000000000000101101000100 &
15
17
#57680000
05
07
b1010 ;
b1010 >
1?
b1111 @
b101101000011 B
0E
#57690000
b0000000000000000101101000101 &
15
17
#57700000
b00101 1
05
07
b0001 ;
b0001 >
0?
b0000 @
b101101000100 B
1E
#57710000
b0000000000000000101101000110 &
15
17
#57720000
05
07
b1010 ;
b1010 >
1?
b1111 @
b101101000101 B
0E
#57730000
b0000000000000000101101000111 &
15
17
#57740000
b00100 1
05
07
b0010 ;
b0010 >
0?
b0000 @
b101101000110 B
1E
#57750000
b0000000000000000101101001000 &
15
17
#57760000
05
07
b1010 ;
b1010 >
1?
b1111 @
b101101000111 B
0E
#57770000
b0000000000000000101101001001 &
15
17
#57780000
b00011 1
05
07
b0011 ;
b0011 >
0?
b0000 @
b101101001000 B
1E
#57790000
b0000000000000000101101001010 &
15
17
#57800000
05
07
b1010 ;
b1010 >
1?
b1111 @
b101101001001 B
0E
#57810000
b0000000000000000101101001011 &
15
17
#57820000
b00010 1
05
07
b0100 ;
b0100 >
0?
b0000 @
b101101001010 B
1E
#57830000
b0000000000000000101101001100 &
15
17
#57840000
05
07
b1010 ;
b1010 >
1?
b1111 @
b101101001011 B
0E
#57850000
b0000000000000000101101001101 &
15
17
#57860000
b00001 1
05
07
b0101 ;
b0101 >
0?
b0000 @
b101101001100 B
1E
#57870000
b0000000000000000101101001110 &
15
17
#57880000
05
07
b1010 ;
b1010 >
1?
b1111 @
b101101001101 B
0E
#57890000
b0000000000000000101101001111 &
15
17
#57900000
b00000 1
05
07
b0110 ;
b0110 >
0?
b0000 @
b101101001110 B
1E
#57910000
b0000000000000000101101010000 &
15
17
#57920000
05
07
b1010 ;
b1010 >
1?
b1111 @
b101101001111 B
0E
#57930000
b0000000000000000101101010001 &
15
17
#57940000
b01111 2
b11111111111111101 3
05
07
b0111 ;
b0111 >
0?
b0000 @
b101101010000 B
1E
#57950000
b0000000000000000101101010010 &
15
17
#57960000
05
07
b1010 ;
b1010 >
1?
b1111 @
b101101010001 B
0E
#57970000
b0000000000000000101101010011 &
15
17
#57980000
b01110 2
b11111111111111100 3
05
07
b1000 ;
b1000 >
0?
b0000 @
b101101010010 B
1E
#57990000
b0000000000000000101101010100 &
15
17
#58000000
05
07
b1010 ;
b1010 >
1?
b1111 @
b101101010011 B
0E
#58010000
b0000000000000000101101010101 &
15
17
#58020000
b01101 2
b11111111111111011 3
05
07
b1001 ;
b1001 >
0?
b0000 @
b101101010100 B
1E
#58030000
b0000000000000000101101010110 &
15
17
#58040000
05
07
b1010 ;
b1010 >
1?
b1111 @
b101101010101 B
0E
#58050000
b0000000000000000101101010111 &
15
17
#58060000
b01100 2
b11111111111111010 3
05
07
0?
b0000 @
b101101010110 B
1E
#58070000
b0000000000000000101101011000 &
15
17
#58080000
05
07
1?
b1111 @
b101101010111 B
0E
#58090000
b0000000000000000101101011001 &
15
17
#58100000
b01011 2
b11111111111111001 3
05
07
b1011 ;
b1011 >
0?
b0000 @
b101101011000 B
1E
#58110000
b0000000000000000101101011010 &
15
17
#58120000
05
07
b1010 ;
b1010 >
1?
b1111 @
b101101011001 B
0E
#58130000
b0000000000000000101101011011 &
15
17
#58140000
b01010 2
b11111111111111000 3
05
07
b1100 ;
b1100 >
0?
b0000 @
b101101011010 B
1E
#58150000
b0000000000000000101101011100 &
15
17
#58160000
05
07
b1010 ;
b1010 >
1?
b1111 @
b101101011011 B
0E
#58170000
b0000000000000000101101011101 &
15
17
#58180000
b01001 2
b11111111111110111 3
05
07
b1101 ;
b1101 >
0?
b0000 @
b101101011100 B
1E
#58190000
b0000000000000000101101011110 &
15
17
b10 9
b00000010 <
#58200000
05
07
b1010 ;
b1010 >
1?
b1101 @
b101101011101 B
b1101 D
0E
#58210000
b0000000000000000101101011111 &
15
17
#58220000
b01000 2
b11111111111110110 3
05
07
b1110 ;
b1110 >
0?
b0000 @
b101101011110 B
b0101 D
1E
#58230000
b0000000000000000101101100000 &
15
17
#58240000
05
07
b1010 ;
b1010 >
1?
b0101 @
b101101011111 B
0E
#58250000
b0000000000000000101101100001 &
15
17
#58260000
b00111 2
b11111111111110101 3
05
07
b1111 ;
b1111 >
0?
b0000 @
b101101100000 B
1E
#58270000
b0000000000000000101101100010 &
15
17
#58280000
05
07
b1011 ;
b1011 >
1?
b0101 @
b101101100001 B
0E
#58290000
b0000000000000000101101100011 &
15
17
#58300000
b00110 2
b11111111111110100 3
05
07
b0000 ;
b0000 >
0?
b0000 @
b101101100010 B
1E
#58310000
b0000000000000000101101100100 &
15
17
#58320000
05
07
b1011 ;
b1011 >
1?
b0101 @
b101101100011 B
0E
#58330000
b0000000000000000101101100101 &
15
17
#58340000
b00101 2
b11111111111110011 3
05
07
b0001 ;
b0001 >
0?
b0000 @
b101101100100 B
1E
#58350000
b0000000000000000101101100110 &
15
17
#58360000
05
07
b1011 ;
b1011 >
1?
b0101 @
b101101100101 B
0E
#58370000
b0000000000000000101101100111 &
15
17
#58380000
b00100 2
b11111111111110010 3
05
07
b0010 ;
b0010 >
0?
b0000 @
b101101100110 B
1E
#58390000
b0000000000000000101101101000 &
15
17
#58400000
05
07
b1011 ;
b1011 >
1?
b0101 @
b101101100111 B
0E
#58410000
b0000000000000000101101101001 &
15
17
#58420000
b00011 2
b11111111111110001 3
05
07
b0011 ;
b0011 >
0?
b0000 @
b101101101000 B
1E
#58430000
b0000000000000000101101101010 &
15
17
#58440000
05
07
b1011 ;
b1011 >
1?
b0101 @
b101101101001 B
0E
#58450000
b0000000000000000101101101011 &
15
17
#58460000
b00010 2
b11111111111110000 3
05
07
b0100 ;
b0100 >
0?
b0000 @
b101101101010 B
1E
#58470000
b0000000000000000101101101100 &
15
17
#58480000
05
07
b1011 ;
b1011 >
1?
b0101 @
b101101101011 B
0E
#58490000
b0000000000000000101101101101 &
15
17
#58500000
b00001 2
b11111111111101111 3
05
07
b0101 ;
b0101 >
0?
b0000 @
b101101101100 B
1E
#58510000
b0000000000000000101101101110 &
15
17
b00 8
#58520000
00
05
07
b1011 ;
b1011 >
1?
b101101101101 B
b0000 D
0E
#58530000
b0000000000000000101101101111 &
15
17
#58540000
b10000 1
b10000 2
b00000000000000000 3
04
05
07
b0110 ;
b0110 >
0?
b101101101110 B
#58550000
b0000000000000000101101110000 &
15
17
#58560000
05
07
b1011 ;
b1011 >
b101101101111 B
#58570000
b0000000000000000101101110001 &
15
17
#58580000
05
07
b0111 ;
b0111 >
b101101110000 B
#58590000
b0000000000000000101101110010 &
15
17
#58600000
05
07
b1011 ;
b1011 >
b101101110001 B
#58610000
b0000000000000000101101110011 &
15
17
#58620000
05
07
b1000 ;
b1000 >
b101101110010 B
#58630000
b0000000000000000101101110100 &
15
17
#58640000
05
07
b1011 ;
b1011 >
b101101110011 B
#58650000
b0000000000000000101101110101 &
15
17
#58660000
05
07
b1001 ;
b1001 >
b101101110100 B
#58670000
b0000000000000000101101110110 &
15
17
#58680000
05
07
b1011 ;
b1011 >
b101101110101 B
#58690000
b0000000000000000101101110111 &
15
17
#58700000
05
07
b1010 ;
b1010 >
b101101110110 B
#58710000
b0000000000000000101101111000 &
15
17
b01 8
b11 9
b00000011 <
#58720000
05
07
b1011 ;
b1011 >
b101101110111 B
#58730000
b0000000000000000101101111001 &
15
17
#58740000
05
07
b101101111000 B
#58750000
b0000000000000000101101111010 &
15
17
#58760000
05
07
b101101111001 B
#58770000
b0000000000000000101101111011 &
15
17
#58780000
05
07
b1100 ;
b1100 >
b101101111010 B
#58790000
b0000000000000000101101111100 &
15
17
b00 9
b00000000 <
#58800000
10
05
07
b1011 ;
b1011 >
b101101111011 B
#58810000
b0000000000000000101101111101 &
15
17
#58820000
05
07
b1101 ;
b1101 >
b101101111100 B
1E
#58830000
b0000000000000000101101111110 &
15
17
#58840000
05
07
b1011 ;
b1011 >
1?
b101101111101 B
0E
#58850000
b0000000000000000101101111111 &
15
17
#58860000
b01111 1
05
07
b1110 ;
b1110 >
0?
b101101111110 B
1E
#58870000
b0000000000000000101110000000 &
15
17
#58880000
05
07
b1011 ;
b1011 >
1?
b101101111111 B
0E
#58890000
b0000000000000000101110000001 &
15
17
#58900000
b01110 1
05
07
b1111 ;
b1111 >
0?
b101110000000 B
1E
#58910000
b0000000000000000101110000010 &
15
17
#58920000
05
07
b1100 ;
b1100 >
1?
b101110000001 B
0E
#58930000
b0000000000000000101110000011 &
15
17
b11 9
b00000011 <
#58940000
b01101 1
05
07
b0000 ;
b0000 >
0?
b101110000010 B
b0011 D
1E
#58950000
b0000000000000000101110000100 &
15
17
b00 9
b00000000 <
#58960000
05
07
b1100 ;
b1100 >
1?
b1100 @
b101110000011 B
b1100 D
0E
#58970000
b0000000000000000101110000101 &
15
17
#58980000
b01100 1
b00000000000011000 3
05
07
b0001 ;
b0001 >
0?
b0000 @
b101110000100 B
b0000 D
1E
#58990000
b0000000000000000101110000110 &
15
17
#59000000
05
07
b1100 ;
b1100 >
1?
b101110000101 B
0E
#59010000
b0000000000000000101110000111 &
15
17
#59020000
b01011 1
05
07
b0010 ;
b0010 >
0?
b101110000110 B
1E
#59030000
b0000000000000000101110001000 &
15
17
#59040000
05
07
b1100 ;
b1100 >
1?
b101110000111 B
0E
#59050000
b0000000000000000101110001001 &
15
17
#59060000
b01010 1
05
07
b0011 ;
b0011 >
0?
b101110001000 B
1E
#59070000
b0000000000000000101110001010 &
15
17
#59080000
05
07
b1100 ;
b1100 >
1?
b101110001001 B
0E
#59090000
b0000000000000000101110001011 &
15
17
#59100000
b01001 1
05
07
b0100 ;
b0100 >
0?
b101110001010 B
1E
#59110000
b0000000000000000101110001100 &
15
17
#59120000
05
07
b1100 ;
b1100 >
1?
b101110001011 B
0E
#59130000
b0000000000000000101110001101 &
15
17
#59140000
b01000 1
05
07
b0101 ;
b0101 >
0?
b101110001100 B
1E
#59150000
b0000000000000000101110001110 &
15
17
#59160000
05
07
b1100 ;
b1100 >
1?
b101110001101 B
0E
#59170000
b0000000000000000101110001111 &
15
17
#59180000
b00111 1
05
07
b0110 ;
b0110 >
0?
b101110001110 B
1E
#59190000
b0000000000000000101110010000 &
15
17
#59200000
05
07
b1100 ;
b1100 >
1?
b101110001111 B
0E
#59210000
b0000000000000000101110010001 &
15
17
#59220000
b00110 1
05
07
b0111 ;
b0111 >
0?
b101110010000 B
1E
#59230000
b0000000000000000101110010010 &
15
17
#59240000
05
07
b1100 ;
b1100 >
1?
b101110010001 B
0E
#59250000
b0000000000000000101110010011 &
15
17
#59260000
b00101 1
05
07
b1000 ;
b1000 >
0?
b101110010010 B
1E
#59270000
b0000000000000000101110010100 &
15
17
#59280000
05
07
b1100 ;
b1100 >
1?
b101110010011 B
0E
#59290000
b0000000000000000101110010101 &
15
17
#59300000
b00100 1
05
07
b1001 ;
b1001 >
0?
b101110010100 B
1E
#59310000
b0000000000000000101110010110 &
15
17
#59320000
05
07
b1100 ;
b1100 >
1?
b101110010101 B
0E
#59330000
b0000000000000000101110010111 &
15
17
#59340000
b00011 1
05
07
b1010 ;
b1010 >
0?
b101110010110 B
1E
#59350000
b0000000000000000101110011000 &
15
17
#59360000
05
07
b1100 ;
b1100 >
1?
b101110010111 B
0E
#59370000
b0000000000000000101110011001 &
15
17
#59380000
b00010 1
05
07
b1011 ;
b1011 >
0?
b101110011000 B
1E
#59390000
b0000000000000000101110011010 &
15
17
#59400000
05
07
b1100 ;
b1100 >
1?
b101110011001 B
0E
#59410000
b0000000000000000101110011011 &
15
17
#59420000
b00001 1
05
07
0?
b101110011010 B
1E
#59430000
b0000000000000000101110011100 &
15
17
#59440000
05
07
1?
b101110011011 B
0E
#59450000
b0000000000000000101110011101 &
15
17
#59460000
b00000 1
05
07
b1101 ;
b1101 >
0?
b101110011100 B
1E
#59470000
b0000000000000000101110011110 &
15
17
#59480000
05
07
b1100 ;
b1100 >
1?
b101110011101 B
0E
#59490000
b0000000000000000101110011111 &
15
17
#59500000
b01111 2
b00000000000010111 3
05
07
b1110 ;
b1110 >
0?
b101110011110 B
1E
#59510000
b0000000000000000101110100000 &
15
17
b10 9
b00000010 <
#59520000
05
07
b1100 ;
b1100 >
1?
b0001 @
b101110011111 B
b0001 D
0E
#59530000
b0000000000000000101110100001 &
15
17
b00 9
b00000000 <
#59540000
b01110 2
b00000000000010110 3
05
07
b1111 ;
b1111 >
0?
b0000 @
b101110100000 B
b0100 D
1E
#59550000
b0000000000000000101110100010 &
15
17
#59560000
05
07
b1101 ;
b1101 >
1?
b101110100001 B
b0000 D
0E
#59570000
b0000000000000000101110100011 &
15
17
#59580000
b01101 2
b00000000000010101 3
05
07
b0000 ;
b0000 >
0?
b101110100010 B
1E
#59590000
b0000000000000000101110100100 &
15
17
b01 9
b00000001 <
#59600000
05
07
b1101 ;
b1101 >
1?
b0010 @
b101110100011 B
b0010 D
0E
#59610000
b0000000000000000101110100101 &
15
17
b00 9
b00000000 <
#59620000
b01100 2
b00000000000010100 3
05
07
b0001 ;
b0001 >
0?
b0000 @
b101110100100 B
b1000 D
1E
#59630000
b0000000000000000101110100110 &
15
17
#59640000
05
07
b1101 ;
b1101 >
1?
b101110100101 B
b0000 D
0E
#59650000
b0000000000000000101110100111 &
15
17
#59660000
b01011 2
b00000000000010011 3
05
07
b0010 ;
b0010 >
0?
b101110100110 B
1E
#59670000
b0000000000000000101110101000 &
15
17
b11 9
b00000011 <
#59680000
05
07
b1101 ;
b1101 >
1?
b0011 @
b101110100111 B
b0011 D
0E
#59690000
b0000000000000000101110101001 &
15
17
b00 9
b00000000 <
#59700000
b01010 2
b00000000000010010 3
05
07
b0011 ;
b0011 >
0?
b0000 @
b101110101000 B
b1100 D
1E
#59710000
b0000000000000000101110101010 &
15
17
#59720000
05
07
b1101 ;
b1101 >
1?
b101110101001 B
b0000 D
0E
#59730000
b0000000000000000101110101011 &
15
17
b10 9
b00000010 <
#59740000
b01001 2
b00000000000010001 3
05
07
b0100 ;
b0100 >
0?
b101110101010 B
b0001 D
1E
#59750000
b0000000000000000101110101100 &
15
17
b00 9
b00000000 <
#59760000
05
07
b1101 ;
b1101 >
1?
b0100 @
b101110101011 B
b0100 D
0E
#59770000
b0000000000000000101110101101 &
15
17
#59780000
b01000 2
b00000000000010000 3
05
07
b0101 ;
b0101 >
0?
b0000 @
b101110101100 B
b0000 D
1E
#59790000
b0000000000000000101110101110 &
15
17
#59800000
05
07
b1101 ;
b1101 >
1?
b101110101101 B
0E
#59810000
b0000000000000000101110101111 &
15
17
b10 9
b00000010 <
#59820000
b00111 2
b00000000000001111 3
05
07
b0110 ;
b0110 >
0?
b101110101110 B
b0001 D
1E
#59830000
b0000000000000000101110110000 &
15
17
#59840000
05
07
b1101 ;
b1101 >
1?
b0101 @
b101110101111 B
b0101 D
0E
#59850000
b0000000000000000101110110001 &
15
17
b00 9
b00000000 <
#59860000
b00110 2
b00000000000001110 3
05
07
b0111 ;
b0111 >
0?
b0000 @
b101110110000 B
b0100 D
1E
#59870000
b0000000000000000101110110010 &
15
17
#59880000
05
07
b1101 ;
b1101 >
1?
b101110110001 B
b0000 D
0E
#59890000
b0000000000000000101110110011 &
15
17
b10 9
b00000010 <
#59900000
b00101 2
b00000000000001101 3
05
07
b1000 ;
b1000 >
0?
b101110110010 B
b0001 D
1E
#59910000
b0000000000000000101110110100 &
15
17
b01 9
b00000001 <
#59920000
05
07
b1101 ;
b1101 >
1?
b0110 @
b101110110011 B
b0110 D
0E
#59930000
b0000000000000000101110110101 &
15
17
b00 9
b00000000 <
#59940000
b00100 2
b00000000000001100 3
05
07
b1001 ;
b1001 >
0?
b0000 @
b101110110100 B
b1000 D
1E
#59950000
b0000000000000000101110110110 &
15
17
#59960000
05
07
b1101 ;
b1101 >
1?
b101110110101 B
b0000 D
0E
#59970000
b0000000000000000101110110111 &
15
17
b10 9
b00000010 <
#59980000
b00011 2
b00000000000001011 3
05
07
b1010 ;
b1010 >
0?
b101110110110 B
b0001 D
1E
#59990000
b0000000000000000101110111000 &
15
17
b11 9
b00000011 <
#60000000
05
07
b1101 ;
b1101 >
1?
b0111 @
b101110110111 B
b0111 D
0E
#60010000
b0000000000000000101110111001 &
15
17
b00 9
b00000000 <
#60020000
b00010 2
b00000000000001010 3
05
07
b1011 ;
b1011 >
0?
b0000 @
b101110111000 B
b1100 D
1E
#60030000
b0000000000000000101110111010 &
15
17
#60040000
05
07
b1101 ;
b1101 >
1?
b101110111001 B
b0000 D
0E
#60050000
b0000000000000000101110111011 &
15
17
b01 9
b00000001 <
#60060000
b00001 2
b00000000000001001 3
05
07
b1100 ;
b1100 >
0?
b101110111010 B
b0010 D
1E
#60070000
b0000000000000000101110111100 &
15
17
b00 9
b00000000 <
#60080000
05
07
b1101 ;
b1101 >
1?
b1000 @
b101110111011 B
b1000 D
0E
#60090000
b0000000000000000101110111101 &
15
17
#60100000
b00000 2
b00000000000001000 3
05
07
0?
b0000 @
b101110111100 B
b0000 D
1E
#60110000
b0000000000000000101110111110 &
15
17
#60120000
05
07
1?
b101110111101 B
0E
#60130000
b0000000000000000101110111111 &
15
17
b01 9
b00000001 <
#60140000
1)
b00000000000000111 3
05
07
b1110 ;
b1110 >
0?
b101110111110 B
b0010 D
1E
#60150000
b0000000000000000101111000000 &
15
17
b10 9
b00000010 <
#60160000
0)
b000001110001 ,
05
07
b1101 ;
b1101 >
1?
b1001 @
b101110111111 B
b1001 D
0E
#60170000
b0000000000000000101111000001 &
15
17
b00 9
b00000000 <
#60180000
1)
b1001 *
b00000000000000110 3
05
07
b1111 ;
b1111 >
0?
b0000 @
b101111000000 B
b0100 D
1E
#60190000
b0000000000000000101111000010 &
15
17
#60200000
0)
b0000 *
b000001110010 ,
05
07
b1110 ;
b1110 >
1?
b101111000001 B
b0000 D
0E
#60210000
b0000000000000000101111000011 &
15
17
b01 9
b00000001 <
#60220000
1)
b00000000000000101 3
05
07
b0000 ;
b0000 >
0?
b101111000010 B
b0010 D
1E
#60230000
b0000000000000000101111000100 &
15
17
#60240000
0)
b000001110011 ,
05
07
b1110 ;
b1110 >
1?
b1010 @
b101111000011 B
b1010 D
0E
#60250000
b0000000000000000101111000101 &
15
17
b00 9
b00000000 <
#60260000
1)
b1010 *
b00000000000000100 3
05
07
b0001 ;
b0001 >
0?
b0000 @
b101111000100 B
b1000 D
1E
#60270000
b0000000000000000101111000110 &
15
17
#60280000
0)
b0000 *
b000001110100 ,
05
07
b1110 ;
b1110 >
1?
b101111000101 B
b0000 D
0E
#60290000
b0000000000000000101111000111 &
15
17
b01 9
b00000001 <
#60300000
1)
b00000000000000011 3
05
07
b0010 ;
b0010 >
0?
b101111000110 B
b0010 D
1E
#60310000
b0000000000000000101111001000 &
15
17
b11 9
b00000011 <
#60320000
0)
b000001110101 ,
05
07
b1110 ;
b1110 >
1?
b1011 @
b101111000111 B
b1011 D
0E
#60330000
b0000000000000000101111001001 &
15
17
b00 9
b00000000 <
#60340000
1)
b1011 *
b00000000000000010 3
05
07
b0011 ;
b0011 >
0?
b0000 @
b101111001000 B
b1100 D
1E
#60350000
b0000000000000000101111001010 &
15
17
#60360000
0)
b0000 *
b000001110110 ,
05
07
b1110 ;
b1110 >
1?
b101111001001 B
b0000 D
0E
#60370000
b0000000000000000101111001011 &
15
17
b11 9
b00000011 <
#60380000
1)
b00000000000000001 3
05
07
b0100 ;
b0100 >
0?
b101111001010 B
b0011 D
1E
#60390000
b0000000000000000101111001100 &
15
17
b00 9
b00000000 <
#60400000
0)
b000001110111 ,
05
07
b1110 ;
b1110 >
1?
b1100 @
b101111001011 B
b1100 D
0E
#60410000
b0000000000000000101111001101 &
15
17
#60420000
1)
b1100 *
b00000000000000000 3
05
07
b0101 ;
b0101 >
0?
b0000 @
b101111001100 B
b0000 D
1E
#60430000
b0000000000000000101111001110 &
15
17
#60440000
0)
b0000 *
b000001111000 ,
05
07
b1110 ;
b1110 >
1?
b101111001101 B
0E
#60450000
b0000000000000000101111001111 &
15
17
#60460000
05
07
b0110 ;
b0110 >
0?
b101111001110 B
1E
#60470000
b0000000000000000101111010000 &
15
17
#60480000
05
07
b1110 ;
b1110 >
1?
b101111001111 B
0E
#60490000
b0000000000000000101111010001 &
15
17
#60500000
05
07
b0111 ;
b0111 >
0?
b101111010000 B
1E
#60510000
b0000000000000000101111010010 &
15
17
#60520000
05
07
b1110 ;
b1110 >
1?
b101111010001 B
0E
#60530000
b0000000000000000101111010011 &
15
17
#60540000
05
07
b1000 ;
b1000 >
0?
b101111010010 B
1E
#60550000
b0000000000000000101111010100 &
15
17
#60560000
05
07
b1110 ;
b1110 >
1?
b101111010011 B
0E
#60570000
b0000000000000000101111010101 &
15
17
#60580000
05
07
b1001 ;
b1001 >
0?
b101111010100 B
1E
#60590000
b0000000000000000101111010110 &
15
17
#60600000
05
07
b1110 ;
b1110 >
1?
b101111010101 B
0E
#60610000
b0000000000000000101111010111 &
15
17
#60620000
05
07
b1010 ;
b1010 >
0?
b101111010110 B
1E
#60630000
b0000000000000000101111011000 &
15
17
#60640000
05
07
b1110 ;
b1110 >
1?
b101111010111 B
0E
#60650000
b0000000000000000101111011001 &
15
17
#60660000
05
07
b1011 ;
b1011 >
0?
b101111011000 B
1E
#60670000
b0000000000000000101111011010 &
15
17
#60680000
05
07
b1110 ;
b1110 >
1?
b101111011001 B
0E
#60690000
b0000000000000000101111011011 &
15
17
#60700000
05
07
b1100 ;
b1100 >
0?
b101111011010 B
1E
#60710000
b0000000000000000101111011100 &
15
17
b00 8
#60720000
00
05
07
b1110 ;
b1110 >
1?
b101111011011 B
0E
#60730000
b0000000000000000101111011101 &
15
17
#60740000
b10000 1
b10000 2
05
07
b1101 ;
b1101 >
0?
b101111011100 B
#60750000
b0000000000000000101111011110 &
15
17
#60760000
05
07
b1110 ;
b1110 >
b101111011101 B
#60770000
b0000000000000000101111011111 &
15
17
#60780000
05
07
b101111011110 B
#60790000
b0000000000000000101111100000 &
15
17
#60800000
05
07
b101111011111 B
#60810000
b0000000000000000101111100001 &
15
17
#60820000
05
07
b1111 ;
b1111 >
b101111100000 B
#60830000
b0000000000000000101111100010 &
15
17
#60840000
05
07
b101111100001 B
#60850000
b0000000000000000101111100011 &
15
17
#60860000
05
07
b0000 ;
b0000 >
b101111100010 B
#60870000
b0000000000000000101111100100 &
15
17
#60880000
05
07
b1111 ;
b1111 >
b101111100011 B
#60890000
b0000000000000000101111100101 &
15
17
#60900000
05
07
b0001 ;
b0001 >
b101111100100 B
#60910000
b0000000000000000101111100110 &
15
17
#60920000
05
07
b1111 ;
b1111 >
b101111100101 B
#60930000
b0000000000000000101111100111 &
15
17
#60940000
05
07
b0010 ;
b0010 >
b101111100110 B
#60950000
b0000000000000000101111101000 &
15
17
#60960000
05
07
b1111 ;
b1111 >
b101111100111 B
#60970000
b0000000000000000101111101001 &
15
17
#60980000
05
07
b0011 ;
b0011 >
b101111101000 B
#60990000
b0000000000000000101111101010 &
15
17
#61000000
05
07
b1111 ;
b1111 >
b101111101001 B
#61010000
b0000000000000000101111101011 &
15
17
#61020000
05
07
b0100 ;
b0100 >
b101111101010 B
#61030000
b0000000000000000101111101100 &
15
17
#61040000
05
07
b1111 ;
b1111 >
b101111101011 B
#61050000
b0000000000000000101111101101 &
15
17
#61060000
05
07
b0101 ;
b0101 >
b101111101100 B
#61070000
b0000000000000000101111101110 &
15
17
#61080000
05
07
b1111 ;
b1111 >
b101111101101 B
#61090000
b0000000000000000101111101111 &
15
17
#61100000
05
07
b0110 ;
b0110 >
b101111101110 B
#61110000
b0000000000000000101111110000 &
15
17
#61120000
05
07
b1111 ;
b1111 >
b101111101111 B
#61130000
b0000000000000000101111110001 &
15
17
#61140000
05
07
b0111 ;
b0111 >
b101111110000 B
#61150000
b0000000000000000101111110010 &
15
17
#61160000
05
07
b1111 ;
b1111 >
b101111110001 B
#61170000
b0000000000000000101111110011 &
15
17
#61180000
05
07
b1000 ;
b1000 >
b101111110010 B
#61190000
b0000000000000000101111110100 &
15
17
#61200000
05
07
b1111 ;
b1111 >
b101111110011 B
#61210000
b0000000000000000101111110101 &
15
17
#61220000
05
07
b1001 ;
b1001 >
b101111110100 B
#61230000
b0000000000000000101111110110 &
15
17
b01 8
b11 9
b00000011 <
#61240000
05
07
b1111 ;
b1111 >
b101111110101 B
#61250000
b0000000000000000101111110111 &
15
17
#61260000
05
07
b1010 ;
b1010 >
b101111110110 B
#61270000
b0000000000000000101111111000 &
15
17
#61280000
05
07
b1111 ;
b1111 >
b101111110111 B
#61290000
b0000000000000000101111111001 &
15
17
#61300000
05
07
b1011 ;
b1011 >
b101111111000 B
#61310000
b0000000000000000101111111010 &
15
17
b00 9
b00000000 <
#61320000
10
05
07
b1111 ;
b1111 >
b101111111001 B
#61330000
b0000000000000000101111111011 &
15
17
b11 9
b00000011 <
#61340000
05
07
b1100 ;
b1100 >
b101111111010 B
b0011 D
1E
#61350000
b0000000000000000101111111100 &
15
17
#61360000
05
07
b1111 ;
b1111 >
1?
b1111 @
b101111111011 B
b1111 D
0E
#61370000
b0000000000000000101111111101 &
15
17
#61380000
b01111 1
b00000000000011110 3
05
07
b1101 ;
b1101 >
0?
b0000 @
b101111111100 B
1E
#61390000
b0000000000000000101111111110 &
15
17
#61400000
05
07
b1111 ;
b1111 >
1?
b1111 @
b101111111101 B
0E
#61410000
b0000000000000000101111111111 &
15
17
#61420000
b01110 1
b00000000111111110 3
05
07
b1110 ;
b1110 >
0?
b0000 @
b101111111110 B
1E
#61430000
b0000000000000000110000000000 &
15
17
#61440000
05
07
b1111 ;
b1111 >
1?
b1111 @
b101111111111 B
0E
#61450000
b0000000000000000110000000001 &
15
17
#61460000
b01101 1
b00001111111111110 3
05
07
0?
b0000 @
b110000000000 B
1E
#61470000
b0000000000000000110000000010 &
15
17
#61480000
05
07
1?
b1111 @
b110000000001 B
0E
#61490000
b0000000000000000110000000011 &
15
17
#61500000
b01100 1
b11111111111111110 3
05
07
0?
b0000 @
b110000000010 B
1E
#61510000
b0000000000000000110000000100 &
15
17
#61520000
05
07
1?
b1111 @
b110000000011 B
0E
#61530000
b0000000000000000110000000101 &
15
17
#61540000
b01011 1
14
05
07
b1110 ;
b1110 >
0?
b0000 @
b110000000100 B
1E
#61550000
b0000000000000000110000000110 &
15
17
#61560000
05
07
b1111 ;
b1111 >
1?
b1111 @
b110000000101 B
0E
#61570000
b0000000000000000110000000111 &
15
17
#61580000
b01010 1
05
07
b1101 ;
b1101 >
0?
b0000 @
b110000000110 B
1E
#61590000
b0000000000000000110000001000 &
15
17
#61600000
05
07
b1111 ;
b1111 >
1?
b1111 @
b110000000111 B
0E
#61610000
b0000000000000000110000001001 &
15
17
#61620000
b01001 1
05
07
b1100 ;
b1100 >
0?
b0000 @
b110000001000 B
1E
#61630000
b0000000000000000110000001010 &
15
17
#61640000
05
07
b1111 ;
b1111 >
1?
b1111 @
b110000001001 B
0E
#61650000
b0000000000000000110000001011 &
15
17
#61660000
b01000 1
05
07
b1011 ;
b1011 >
0?
b0000 @
b110000001010 B
1E
#61670000
b0000000000000000110000001100 &
15
17
#61680000
05
07
b1111 ;
b1111 >
1?
b1111 @
b110000001011 B
0E
#61690000
b0000000000000000110000001101 &
15
17
#61700000
b00111 1
05
07
b1010 ;
b1010 >
0?
b0000 @
b110000001100 B
1E
#61710000
b0000000000000000110000001110 &
15
17
#61720000
05
07
b1111 ;
b1111 >
1?
b1111 @
b110000001101 B
0E
#61730000
b0000000000000000110000001111 &
15
17
#61740000
b00110 1
05
07
b1001 ;
b1001 >
0?
b0000 @
b110000001110 B
1E
#61750000
b0000000000000000110000010000 &
15
17
#61760000
05
07
b1111 ;
b1111 >
1?
b1111 @
b110000001111 B
0E
#61770000
b0000000000000000110000010001 &
15
17
#61780000
b00101 1
05
07
b1000 ;
b1000 >
0?
b0000 @
b110000010000 B
1E
#61790000
b0000000000000000110000010010 &
15
17
#61800000
05
07
b1111 ;
b1111 >
1?
b1111 @
b110000010001 B
0E
#61810000
b0000000000000000110000010011 &
15
17
#61820000
b00100 1
05
07
b0111 ;
b0111 >
0?
b0000 @
b110000010010 B
1E
#61830000
b0000000000000000110000010100 &
15
17
#61840000
05
07
b1111 ;
b1111 >
1?
b1111 @
b110000010011 B
0E
#61850000
b0000000000000000110000010101 &
15
17
#61860000
b00011 1
05
07
b0110 ;
b0110 >
0?
b0000 @
b110000010100 B
1E
#61870000
b0000000000000000110000010110 &
15
17
#61880000
05
07
b1111 ;
b1111 >
1?
b1111 @
b110000010101 B
0E
#61890000
b0000000000000000110000010111 &
15
17
#61900000
b00010 1
05
07
b0101 ;
b0101 >
0?
b0000 @
b110000010110 B
1E
#61910000
b0000000000000000110000011000 &
15
17
#61920000
05
07
b1111 ;
b1111 >
1?
b1111 @
b110000010111 B
0E
#61930000
b0000000000000000110000011001 &
15
17
#61940000
b00001 1
05
07
b0100 ;
b0100 >
0?
b0000 @
b110000011000 B
1E
#61950000
b0000000000000000110000011010 &
15
17
#61960000
05
07
b1111 ;
b1111 >
1?
b1111 @
b110000011001 B
0E
#61970000
b0000000000000000110000011011 &
15
17
#61980000
b00000 1
05
07
b0011 ;
b0011 >
0?
b0000 @
b110000011010 B
1E
#61990000
b0000000000000000110000011100 &
15
17
#62000000
05
07
b1111 ;
b1111 >
1?
b1111 @
b110000011011 B
0E
#62010000
b0000000000000000110000011101 &
15
17
#62020000
b01111 2
b11111111111111101 3
05
07
b0010 ;
b0010 >
0?
b0000 @
b110000011100 B
1E
#62030000
b0000000000000000110000011110 &
15
17
#62040000
05
07
b1111 ;
b1111 >
1?
b1111 @
b110000011101 B
0E
#62050000
b0000000000000000110000011111 &
15
17
#62060000
b01110 2
b11111111111111100 3
05
07
b0001 ;
b0001 >
0?
b0000 @
b110000011110 B
1E
#62070000
b0000000000000000110000100000 &
15
17
#62080000
05
07
b1111 ;
b1111 >
1?
b1111 @
b110000011111 B
0E
#62090000
b0000000000000000110000100001 &
15
17
#62100000
b01101 2
b11111111111111011 3
05
07
b0000 ;
b0000 >
0?
b0000 @
b110000100000 B
1E
#62110000
b0000000000000000110000100010 &
15
17
#62120000
05
07
b1110 ;
b1110 >
1?
b1111 @
b110000100001 B
0E
#62130000
b0000000000000000110000100011 &
15
17
#62140000
b01100 2
b11111111111111010 3
05
07
b1111 ;
b1111 >
0?
b0000 @
b110000100010 B
1E
#62150000
b0000000000000000110000100100 &
15
17
#62160000
05
07
b1110 ;
b1110 >
1?
b1111 @
b110000100011 B
0E
#62170000
b0000000000000000110000100101 &
15
17
#62180000
b01011 2
b11111111111111001 3
05
07
0?
b0000 @
b110000100100 B
1E
#62190000
b0000000000000000110000100110 &
15
17
#62200000
05
07
1?
b1111 @
b110000100101 B
0E
#62210000
b0000000000000000110000100111 &
15
17
#62220000
b01010 2
b11111111111111000 3
05
07
b1101 ;
b1101 >
0?
b0000 @
b110000100110 B
1E
#62230000
b0000000000000000110000101000 &
15
17
#62240000
05
07
b1110 ;
b1110 >
1?
b1111 @
b110000100111 B
0E
#62250000
b0000000000000000110000101001 &
15
17
#62260000
b01001 2
b11111111111110111 3
05
07
b1100 ;
b1100 >
0?
b0000 @
b110000101000 B
1E
#62270000
b0000000000000000110000101010 &
15
17
b10 9
b00000010 <
#62280000
05
07
b1110 ;
b1110 >
1?
b1101 @
b110000101001 B
b1101 D
0E
#62290000
b0000000000000000110000101011 &
15
17
#62300000
b01000 2
b11111111111110110 3
05
07
b1011 ;
b1011 >
0?
b0000 @
b110000101010 B
b0101 D
1E
#62310000
b0000000000000000110000101100 &
15
17
#62320000
05
07
b1110 ;
b1110 >
1?
b0101 @
b110000101011 B
0E
#62330000
b0000000000000000110000101101 &
15
17
#62340000
b00111 2
b11111111111110101 3
05
07
b1010 ;
b1010 >
0?
b0000 @
b110000101100 B
1E
#62350000
b0000000000000000110000101110 &
15
17
#62360000
05
07
b1110 ;
b1110 >
1?
b0101 @
b110000101101 B
0E
#62370000
b0000000000000000110000101111 &
15
17
#62380000
b00110 2
b11111111111110100 3
05
07
b1001 ;
b1001 >
0?
b0000 @
b110000101110 B
1E
#62390000
b0000000000000000110000110000 &
15
17
#62400000
05
07
b1110 ;
b1110 >
1?
b0101 @
b110000101111 B
0E
#62410000
b0000000000000000110000110001 &
15
17
#62420000
b00101 2
b11111111111110011 3
05
07
b1000 ;
b1000 >
0?
b0000 @
b110000110000 B
1E
#62430000
b0000000000000000110000110010 &
15
17
#62440000
05
07
b1110 ;
b1110 >
1?
b0101 @
b110000110001 B
0E
#62450000
b0000000000000000110000110011 &
15
17
#62460000
b00100 2
b11111111111110010 3
05
07
b0111 ;
b0111 >
0?
b0000 @
b110000110010 B
1E
#62470000
b0000000000000000110000110100 &
15
17
#62480000
05
07
b1110 ;
b1110 >
1?
b0101 @
b110000110011 B
0E
#62490000
b0000000000000000110000110101 &
15
17
#62500000
b00011 2
b11111111111110001 3
05
07
b0110 ;
b0110 >
0?
b0000 @
b110000110100 B
1E
#62510000
b0000000000000000110000110110 &
15
17
#62520000
05
07
b1110 ;
b1110 >
1?
b0101 @
b110000110101 B
0E
#62530000
b0000000000000000110000110111 &
15
17
#62540000
b00010 2
b11111111111110000 3
05
07
b0101 ;
b0101 >
0?
b0000 @
b110000110110 B
1E
#62550000
b0000000000000000110000111000 &
15
17
#62560000
05
07
b1110 ;
b1110 >
1?
b0101 @
b110000110111 B
0E
#62570000
b0000000000000000110000111001 &
15
17
#62580000
b00001 2
b11111111111101111 3
05
07
b0100 ;
b0100 >
0?
b0000 @
b110000111000 B
1E
#62590000
b0000000000000000110000111010 &
15
17
b00 8
#62600000
00
05
07
b1110 ;
b1110 >
1?
b110000111001 B
b0000 D
0E
#62610000
b0000000000000000110000111011 &
15
17
#62620000
b10000 1
b10000 2
b00000000000000000 3
04
05
07
b0011 ;
b0011 >
0?
b110000111010 B
#62630000
b0000000000000000110000111100 &
15
17
#62640000
05
07
b1110 ;
b1110 >
b110000111011 B
#62650000
b0000000000000000110000111101 &
15
17
#62660000
05
07
b0010 ;
b0010 >
b110000111100 B
#62670000
b0000000000000000110000111110 &
15
17
#62680000
05
07
b1110 ;
b1110 >
b110000111101 B
#62690000
b0000000000000000110000111111 &
15
17
#62700000
05
07
b0001 ;
b0001 >
b110000111110 B
#62710000
b0000000000000000110001000000 &
15
17
#62720000
05
07
b1110 ;
b1110 >
b110000111111 B
#62730000
b0000000000000000110001000001 &
15
17
#62740000
05
07
b0000 ;
b0000 >
b110001000000 B
#62750000
b0000000000000000110001000010 &
15
17
#62760000
05
07
b1101 ;
b1101 >
b110001000001 B
#62770000
b0000000000000000110001000011 &
15
17
#62780000
05
07
b1111 ;
b1111 >
b110001000010 B
#62790000
b0000000000000000110001000100 &
15
17
b01 8
b11 9
b00000011 <
#62800000
05
07
b1101 ;
b1101 >
b110001000011 B
#62810000
b0000000000000000110001000101 &
15
17
#62820000
05
07
b1110 ;
b1110 >
b110001000100 B
#62830000
b0000000000000000110001000110 &
15
17
#62840000
05
07
b1101 ;
b1101 >
b110001000101 B
#62850000
b0000000000000000110001000111 &
15
17
#62860000
05
07
b110001000110 B
#62870000
b0000000000000000110001001000 &
15
17
b00 9
b00000000 <
#62880000
10
05
07
b110001000111 B
#62890000
b0000000000000000110001001001 &
15
17
#62900000
05
07
b1100 ;
b1100 >
b110001001000 B
1E
#62910000
b0000000000000000110001001010 &
15
17
#62920000
05
07
b1101 ;
b1101 >
1?
b110001001001 B
0E
#62930000
b0000000000000000110001001011 &
15
17
#62940000
b01111 1
05
07
b1011 ;
b1011 >
0?
b110001001010 B
1E
#62950000
b0000000000000000110001001100 &
15
17
#62960000
05
07
b1101 ;
b1101 >
1?
b110001001011 B
0E
#62970000
b0000000000000000110001001101 &
15
17
#62980000
b01110 1
05
07
b1010 ;
b1010 >
0?
b110001001100 B
1E
#62990000
b0000000000000000110001001110 &
15
17
#63000000
05
07
b1101 ;
b1101 >
1?
b110001001101 B
0E
#63010000
b0000000000000000110001001111 &
15
17
b11 9
b00000011 <
#63020000
b01101 1
05
07
b1001 ;
b1001 >
0?
b110001001110 B
b0011 D
1E
#63030000
b0000000000000000110001010000 &
15
17
b00 9
b00000000 <
#63040000
05
07
b1101 ;
b1101 >
1?
b1100 @
b110001001111 B
b1100 D
0E
#63050000
b0000000000000000110001010001 &
15
17
#63060000
b01100 1
b00000000000011000 3
05
07
b1000 ;
b1000 >
0?
b0000 @
b110001010000 B
b0000 D
1E
#63070000
b0000000000000000110001010010 &
15
17
#63080000
05
07
b1101 ;
b1101 >
1?
b110001010001 B
0E
#63090000
b0000000000000000110001010011 &
15
17
#63100000
b01011 1
05
07
b0111 ;
b0111 >
0?
b110001010010 B
1E
#63110000
b0000000000000000110001010100 &
15
17
#63120000
05
07
b1101 ;
b1101 >
1?
b110001010011 B
0E
#63130000
b0000000000000000110001010101 &
15
17
#63140000
b01010 1
05
07
b0110 ;
b0110 >
0?
b110001010100 B
1E
#63150000
b0000000000000000110001010110 &
15
17
#63160000
05
07
b1101 ;
b1101 >
1?
b110001010101 B
0E
#63170000
b0000000000000000110001010111 &
15
17
#63180000
b01001 1
05
07
b0101 ;
b0101 >
0?
b110001010110 B
1E
#63190000
b0000000000000000110001011000 &
15
17
#63200000
05
07
b1101 ;
b1101 >
1?
b110001010111 B
0E
#63210000
b0000000000000000110001011001 &
15
17
#63220000
b01000 1
05
07
b0100 ;
b0100 >
0?
b110001011000 B
1E
#63230000
b0000000000000000110001011010 &
15
17
#63240000
05
07
b1101 ;
b1101 >
1?
b110001011001 B
0E
#63250000
b0000000000000000110001011011 &
15
17
#63260000
b00111 1
05
07
b0011 ;
b0011 >
0?
b110001011010 B
1E
#63270000
b0000000000000000110001011100 &
15
17
#63280000
05
07
b1101 ;
b1101 >
1?
b110001011011 B
0E
#63290000
b0000000000000000110001011101 &
15
17
#63300000
b00110 1
05
07
b0010 ;
b0010 >
0?
b110001011100 B
1E
#63310000
b0000000000000000110001011110 &
15
17
#63320000
05
07
b1101 ;
b1101 >
1?
b110001011101 B
0E
#63330000
b0000000000000000110001011111 &
15
17
#63340000
b00101 1
05
07
b0001 ;
b0001 >
0?
b110001011110 B
1E
#63350000
b0000000000000000110001100000 &
15
17
#63360000
05
07
b1101 ;
b1101 >
1?
b110001011111 B
0E
#63370000
b0000000000000000110001100001 &
15
17
#63380000
b00100 1
05
07
b0000 ;
b0000 >
0?
b110001100000 B
1E
#63390000
b0000000000000000110001100010 &
15
17
#63400000
05
07
b1100 ;
b1100 >
1?
b110001100001 B
0E
#63410000
b0000000000000000110001100011 &
15
17
#63420000
b00011 1
05
07
b1111 ;
b1111 >
0?
b110001100010 B
1E
#63430000
b0000000000000000110001100100 &
15
17
#63440000
05
07
b1100 ;
b1100 >
1?
b110001100011 B
0E
#63450000
b0000000000000000110001100101 &
15
17
#63460000
b00010 1
05
07
b1110 ;
b1110 >
0?
b110001100100 B
1E
#63470000
b0000000000000000110001100110 &
15
17
#63480000
05
07
b1100 ;
b1100 >
1?
b110001100101 B
0E
#63490000
b0000000000000000110001100111 &
15
17
#63500000
b00001 1
05
07
b1101 ;
b1101 >
0?
b110001100110 B
1E
#63510000
b0000000000000000110001101000 &
15
17
#63520000
05
07
b1100 ;
b1100 >
1?
b110001100111 B
0E
#63530000
b0000000000000000110001101001 &
15
17
#63540000
b00000 1
05
07
0?
b110001101000 B
1E
#63550000
b0000000000000000110001101010 &
15
17
#63560000
05
07
1?
b110001101001 B
0E
#63570000
b0000000000000000110001101011 &
15
17
#63580000
b01111 2
b00000000000010111 3
05
07
b1011 ;
b1011 >
0?
b110001101010 B
1E
#63590000
b0000000000000000110001101100 &
15
17
b10 9
b00000010 <
#63600000
05
07
b1100 ;
b1100 >
1?
b0001 @
b110001101011 B
b0001 D
0E
#63610000
b0000000000000000110001101101 &
15
17
b00 9
b00000000 <
#63620000
b01110 2
b00000000000010110 3
05
07
b1010 ;
b1010 >
0?
b0000 @
b110001101100 B
b0100 D
1E
#63630000
b0000000000000000110001101110 &
15
17
#63640000
05
07
b1100 ;
b1100 >
1?
b110001101101 B
b0000 D
0E
#63650000
b0000000000000000110001101111 &
15
17
#63660000
b01101 2
b00000000000010101 3
05
07
b1001 ;
b1001 >
0?
b110001101110 B
1E
#63670000
b0000000000000000110001110000 &
15
17
b01 9
b00000001 <
#63680000
05
07
b1100 ;
b1100 >
1?
b0010 @
b110001101111 B
b0010 D
0E
#63690000
b0000000000000000110001110001 &
15
17
b00 9
b00000000 <
#63700000
b01100 2
b00000000000010100 3
05
07
b1000 ;
b1000 >
0?
b0000 @
b110001110000 B
b1000 D
1E
#63710000
b0000000000000000110001110010 &
15
17
#63720000
05
07
b1100 ;
b1100 >
1?
b110001110001 B
b0000 D
0E
#63730000
b0000000000000000110001110011 &
15
17
#63740000
b01011 2
b00000000000010011 3
05
07
b0111 ;
b0111 >
0?
b110001110010 B
1E
#63750000
b0000000000000000110001110100 &
15
17
b11 9
b00000011 <
#63760000
05
07
b1100 ;
b1100 >
1?
b0011 @
b110001110011 B
b0011 D
0E
#63770000
b0000000000000000110001110101 &
15
17
b00 9
b00000000 <
#63780000
b01010 2
b00000000000010010 3
05
07
b0110 ;
b0110 >
0?
b0000 @
b110001110100 B
b1100 D
1E
#63790000
b0000000000000000110001110110 &
15
17
#63800000
05
07
b1100 ;
b1100 >
1?
b110001110101 B
b0000 D
0E
#63810000
b0000000000000000110001110111 &
15
17
b10 9
b00000010 <
#63820000
b01001 2
b00000000000010001 3
05
07
b0101 ;
b0101 >
0?
b110001110110 B
b0001 D
1E
#63830000
b0000000000000000110001111000 &
15
17
b00 9
b00000000 <
#63840000
05
07
b1100 ;
b1100 >
1?
b0100 @
b110001110111 B
b0100 D
0E
#63850000
b0000000000000000110001111001 &
15
17
#63860000
b01000 2
b00000000000010000 3
05
07
b0100 ;
b0100 >
0?
b0000 @
b110001111000 B
b0000 D
1E
#63870000
b0000000000000000110001111010 &
15
17
#63880000
05
07
b1100 ;
b1100 >
1?
b110001111001 B
0E
#63890000
b0000000000000000110001111011 &
15
17
b10 9
b00000010 <
#63900000
b00111 2
b00000000000001111 3
05
07
b0011 ;
b0011 >
0?
b110001111010 B
b0001 D
1E
#63910000
b0000000000000000110001111100 &
15
17
#63920000
05
07
b1100 ;
b1100 >
1?
b0101 @
b110001111011 B
b0101 D
0E
#63930000
b0000000000000000110001111101 &
15
17
b00 9
b00000000 <
#63940000
b00110 2
b00000000000001110 3
05
07
b0010 ;
b0010 >
0?
b0000 @
b110001111100 B
b0100 D
1E
#63950000
b0000000000000000110001111110 &
15
17
#63960000
05
07
b1100 ;
b1100 >
1?
b110001111101 B
b0000 D
0E
#63970000
b0000000000000000110001111111 &
15
17
b10 9
b00000010 <
#63980000
b00101 2
b00000000000001101 3
05
07
b0001 ;
b0001 >
0?
b110001111110 B
b0001 D
1E
#63990000
b0000000000000000110010000000 &
15
17
b01 9
b00000001 <
#64000000
05
07
b1100 ;
b1100 >
1?
b0110 @
b110001111111 B
b0110 D
0E
#64010000
b0000000000000000110010000001 &
15
17
b00 9
b00000000 <
#64020000
b00100 2
b00000000000001100 3
05
07
b0000 ;
b0000 >
0?
b0000 @
b110010000000 B
b1000 D
1E
#64030000
b0000000000000000110010000010 &
15
17
#64040000
05
07
b1011 ;
b1011 >
1?
b110010000001 B
b0000 D
0E
#64050000
b0000000000000000110010000011 &
15
17
b10 9
b00000010 <
#64060000
b00011 2
b00000000000001011 3
05
07
b1111 ;
b1111 >
0?
b110010000010 B
b0001 D
1E
#64070000
b0000000000000000110010000100 &
15
17
b11 9
b00000011 <
#64080000
05
07
b1011 ;
b1011 >
1?
b0111 @
b110010000011 B
b0111 D
0E
#64090000
b0000000000000000110010000101 &
15
17
b00 9
b00000000 <
#64100000
b00010 2
b00000000000001010 3
05
07
b1110 ;
b1110 >
0?
b0000 @
b110010000100 B
b1100 D
1E
#64110000
b0000000000000000110010000110 &
15
17
#64120000
05
07
b1011 ;
b1011 >
1?
b110010000101 B
b0000 D
0E
#64130000
b0000000000000000110010000111 &
15
17
b01 9
b00000001 <
#64140000
b00001 2
b00000000000001001 3
05
07
b1101 ;
b1101 >
0?
b110010000110 B
b0010 D
1E
#64150000
b0000000000000000110010001000 &
15
17
b00 9
b00000000 <
#64160000
05
07
b1011 ;
b1011 >
1?
b1000 @
b110010000111 B
b1000 D
0E
#64170000
b0000000000000000110010001001 &
15
17
#64180000
b00000 2
b00000000000001000 3
05
07
b1100 ;
b1100 >
0?
b0000 @
b110010001000 B
b0000 D
1E
#64190000
b0000000000000000110010001010 &
15
17
#64200000
05
07
b1011 ;
b1011 >
1?
b110010001001 B
0E
#64210000
b0000000000000000110010001011 &
15
17
b01 9
b00000001 <
#64220000
1)
b00000000000000111 3
05
07
0?
b110010001010 B
b0010 D
1E
#64230000
b0000000000000000110010001100 &
15
17
b10 9
b00000010 <
#64240000
0)
b000001111001 ,
05
07
1?
b1001 @
b110010001011 B
b1001 D
0E
#64250000
b0000000000000000110010001101 &
15
17
b00 9
b00000000 <
#64260000
1)
b1001 *
b00000000000000110 3
05
07
b1010 ;
b1010 >
0?
b0000 @
b110010001100 B
b0100 D
1E
#64270000
b0000000000000000110010001110 &
15
17
#64280000
0)
b0000 *
b000001111010 ,
05
07
b1011 ;
b1011 >
1?
b110010001101 B
b0000 D
0E
#64290000
b0000000000000000110010001111 &
15
17
b01 9
b00000001 <
#64300000
1)
b00000000000000101 3
05
07
b1001 ;
b1001 >
0?
b110010001110 B
b0010 D
1E
#64310000
b0000000000000000110010010000 &
15
17
#64320000
0)
b000001111011 ,
05
07
b1011 ;
b1011 >
1?
b1010 @
b110010001111 B
b1010 D
0E
#64330000
b0000000000000000110010010001 &
15
17
b00 9
b00000000 <
#64340000
1)
b1010 *
b00000000000000100 3
05
07
b1000 ;
b1000 >
0?
b0000 @
b110010010000 B
b1000 D
1E
#64350000
b0000000000000000110010010010 &
15
17
#64360000
0)
b0000 *
b000001111100 ,
05
07
b1011 ;
b1011 >
1?
b110010010001 B
b0000 D
0E
#64370000
b0000000000000000110010010011 &
15
17
b01 9
b00000001 <
#64380000
1)
b00000000000000011 3
05
07
b0111 ;
b0111 >
0?
b110010010010 B
b0010 D
1E
#64390000
b0000000000000000110010010100 &
15
17
b11 9
b00000011 <
#64400000
0)
b000001111101 ,
05
07
b1011 ;
b1011 >
1?
b1011 @
b110010010011 B
b1011 D
0E
#64410000
b0000000000000000110010010101 &
15
17
b00 9
b00000000 <
#64420000
1)
b1011 *
b00000000000000010 3
05
07
b0110 ;
b0110 >
0?
b0000 @
b110010010100 B
b1100 D
1E
#64430000
b0000000000000000110010010110 &
15
17
#64440000
0)
b0000 *
b000001111110 ,
05
07
b1011 ;
b1011 >
1?
b110010010101 B
b0000 D
0E
#64450000
b0000000000000000110010010111 &
15
17
b11 9
b00000011 <
#64460000
1)
b00000000000000001 3
05
07
b0101 ;
b0101 >
0?
b110010010110 B
b0011 D
1E
#64470000
b0000000000000000110010011000 &
15
17
b00 9
b00000000 <
#64480000
0)
b000001111111 ,
05
07
b1011 ;
b1011 >
1?
b1100 @
b110010010111 B
b1100 D
0E
#64490000
b0000000000000000110010011001 &
15
17
#64500000
1)
b1100 *
b00000000000000000 3
05
07
b0100 ;
b0100 >
0?
b0000 @
b110010011000 B
b0000 D
1E
#64510000
b0000000000000000110010011010 &
15
17
#64520000
0)
b0000 *
b000010000000 ,
05
07
b1011 ;
b1011 >
1?
b110010011001 B
0E
#64530000
b0000000000000000110010011011 &
15
17
#64540000
05
07
b0011 ;
b0011 >
0?
b110010011010 B
1E
#64550000
b0000000000000000110010011100 &
15
17
#64560000
05
07
b1011 ;
b1011 >
1?
b110010011011 B
0E
#64570000
b0000000000000000110010011101 &
15
17
#64580000
05
07
b0010 ;
b0010 >
0?
b110010011100 B
1E
#64590000
b0000000000000000110010011110 &
15
17
#64600000
05
07
b1011 ;
b1011 >
1?
b110010011101 B
0E
#64610000
b0000000000000000110010011111 &
15
17
#64620000
05
07
b0001 ;
b0001 >
0?
b110010011110 B
1E
#64630000
b0000000000000000110010100000 &
15
17
#64640000
05
07
b1011 ;
b1011 >
1?
b110010011111 B
0E
#64650000
b0000000000000000110010100001 &
15
17
#64660000
05
07
b0000 ;
b0000 >
0?
b110010100000 B
1E
#64670000
b0000000000000000110010100010 &
15
17
#64680000
05
07
b1010 ;
b1010 >
1?
b110010100001 B
0E
#64690000
b0000000000000000110010100011 &
15
17
#64700000
05
07
b1111 ;
b1111 >
0?
b110010100010 B
1E
#64710000
b0000000000000000110010100100 &
15
17
#64720000
05
07
b1010 ;
b1010 >
1?
b110010100011 B
0E
#64730000
b0000000000000000110010100101 &
15
17
#64740000
05
07
b1110 ;
b1110 >
0?
b110010100100 B
1E
#64750000
b0000000000000000110010100110 &
15
17
#64760000
05
07
b1010 ;
b1010 >
1?
b110010100101 B
0E
#64770000
b0000000000000000110010100111 &
15
17
#64780000
05
07
b1101 ;
b1101 >
0?
b110010100110 B
1E
#64790000
b0000000000000000110010101000 &
15
17
b00 8
#64800000
00
05
07
b1010 ;
b1010 >
1?
b110010100111 B
0E
#64810000
b0000000000000000110010101001 &
15
17
#64820000
b10000 1
b10000 2
05
07
b1100 ;
b1100 >
0?
b110010101000 B
#64830000
b0000000000000000110010101010 &
15
17
#64840000
05
07
b1010 ;
b1010 >
b110010101001 B
#64850000
b0000000000000000110010101011 &
15
17
#64860000
05
07
b1011 ;
b1011 >
b110010101010 B
#64870000
b0000000000000000110010101100 &
15
17
#64880000
05
07
b1010 ;
b1010 >
b110010101011 B
#64890000
b0000000000000000110010101101 &
15
17
#64900000
05
07
b110010101100 B
#64910000
b0000000000000000110010101110 &
15
17
#64920000
05
07
b110010101101 B
#64930000
b0000000000000000110010101111 &
15
17
#64940000
05
07
b1001 ;
b1001 >
b110010101110 B
#64950000
b0000000000000000110010110000 &
15
17
#64960000
05
07
b1010 ;
b1010 >
b110010101111 B
#64970000
b0000000000000000110010110001 &
15
17
#64980000
05
07
b1000 ;
b1000 >
b110010110000 B
#64990000
b0000000000000000110010110010 &
15
17
#65000000
05
07
b1010 ;
b1010 >
b110010110001 B
#65010000
b0000000000000000110010110011 &
15
17
#65020000
05
07
b0111 ;
b0111 >
b110010110010 B
#65030000
b0000000000000000110010110100 &
15
17
#65040000
05
07
b1010 ;
b1010 >
b110010110011 B
#65050000
b0000000000000000110010110101 &
15
17
#65060000
05
07
b0110 ;
b0110 >
b110010110100 B
#65070000
b0000000000000000110010110110 &
15
17
#65080000
05
07
b1010 ;
b1010 >
b110010110101 B
#65090000
b0000000000000000110010110111 &
15
17
#65100000
05
07
b0101 ;
b0101 >
b110010110110 B
#65110000
b0000000000000000110010111000 &
15
17
#65120000
05
07
b1010 ;
b1010 >
b110010110111 B
#65130000
b0000000000000000110010111001 &
15
17
#65140000
05
07
b0100 ;
b0100 >
b110010111000 B
#65150000
b0000000000000000110010111010 &
15
17
#65160000
05
07
b1010 ;
b1010 >
b110010111001 B
#65170000
b0000000000000000110010111011 &
15
17
#65180000
05
07
b0011 ;
b0011 >
b110010111010 B
#65190000
b0000000000000000110010111100 &
15
17
#65200000
05
07
b1010 ;
b1010 >
b110010111011 B
#65210000
b0000000000000000110010111101 &
15
17
#65220000
05
07
b0010 ;
b0010 >
b110010111100 B
#65230000
b0000000000000000110010111110 &
15
17
#65240000
05
07
b1010 ;
b1010 >
b110010111101 B
#65250000
b0000000000000000110010111111 &
15
17
#65260000
05
07
b0001 ;
b0001 >
b110010111110 B
#65270000
b0000000000000000110011000000 &
15
17
#65280000
05
07
b1010 ;
b1010 >
b110010111111 B
#65290000
b0000000000000000110011000001 &
15
17
#65300000
05
07
b0000 ;
b0000 >
b110011000000 B
#65310000
b0000000000000000110011000010 &
15
17
b01 8
b11 9
b00000011 <
#65320000
05
07
b1001 ;
b1001 >
b110011000001 B
#65330000
b0000000000000000110011000011 &
15
17
#65340000
05
07
b1111 ;
b1111 >
b110011000010 B
#65350000
b0000000000000000110011000100 &
15
17
#65360000
05
07
b1001 ;
b1001 >
b110011000011 B
#65370000
b0000000000000000110011000101 &
15
17
#65380000
05
07
b1110 ;
b1110 >
b110011000100 B
#65390000
b0000000000000000110011000110 &
15
17
b00 9
b00000000 <
#65400000
10
05
07
b1001 ;
b1001 >
b110011000101 B
#65410000
b0000000000000000110011000111 &
15
17
b11 9
b00000011 <
#65420000
05
07
b1101 ;
b1101 >
b110011000110 B
b0011 D
1E
#65430000
b0000000000000000110011001000 &
15
17
#65440000
05
07
b1001 ;
b1001 >
1?
b1111 @
b110011000111 B
b1111 D
0E
#65450000
b0000000000000000110011001001 &
15
17
#65460000
b01111 1
b00000000000011110 3
05
07
b1100 ;
b1100 >
0?
b0000 @
b110011001000 B
1E
#65470000
b0000000000000000110011001010 &
15
17
#65480000
05
07
b1001 ;
b1001 >
1?
b1111 @
b110011001001 B
0E
#65490000
b0000000000000000110011001011 &
15
17
#65500000
b01110 1
b00000000111111110 3
05
07
b1011 ;
b1011 >
0?
b0000 @
b110011001010 B
1E
#65510000
b0000000000000000110011001100 &
15
17
#65520000
05
07
b1001 ;
b1001 >
1?
b1111 @
b110011001011 B
0E
#65530000
b0000000000000000110011001101 &
15
17
#65540000
b01101 1
b00001111111111110 3
05
07
b1010 ;
b1010 >
0?
b0000 @
b110011001100 B
1E
#65550000
b0000000000000000110011001110 &
15
17
#65560000
05
07
b1001 ;
b1001 >
1?
b1111 @
b110011001101 B
0E
#65570000
b0000000000000000110011001111 &
15
17
#65580000
b01100 1
b11111111111111110 3
05
07
0?
b0000 @
b110011001110 B
1E
#65590000
b0000000000000000110011010000 &
15
17
#65600000
05
07
1?
b1111 @
b110011001111 B
0E
#65610000
b0000000000000000110011010001 &
15
17
#65620000
b01011 1
14
05
07
b1000 ;
b1000 >
0?
b0000 @
b110011010000 B
1E
#65630000
b0000000000000000110011010010 &
15
17
#65640000
05
07
b1001 ;
b1001 >
1?
b1111 @
b110011010001 B
0E
#65650000
b0000000000000000110011010011 &
15
17
#65660000
b01010 1
05
07
b0111 ;
b0111 >
0?
b0000 @
b110011010010 B
1E
#65670000
b0000000000000000110011010100 &
15
17
#65680000
05
07
b1001 ;
b1001 >
1?
b1111 @
b110011010011 B
0E
#65690000
b0000000000000000110011010101 &
15
17
#65700000
b01001 1
05
07
b0110 ;
b0110 >
0?
b0000 @
b110011010100 B
1E
#65710000
b0000000000000000110011010110 &
15
17
#65720000
05
07
b1001 ;
b1001 >
1?
b1111 @
b110011010101 B
0E
#65730000
b0000000000000000110011010111 &
15
17
#65740000
b01000 1
05
07
b0101 ;
b0101 >
0?
b0000 @
b110011010110 B
1E
#65750000
b0000000000000000110011011000 &
15
17
#65760000
05
07
b1001 ;
b1001 >
1?
b1111 @
b110011010111 B
0E
#65770000
b0000000000000000110011011001 &
15
17
#65780000
b00111 1
05
07
b0100 ;
b0100 >
0?
b0000 @
b110011011000 B
1E
#65790000
b0000000000000000110011011010 &
15
17
#65800000
05
07
b1001 ;
b1001 >
1?
b1111 @
b110011011001 B
0E
#65810000
b0000000000000000110011011011 &
15
17
#65820000
b00110 1
05
07
b0011 ;
b0011 >
0?
b0000 @
b110011011010 B
1E
#65830000
b0000000000000000110011011100 &
15
17
#65840000
05
07
b1001 ;
b1001 >
1?
b1111 @
b110011011011 B
0E
#65850000
b0000000000000000110011011101 &
15
17
#65860000
b00101 1
05
07
b0010 ;
b0010 >
0?
b0000 @
b110011011100 B
1E
#65870000
b0000000000000000110011011110 &
15
17
#65880000
05
07
b1001 ;
b1001 >
1?
b1111 @
b110011011101 B
0E
#65890000
b0000000000000000110011011111 &
15
17
#65900000
b00100 1
05
07
b0001 ;
b0001 >
0?
b0000 @
b110011011110 B
1E
#65910000
b0000000000000000110011100000 &
15
17
#65920000
05
07
b1001 ;
b1001 >
1?
b1111 @
b110011011111 B
0E
#65930000
b0000000000000000110011100001 &
15
17
#65940000
b00011 1
05
07
b0000 ;
b0000 >
0?
b0000 @
b110011100000 B
1E
#65950000
b0000000000000000110011100010 &
15
17
#65960000
05
07
b1000 ;
b1000 >
1?
b1111 @
b110011100001 B
0E
#65970000
b0000000000000000110011100011 &
15
17
#65980000
b00010 1
05
07
b1111 ;
b1111 >
0?
b0000 @
b110011100010 B
1E
#65990000
b0000000000000000110011100100 &
15
17
#66000000
05
07
b1000 ;
b1000 >
1?
b1111 @
b110011100011 B
0E
#66010000
b0000000000000000110011100101 &
15
17
#66020000
b00001 1
05
07
b1110 ;
b1110 >
0?
b0000 @
b110011100100 B
1E
#66030000
b0000000000000000110011100110 &
15
17
#66040000
05
07
b1000 ;
b1000 >
1?
b1111 @
b110011100101 B
0E
#66050000
b0000000000000000110011100111 &
15
17
#66060000
b00000 1
05
07
b1101 ;
b1101 >
0?
b0000 @
b110011100110 B
1E
#66070000
b0000000000000000110011101000 &
15
17
#66080000
05
07
b1000 ;
b1000 >
1?
b1111 @
b110011100111 B
0E
#66090000
b0000000000000000110011101001 &
15
17
#66100000
b01111 2
b11111111111111101 3
05
07
b1100 ;
b1100 >
0?
b0000 @
b110011101000 B
1E
#66110000
b0000000000000000110011101010 &
15
17
#66120000
05
07
b1000 ;
b1000 >
1?
b1111 @
b110011101001 B
0E
#66130000
b0000000000000000110011101011 &
15
17
#66140000
b01110 2
b11111111111111100 3
05
07
b1011 ;
b1011 >
0?
b0000 @
b110011101010 B
1E
#66150000
b0000000000000000110011101100 &
15
17
#66160000
05
07
b1000 ;
b1000 >
1?
b1111 @
b110011101011 B
0E
#66170000
b0000000000000000110011101101 &
15
17
#66180000
b01101 2
b11111111111111011 3
05
07
b1010 ;
b1010 >
0?
b0000 @
b110011101100 B
1E
#66190000
b0000000000000000110011101110 &
15
17
#66200000
05
07
b1000 ;
b1000 >
1?
b1111 @
b110011101101 B
0E
#66210000
b0000000000000000110011101111 &
15
17
#66220000
b01100 2
b11111111111111010 3
05
07
b1001 ;
b1001 >
0?
b0000 @
b110011101110 B
1E
#66230000
b0000000000000000110011110000 &
15
17
#66240000
05
07
b1000 ;
b1000 >
1?
b1111 @
b110011101111 B
0E
#66250000
b0000000000000000110011110001 &
15
17
#66260000
b01011 2
b11111111111111001 3
05
07
0?
b0000 @
b110011110000 B
1E
#66270000
b0000000000000000110011110010 &
15
17
#66280000
05
07
1?
b1111 @
b110011110001 B
0E
#66290000
b0000000000000000110011110011 &
15
17
#66300000
b01010 2
b11111111111111000 3
05
07
b0111 ;
b0111 >
0?
b0000 @
b110011110010 B
1E
#66310000
b0000000000000000110011110100 &
15
17
#66320000
05
07
b1000 ;
b1000 >
1?
b1111 @
b110011110011 B
0E
#66330000
b0000000000000000110011110101 &
15
17
#66340000
b01001 2
b11111111111110111 3
05
07
b0110 ;
b0110 >
0?
b0000 @
b110011110100 B
1E
#66350000
b0000000000000000110011110110 &
15
17
b10 9
b00000010 <
#66360000
05
07
b1000 ;
b1000 >
1?
b1101 @
b110011110101 B
b1101 D
0E
#66370000
b0000000000000000110011110111 &
15
17
#66380000
b01000 2
b11111111111110110 3
05
07
b0101 ;
b0101 >
0?
b0000 @
b110011110110 B
b0101 D
1E
#66390000
b0000000000000000110011111000 &
15
17
#66400000
05
07
b1000 ;
b1000 >
1?
b0101 @
b110011110111 B
0E
#66410000
b0000000000000000110011111001 &
15
17
#66420000
b00111 2
b11111111111110101 3
05
07
b0100 ;
b0100 >
0?
b0000 @
b110011111000 B
1E
#66430000
b0000000000000000110011111010 &
15
17
#66440000
05
07
b1000 ;
b1000 >
1?
b0101 @
b110011111001 B
0E
#66450000
b0000000000000000110011111011 &
15
17
#66460000
b00110 2
b11111111111110100 3
05
07
b0011 ;
b0011 >
0?
b0000 @
b110011111010 B
1E
#66470000
b0000000000000000110011111100 &
15
17
#66480000
05
07
b1000 ;
b1000 >
1?
b0101 @
b110011111011 B
0E
#66490000
b0000000000000000110011111101 &
15
17
#66500000
b00101 2
b11111111111110011 3
05
07
b0010 ;
b0010 >
0?
b0000 @
b110011111100 B
1E
#66510000
b0000000000000000110011111110 &
15
17
#66520000
05
07
b1000 ;
b1000 >
1?
b0101 @
b110011111101 B
0E
#66530000
b0000000000000000110011111111 &
15
17
#66540000
b00100 2
b11111111111110010 3
05
07
b0001 ;
b0001 >
0?
b0000 @
b110011111110 B
1E
#66550000
b0000000000000000110100000000 &
15
17
#66560000
05
07
b1000 ;
b1000 >
1?
b0101 @
b110011111111 B
0E
#66570000
b0000000000000000110100000001 &
15
17
#66580000
b00011 2
b11111111111110001 3
05
07
b0000 ;
b0000 >
0?
b0000 @
b110100000000 B
1E
#66590000
b0000000000000000110100000010 &
15
17
#66600000
05
07
b0111 ;
b0111 >
1?
b0101 @
b110100000001 B
0E
#66610000
b0000000000000000110100000011 &
15
17
#66620000
b00010 2
b11111111111110000 3
05
07
b1111 ;
b1111 >
0?
b0000 @
b110100000010 B
1E
#66630000
b0000000000000000110100000100 &
15
17
#66640000
05
07
b0111 ;
b0111 >
1?
b0101 @
b110100000011 B
0E
#66650000
b0000000000000000110100000101 &
15
17
#66660000
b00001 2
b11111111111101111 3
05
07
b1110 ;
b1110 >
0?
b0000 @
b110100000100 B
1E
#66670000
b0000000000000000110100000110 &
15
17
b00 8
#66680000
00
05
07
b0111 ;
b0111 >
1?
b110100000101 B
b0000 D
0E
#66690000
b0000000000000000110100000111 &
15
17
#66700000
b10000 1
b10000 2
b00000000000000000 3
04
05
07
b1101 ;
b1101 >
0?
b110100000110 B
#66710000
b0000000000000000110100001000 &
15
17
#66720000
05
07
b0111 ;
b0111 >
b110100000111 B
#66730000
b0000000000000000110100001001 &
15
17
#66740000
05
07
b1100 ;
b1100 >
b110100001000 B
#66750000
b0000000000000000110100001010 &
15
17
#66760000
05
07
b0111 ;
b0111 >
b110100001001 B
#66770000
b0000000000000000110100001011 &
15
17
#66780000
05
07
b1011 ;
b1011 >
b110100001010 B
#66790000
b0000000000000000110100001100 &
15
17
#66800000
05
07
b0111 ;
b0111 >
b110100001011 B
#66810000
b0000000000000000110100001101 &
15
17
#66820000
05
07
b1010 ;
b1010 >
b110100001100 B
#66830000
b0000000000000000110100001110 &
15
17
#66840000
05
07
b0111 ;
b0111 >
b110100001101 B
#66850000
b0000000000000000110100001111 &
15
17
#66860000
05
07
b1001 ;
b1001 >
b110100001110 B
#66870000
b0000000000000000110100010000 &
15
17
b01 8
b11 9
b00000011 <
#66880000
05
07
b0111 ;
b0111 >
b110100001111 B
#66890000
b0000000000000000110100010001 &
15
17
#66900000
05
07
b1000 ;
b1000 >
b110100010000 B
#66910000
b0000000000000000110100010010 &
15
17
#66920000
05
07
b0111 ;
b0111 >
b110100010001 B
#66930000
b0000000000000000110100010011 &
15
17
#66940000
05
07
b110100010010 B
#66950000
b0000000000000000110100010100 &
15
17
b00 9
b00000000 <
#66960000
10
05
07
b110100010011 B
#66970000
b0000000000000000110100010101 &
15
17
#66980000
05
07
b0110 ;
b0110 >
b110100010100 B
1E
#66990000
b0000000000000000110100010110 &
15
17
#67000000
05
07
b0111 ;
b0111 >
1?
b110100010101 B
0E
#67010000
b0000000000000000110100010111 &
15
17
#67020000
b01111 1
05
07
b0101 ;
b0101 >
0?
b110100010110 B
1E
#67030000
b0000000000000000110100011000 &
15
17
#67040000
05
07
b0111 ;
b0111 >
1?
b110100010111 B
0E
#67050000
b0000000000000000110100011001 &
15
17
#67060000
b01110 1
05
07
b0100 ;
b0100 >
0?
b110100011000 B
1E
#67070000
b0000000000000000110100011010 &
15
17
#67080000
05
07
b0111 ;
b0111 >
1?
b110100011001 B
0E
#67090000
b0000000000000000110100011011 &
15
17
b11 9
b00000011 <
#67100000
b01101 1
05
07
b0011 ;
b0011 >
0?
b110100011010 B
b0011 D
1E
#67110000
b0000000000000000110100011100 &
15
17
b00 9
b00000000 <
#67120000
05
07
b0111 ;
b0111 >
1?
b1100 @
b110100011011 B
b1100 D
0E
#67130000
b0000000000000000110100011101 &
15
17
#67140000
b01100 1
b00000000000011000 3
05
07
b0010 ;
b0010 >
0?
b0000 @
b110100011100 B
b0000 D
1E
#67150000
b0000000000000000110100011110 &
15
17
#67160000
05
07
b0111 ;
b0111 >
1?
b110100011101 B
0E
#67170000
b0000000000000000110100011111 &
15
17
#67180000
b01011 1
05
07
b0001 ;
b0001 >
0?
b110100011110 B
1E
#67190000
b0000000000000000110100100000 &
15
17
#67200000
05
07
b0111 ;
b0111 >
1?
b110100011111 B
0E
#67210000
b0000000000000000110100100001 &
15
17
#67220000
b01010 1
05
07
b0000 ;
b0000 >
0?
b110100100000 B
1E
#67230000
b0000000000000000110100100010 &
15
17
#67240000
05
07
b0110 ;
b0110 >
1?
b110100100001 B
0E
#67250000
b0000000000000000110100100011 &
15
17
#67260000
b01001 1
05
07
b1111 ;
b1111 >
0?
b110100100010 B
1E
#67270000
b0000000000000000110100100100 &
15
17
#67280000
05
07
b0110 ;
b0110 >
1?
b110100100011 B
0E
#67290000
b0000000000000000110100100101 &
15
17
#67300000
b01000 1
05
07
b1110 ;
b1110 >
0?
b110100100100 B
1E
#67310000
b0000000000000000110100100110 &
15
17
#67320000
05
07
b0110 ;
b0110 >
1?
b110100100101 B
0E
#67330000
b0000000000000000110100100111 &
15
17
#67340000
b00111 1
05
07
b1101 ;
b1101 >
0?
b110100100110 B
1E
#67350000
b0000000000000000110100101000 &
15
17
#67360000
05
07
b0110 ;
b0110 >
1?
b110100100111 B
0E
#67370000
b0000000000000000110100101001 &
15
17
#67380000
b00110 1
05
07
b1100 ;
b1100 >
0?
b110100101000 B
1E
#67390000
b0000000000000000110100101010 &
15
17
#67400000
05
07
b0110 ;
b0110 >
1?
b110100101001 B
0E
#67410000
b0000000000000000110100101011 &
15
17
#67420000
b00101 1
05
07
b1011 ;
b1011 >
0?
b110100101010 B
1E
#67430000
b0000000000000000110100101100 &
15
17
#67440000
05
07
b0110 ;
b0110 >
1?
b110100101011 B
0E
#67450000
b0000000000000000110100101101 &
15
17
#67460000
b00100 1
05
07
b1010 ;
b1010 >
0?
b110100101100 B
1E
#67470000
b0000000000000000110100101110 &
15
17
#67480000
05
07
b0110 ;
b0110 >
1?
b110100101101 B
0E
#67490000
b0000000000000000110100101111 &
15
17
#67500000
b00011 1
05
07
b1001 ;
b1001 >
0?
b110100101110 B
1E
#67510000
b0000000000000000110100110000 &
15
17
#67520000
05
07
b0110 ;
b0110 >
1?
b110100101111 B
0E
#67530000
b0000000000000000110100110001 &
15
17
#67540000
b00010 1
05
07
b1000 ;
b1000 >
0?
b110100110000 B
1E
#67550000
b0000000000000000110100110010 &
15
17
#67560000
05
07
b0110 ;
b0110 >
1?
b110100110001 B
0E
#67570000
b0000000000000000110100110011 &
15
17
#67580000
b00001 1
05
07
b0111 ;
b0111 >
0?
b110100110010 B
1E
#67590000
b0000000000000000110100110100 &
15
17
#67600000
05
07
b0110 ;
b0110 >
1?
b110100110011 B
0E
#67610000
b0000000000000000110100110101 &
15
17
#67620000
b00000 1
05
07
0?
b110100110100 B
1E
#67630000
b0000000000000000110100110110 &
15
17
#67640000
05
07
1?
b110100110101 B
0E
#67650000
b0000000000000000110100110111 &
15
17
#67660000
b01111 2
b00000000000010111 3
05
07
b0101 ;
b0101 >
0?
b110100110110 B
1E
#67670000
b0000000000000000110100111000 &
15
17
b10 9
b00000010 <
#67680000
05
07
b0110 ;
b0110 >
1?
b0001 @
b110100110111 B
b0001 D
0E
#67690000
b0000000000000000110100111001 &
15
17
b00 9
b00000000 <
#67700000
b01110 2
b00000000000010110 3
05
07
b0100 ;
b0100 >
0?
b0000 @
b110100111000 B
b0100 D
1E
#67710000
b0000000000000000110100111010 &
15
17
#67720000
05
07
b0110 ;
b0110 >
1?
b110100111001 B
b0000 D
0E
#67730000
b0000000000000000110100111011 &
15
17
#67740000
b01101 2
b00000000000010101 3
05
07
b0011 ;
b0011 >
0?
b110100111010 B
1E
#67750000
b0000000000000000110100111100 &
15
17
b01 9
b00000001 <
#67760000
05
07
b0110 ;
b0110 >
1?
b0010 @
b110100111011 B
b0010 D
0E
#67770000
b0000000000000000110100111101 &
15
17
b00 9
b00000000 <
#67780000
b01100 2
b00000000000010100 3
05
07
b0010 ;
b0010 >
0?
b0000 @
b110100111100 B
b1000 D
1E
#67790000
b0000000000000000110100111110 &
15
17
#67800000
05
07
b0110 ;
b0110 >
1?
b110100111101 B
b0000 D
0E
#67810000
b0000000000000000110100111111 &
15
17
#67820000
b01011 2
b00000000000010011 3
05
07
b0001 ;
b0001 >
0?
b110100111110 B
1E
#67830000
b0000000000000000110101000000 &
15
17
b11 9
b00000011 <
#67840000
05
07
b0110 ;
b0110 >
1?
b0011 @
b110100111111 B
b0011 D
0E
#67850000
b0000000000000000110101000001 &
15
17
b00 9
b00000000 <
#67860000
b01010 2
b00000000000010010 3
05
07
b0000 ;
b0000 >
0?
b0000 @
b110101000000 B
b1100 D
1E
#67870000
b0000000000000000110101000010 &
15
17
#67880000
05
07
b0101 ;
b0101 >
1?
b110101000001 B
b0000 D
0E
#67890000
b0000000000000000110101000011 &
15
17
b10 9
b00000010 <
#67900000
b01001 2
b00000000000010001 3
05
07
b1111 ;
b1111 >
0?
b110101000010 B
b0001 D
1E
#67910000
b0000000000000000110101000100 &
15
17
b00 9
b00000000 <
#67920000
05
07
b0101 ;
b0101 >
1?
b0100 @
b110101000011 B
b0100 D
0E
#67930000
b0000000000000000110101000101 &
15
17
#67940000
b01000 2
b00000000000010000 3
05
07
b1110 ;
b1110 >
0?
b0000 @
b110101000100 B
b0000 D
1E
#67950000
b0000000000000000110101000110 &
15
17
#67960000
05
07
b0101 ;
b0101 >
1?
b110101000101 B
0E
#67970000
b0000000000000000110101000111 &
15
17
b10 9
b00000010 <
#67980000
b00111 2
b00000000000001111 3
05
07
b1101 ;
b1101 >
0?
b110101000110 B
b0001 D
1E
#67990000
b0000000000000000110101001000 &
15
17
#68000000
05
07
b0101 ;
b0101 >
1?
b0101 @
b110101000111 B
b0101 D
0E
#68010000
b0000000000000000110101001001 &
15
17
b00 9
b00000000 <
#68020000
b00110 2
b00000000000001110 3
05
07
b1100 ;
b1100 >
0?
b0000 @
b110101001000 B
b0100 D
1E
#68030000
b0000000000000000110101001010 &
15
17
#68040000
05
07
b0101 ;
b0101 >
1?
b110101001001 B
b0000 D
0E
#68050000
b0000000000000000110101001011 &
15
17
b10 9
b00000010 <
#68060000
b00101 2
b00000000000001101 3
05
07
b1011 ;
b1011 >
0?
b110101001010 B
b0001 D
1E
#68070000
b0000000000000000110101001100 &
15
17
b01 9
b00000001 <
#68080000
05
07
b0101 ;
b0101 >
1?
b0110 @
b110101001011 B
b0110 D
0E
#68090000
b0000000000000000110101001101 &
15
17
b00 9
b00000000 <
#68100000
b00100 2
b00000000000001100 3
05
07
b1010 ;
b1010 >
0?
b0000 @
b110101001100 B
b1000 D
1E
#68110000
b0000000000000000110101001110 &
15
17
#68120000
05
07
b0101 ;
b0101 >
1?
b110101001101 B
b0000 D
0E
#68130000
b0000000000000000110101001111 &
15
17
b10 9
b00000010 <
#68140000
b00011 2
b00000000000001011 3
05
07
b1001 ;
b1001 >
0?
b110101001110 B
b0001 D
1E
#68150000
b0000000000000000110101010000 &
15
17
b11 9
b00000011 <
#68160000
05
07
b0101 ;
b0101 >
1?
b0111 @
b110101001111 B
b0111 D
0E
#68170000
b0000000000000000110101010001 &
15
17
b00 9
b00000000 <
#68180000
b00010 2
b00000000000001010 3
05
07
b1000 ;
b1000 >
0?
b0000 @
b110101010000 B
b1100 D
1E
#68190000
b0000000000000000110101010010 &
15
17
#68200000
05
07
b0101 ;
b0101 >
1?
b110101010001 B
b0000 D
0E
#68210000
b0000000000000000110101010011 &
15
17
b01 9
b00000001 <
#68220000
b00001 2
b00000000000001001 3
05
07
b0111 ;
b0111 >
0?
b110101010010 B
b0010 D
1E
#68230000
b0000000000000000110101010100 &
15
17
b00 9
b00000000 <
#68240000
05
07
b0101 ;
b0101 >
1?
b1000 @
b110101010011 B
b1000 D
0E
#68250000
b0000000000000000110101010101 &
15
17
#68260000
b00000 2
b00000000000001000 3
05
07
b0110 ;
b0110 >
0?
b0000 @
b110101010100 B
b0000 D
1E
#68270000
b0000000000000000110101010110 &
15
17
#68280000
05
07
b0101 ;
b0101 >
1?
b110101010101 B
0E
#68290000
b0000000000000000110101010111 &
15
17
b01 9
b00000001 <
#68300000
1)
b00000000000000111 3
05
07
0?
b110101010110 B
b0010 D
1E
#68310000
b0000000000000000110101011000 &
15
17
b10 9
b00000010 <
#68320000
0)
b000010000001 ,
05
07
1?
b1001 @
b110101010111 B
b1001 D
0E
#68330000
b0000000000000000110101011001 &
15
17
b00 9
b00000000 <
#68340000
1)
b1001 *
b00000000000000110 3
05
07
b0100 ;
b0100 >
0?
b0000 @
b110101011000 B
b0100 D
1E
#68350000
b0000000000000000110101011010 &
15
17
#68360000
0)
b0000 *
b000010000010 ,
05
07
b0101 ;
b0101 >
1?
b110101011001 B
b0000 D
0E
#68370000
b0000000000000000110101011011 &
15
17
b01 9
b00000001 <
#68380000
1)
b00000000000000101 3
05
07
b0011 ;
b0011 >
0?
b110101011010 B
b0010 D
1E
#68390000
b0000000000000000110101011100 &
15
17
#68400000
0)
b000010000011 ,
05
07
b0101 ;
b0101 >
1?
b1010 @
b110101011011 B
b1010 D
0E
#68410000
b0000000000000000110101011101 &
15
17
b00 9
b00000000 <
#68420000
1)
b1010 *
b00000000000000100 3
05
07
b0010 ;
b0010 >
0?
b0000 @
b110101011100 B
b1000 D
1E
#68430000
b0000000000000000110101011110 &
15
17
#68440000
0)
b0000 *
b000010000100 ,
05
07
b0101 ;
b0101 >
1?
b110101011101 B
b0000 D
0E
#68450000
b0000000000000000110101011111 &
15
17
b01 9
b00000001 <
#68460000
1)
b00000000000000011 3
05
07
b0001 ;
b0001 >
0?
b110101011110 B
b0010 D
1E
#68470000
b0000000000000000110101100000 &
15
17
b11 9
b00000011 <
#68480000
0)
b000010000101 ,
05
07
b0101 ;
b0101 >
1?
b1011 @
b110101011111 B
b1011 D
0E
#68490000
b0000000000000000110101100001 &
15
17
b00 9
b00000000 <
#68500000
1)
b1011 *
b00000000000000010 3
05
07
b0000 ;
b0000 >
0?
b0000 @
b110101100000 B
b1100 D
1E
#68510000
b0000000000000000110101100010 &
15
17
#68520000
0)
b0000 *
b000010000110 ,
05
07
b0100 ;
b0100 >
1?
b110101100001 B
b0000 D
0E
#68530000
b0000000000000000110101100011 &
15
17
b11 9
b00000011 <
#68540000
1)
b00000000000000001 3
05
07
b1111 ;
b1111 >
0?
b110101100010 B
b0011 D
1E
#68550000
b0000000000000000110101100100 &
15
17
b00 9
b00000000 <
#68560000
0)
b000010000111 ,
05
07
b0100 ;
b0100 >
1?
b1100 @
b110101100011 B
b1100 D
0E
#68570000
b0000000000000000110101100101 &
15
17
#68580000
1)
b1100 *
b00000000000000000 3
05
07
b1110 ;
b1110 >
0?
b0000 @
b110101100100 B
b0000 D
1E
#68590000
b0000000000000000110101100110 &
15
17
#68600000
0)
b0000 *
b000010001000 ,
05
07
b0100 ;
b0100 >
1?
b110101100101 B
0E
#68610000
b0000000000000000110101100111 &
15
17
#68620000
05
07
b1101 ;
b1101 >
0?
b110101100110 B
1E
#68630000
b0000000000000000110101101000 &
15
17
#68640000
05
07
b0100 ;
b0100 >
1?
b110101100111 B
0E
#68650000
b0000000000000000110101101001 &
15
17
#68660000
05
07
b1100 ;
b1100 >
0?
b110101101000 B
1E
#68670000
b0000000000000000110101101010 &
15
17
#68680000
05
07
b0100 ;
b0100 >
1?
b110101101001 B
0E
#68690000
b0000000000000000110101101011 &
15
17
#68700000
05
07
b1011 ;
b1011 >
0?
b110101101010 B
1E
#68710000
b0000000000000000110101101100 &
15
17
#68720000
05
07
b0100 ;
b0100 >
1?
b110101101011 B
0E
#68730000
b0000000000000000110101101101 &
15
17
#68740000
05
07
b1010 ;
b1010 >
0?
b110101101100 B
1E
#68750000
b0000000000000000110101101110 &
15
17
#68760000
05
07
b0100 ;
b0100 >
1?
b110101101101 B
0E
#68770000
b0000000000000000110101101111 &
15
17
#68780000
05
07
b1001 ;
b1001 >
0?
b110101101110 B
1E
#68790000
b0000000000000000110101110000 &
15
17
#68800000
05
07
b0100 ;
b0100 >
1?
b110101101111 B
0E
#68810000
b0000000000000000110101110001 &
15
17
#68820000
05
07
b1000 ;
b1000 >
0?
b110101110000 B
1E
#68830000
b0000000000000000110101110010 &
15
17
#68840000
05
07
b0100 ;
b0100 >
1?
b110101110001 B
0E
#68850000
b0000000000000000110101110011 &
15
17
#68860000
05
07
b0111 ;
b0111 >
0?
b110101110010 B
1E
#68870000
b0000000000000000110101110100 &
15
17
b00 8
#68880000
00
05
07
b0100 ;
b0100 >
1?
b110101110011 B
0E
#68890000
b0000000000000000110101110101 &
15
17
#68900000
b10000 1
b10000 2
05
07
b0110 ;
b0110 >
0?
b110101110100 B
#68910000
b0000000000000000110101110110 &
15
17
#68920000
05
07
b0100 ;
b0100 >
b110101110101 B
#68930000
b0000000000000000110101110111 &
15
17
#68940000
05
07
b0101 ;
b0101 >
b110101110110 B
#68950000
b0000000000000000110101111000 &
15
17
#68960000
05
07
b0100 ;
b0100 >
b110101110111 B
#68970000
b0000000000000000110101111001 &
15
17
#68980000
05
07
b110101111000 B
#68990000
b0000000000000000110101111010 &
15
17
#69000000
05
07
b110101111001 B
#69010000
b0000000000000000110101111011 &
15
17
#69020000
05
07
b0011 ;
b0011 >
b110101111010 B
#69030000
b0000000000000000110101111100 &
15
17
#69040000
05
07
b0100 ;
b0100 >
b110101111011 B
#69050000
b0000000000000000110101111101 &
15
17
#69060000
05
07
b0010 ;
b0010 >
b110101111100 B
#69070000
b0000000000000000110101111110 &
15
17
#69080000
05
07
b0100 ;
b0100 >
b110101111101 B
#69090000
b0000000000000000110101111111 &
15
17
#69100000
05
07
b0001 ;
b0001 >
b110101111110 B
#69110000
b0000000000000000110110000000 &
15
17
#69120000
05
07
b0100 ;
b0100 >
b110101111111 B
#69130000
b0000000000000000110110000001 &
15
17
#69140000
05
07
b0000 ;
b0000 >
b110110000000 B
#69150000
b0000000000000000110110000010 &
15
17
#69160000
05
07
b0011 ;
b0011 >
b110110000001 B
#69170000
b0000000000000000110110000011 &
15
17
#69180000
05
07
b1111 ;
b1111 >
b110110000010 B
#69190000
b0000000000000000110110000100 &
15
17
#69200000
05
07
b0011 ;
b0011 >
b110110000011 B
#69210000
b0000000000000000110110000101 &
15
17
#69220000
05
07
b1110 ;
b1110 >
b110110000100 B
#69230000
b0000000000000000110110000110 &
15
17
#69240000
05
07
b0011 ;
b0011 >
b110110000101 B
#69250000
b0000000000000000110110000111 &
15
17
#69260000
05
07
b1101 ;
b1101 >
b110110000110 B
#69270000
b0000000000000000110110001000 &
15
17
#69280000
05
07
b0011 ;
b0011 >
b110110000111 B
#69290000
b0000000000000000110110001001 &
15
17
#69300000
05
07
b1100 ;
b1100 >
b110110001000 B
#69310000
b0000000000000000110110001010 &
15
17
#69320000
05
07
b0011 ;
b0011 >
b110110001001 B
#69330000
b0000000000000000110110001011 &
15
17
#69340000
05
07
b1011 ;
b1011 >
b110110001010 B
#69350000
b0000000000000000110110001100 &
15
17
#69360000
05
07
b0011 ;
b0011 >
b110110001011 B
#69370000
b0000000000000000110110001101 &
15
17
#69380000
05
07
b1010 ;
b1010 >
b110110001100 B
#69390000
b0000000000000000110110001110 &
15
17
b01 8
b11 9
b00000011 <
#69400000
05
07
b0011 ;
b0011 >
b110110001101 B
#69410000
b0000000000000000110110001111 &
15
17
#69420000
05
07
b1001 ;
b1001 >
b110110001110 B
#69430000
b0000000000000000110110010000 &
15
17
#69440000
05
07
b0011 ;
b0011 >
b110110001111 B
#69450000
b0000000000000000110110010001 &
15
17
#69460000
05
07
b1000 ;
b1000 >
b110110010000 B
#69470000
b0000000000000000110110010010 &
15
17
b00 9
b00000000 <
#69480000
10
05
07
b0011 ;
b0011 >
b110110010001 B
#69490000
b0000000000000000110110010011 &
15
17
b11 9
b00000011 <
#69500000
05
07
b0111 ;
b0111 >
b110110010010 B
b0011 D
1E
#69510000
b0000000000000000110110010100 &
15
17
#69520000
05
07
b0011 ;
b0011 >
1?
b1111 @
b110110010011 B
b1111 D
0E
#69530000
b0000000000000000110110010101 &
15
17
#69540000
b01111 1
b00000000000011110 3
05
07
b0110 ;
b0110 >
0?
b0000 @
b110110010100 B
1E
#69550000
b0000000000000000110110010110 &
15
17
#69560000
05
07
b0011 ;
b0011 >
1?
b1111 @
b110110010101 B
0E
#69570000
b0000000000000000110110010111 &
15
17
#69580000
b01110 1
b00000000111111110 3
05
07
b0101 ;
b0101 >
0?
b0000 @
b110110010110 B
1E
#69590000
b0000000000000000110110011000 &
15
17
#69600000
05
07
b0011 ;
b0011 >
1?
b1111 @
b110110010111 B
0E
#69610000
b0000000000000000110110011001 &
15
17
#69620000
b01101 1
b00001111111111110 3
05
07
b0100 ;
b0100 >
0?
b0000 @
b110110011000 B
1E
#69630000
b0000000000000000110110011010 &
15
17
#69640000
05
07
b0011 ;
b0011 >
1?
b1111 @
b110110011001 B
0E
#69650000
b0000000000000000110110011011 &
15
17
#69660000
b01100 1
b11111111111111110 3
05
07
0?
b0000 @
b110110011010 B
1E
#69670000
b0000000000000000110110011100 &
15
17
#69680000
05
07
1?
b1111 @
b110110011011 B
0E
#69690000
b0000000000000000110110011101 &
15
17
#69700000
b01011 1
14
05
07
b0010 ;
b0010 >
0?
b0000 @
b110110011100 B
1E
#69710000
b0000000000000000110110011110 &
15
17
#69720000
05
07
b0011 ;
b0011 >
1?
b1111 @
b110110011101 B
0E
#69730000
b0000000000000000110110011111 &
15
17
#69740000
b01010 1
05
07
b0001 ;
b0001 >
0?
b0000 @
b110110011110 B
1E
#69750000
b0000000000000000110110100000 &
15
17
#69760000
05
07
b0011 ;
b0011 >
1?
b1111 @
b110110011111 B
0E
#69770000
b0000000000000000110110100001 &
15
17
#69780000
b01001 1
05
07
b0000 ;
b0000 >
0?
b0000 @
b110110100000 B
1E
#69790000
b0000000000000000110110100010 &
15
17
#69800000
05
07
b0010 ;
b0010 >
1?
b1111 @
b110110100001 B
0E
#69810000
b0000000000000000110110100011 &
15
17
#69820000
b01000 1
05
07
b1111 ;
b1111 >
0?
b0000 @
b110110100010 B
1E
#69830000
b0000000000000000110110100100 &
15
17
#69840000
05
07
b0010 ;
b0010 >
1?
b1111 @
b110110100011 B
0E
#69850000
b0000000000000000110110100101 &
15
17
#69860000
b00111 1
05
07
b1110 ;
b1110 >
0?
b0000 @
b110110100100 B
1E
#69870000
b0000000000000000110110100110 &
15
17
#69880000
05
07
b0010 ;
b0010 >
1?
b1111 @
b110110100101 B
0E
#69890000
b0000000000000000110110100111 &
15
17
#69900000
b00110 1
05
07
b1101 ;
b1101 >
0?
b0000 @
b110110100110 B
1E
#69910000
b0000000000000000110110101000 &
15
17
#69920000
05
07
b0010 ;
b0010 >
1?
b1111 @
b110110100111 B
0E
#69930000
b0000000000000000110110101001 &
15
17
#69940000
b00101 1
05
07
b1100 ;
b1100 >
0?
b0000 @
b110110101000 B
1E
#69950000
b0000000000000000110110101010 &
15
17
#69960000
05
07
b0010 ;
b0010 >
1?
b1111 @
b110110101001 B
0E
#69970000
b0000000000000000110110101011 &
15
17
#69980000
b00100 1
05
07
b1011 ;
b1011 >
0?
b0000 @
b110110101010 B
1E
#69990000
b0000000000000000110110101100 &
15
17
#70000000
05
07
b0010 ;
b0010 >
1?
b1111 @
b110110101011 B
0E
#70010000
b0000000000000000110110101101 &
15
17
#70020000
b00011 1
05
07
b1010 ;
b1010 >
0?
b0000 @
b110110101100 B
1E
#70030000
b0000000000000000110110101110 &
15
17
#70040000
05
07
b0010 ;
b0010 >
1?
b1111 @
b110110101101 B
0E
#70050000
b0000000000000000110110101111 &
15
17
#70060000
b00010 1
05
07
b1001 ;
b1001 >
0?
b0000 @
b110110101110 B
1E
#70070000
b0000000000000000110110110000 &
15
17
#70080000
05
07
b0010 ;
b0010 >
1?
b1111 @
b110110101111 B
0E
#70090000
b0000000000000000110110110001 &
15
17
#70100000
b00001 1
05
07
b1000 ;
b1000 >
0?
b0000 @
b110110110000 B
1E
#70110000
b0000000000000000110110110010 &
15
17
#70120000
05
07
b0010 ;
b0010 >
1?
b1111 @
b110110110001 B
0E
#70130000
b0000000000000000110110110011 &
15
17
#70140000
b00000 1
05
07
b0111 ;
b0111 >
0?
b0000 @
b110110110010 B
1E
#70150000
b0000000000000000110110110100 &
15
17
#70160000
05
07
b0010 ;
b0010 >
1?
b1111 @
b110110110011 B
0E
#70170000
b0000000000000000110110110101 &
15
17
#70180000
b01111 2
b11111111111111101 3
05
07
b0110 ;
b0110 >
0?
b0000 @
b110110110100 B
1E
#70190000
b0000000000000000110110110110 &
15
17
#70200000
05
07
b0010 ;
b0010 >
1?
b1111 @
b110110110101 B
0E
#70210000
b0000000000000000110110110111 &
15
17
#70220000
b01110 2
b11111111111111100 3
05
07
b0101 ;
b0101 >
0?
b0000 @
b110110110110 B
1E
#70230000
b0000000000000000110110111000 &
15
17
#70240000
05
07
b0010 ;
b0010 >
1?
b1111 @
b110110110111 B
0E
#70250000
b0000000000000000110110111001 &
15
17
#70260000
b01101 2
b11111111111111011 3
05
07
b0100 ;
b0100 >
0?
b0000 @
b110110111000 B
1E
#70270000
b0000000000000000110110111010 &
15
17
#70280000
05
07
b0010 ;
b0010 >
1?
b1111 @
b110110111001 B
0E
#70290000
b0000000000000000110110111011 &
15
17
#70300000
b01100 2
b11111111111111010 3
05
07
b0011 ;
b0011 >
0?
b0000 @
b110110111010 B
1E
#70310000
b0000000000000000110110111100 &
15
17
#70320000
05
07
b0010 ;
b0010 >
1?
b1111 @
b110110111011 B
0E
#70330000
b0000000000000000110110111101 &
15
17
#70340000
b01011 2
b11111111111111001 3
05
07
0?
b0000 @
b110110111100 B
1E
#70350000
b0000000000000000110110111110 &
15
17
#70360000
05
07
1?
b1111 @
b110110111101 B
0E
#70370000
b0000000000000000110110111111 &
15
17
#70380000
b01010 2
b11111111111111000 3
05
07
b0001 ;
b0001 >
0?
b0000 @
b110110111110 B
1E
#70390000
b0000000000000000110111000000 &
15
17
#70400000
05
07
b0010 ;
b0010 >
1?
b1111 @
b110110111111 B
0E
#70410000
b0000000000000000110111000001 &
15
17
#70420000
b01001 2
b11111111111110111 3
05
07
b0000 ;
b0000 >
0?
b0000 @
b110111000000 B
1E
#70430000
b0000000000000000110111000010 &
15
17
b10 9
b00000010 <
#70440000
05
07
b0001 ;
b0001 >
1?
b1101 @
b110111000001 B
b1101 D
0E
#70450000
b0000000000000000110111000011 &
15
17
#70460000
b01000 2
b11111111111110110 3
05
07
b1111 ;
b1111 >
0?
b0000 @
b110111000010 B
b0101 D
1E
#70470000
b0000000000000000110111000100 &
15
17
#70480000
05
07
b0001 ;
b0001 >
1?
b0101 @
b110111000011 B
0E
#70490000
b0000000000000000110111000101 &
15
17
#70500000
b00111 2
b11111111111110101 3
05
07
b1110 ;
b1110 >
0?
b0000 @
b110111000100 B
1E
#70510000
b0000000000000000110111000110 &
15
17
#70520000
05
07
b0001 ;
b0001 >
1?
b0101 @
b110111000101 B
0E
#70530000
b0000000000000000110111000111 &
15
17
#70540000
b00110 2
b11111111111110100 3
05
07
b1101 ;
b1101 >
0?
b0000 @
b110111000110 B
1E
#70550000
b0000000000000000110111001000 &
15
17
#70560000
05
07
b0001 ;
b0001 >
1?
b0101 @
b110111000111 B
0E
#70570000
b0000000000000000110111001001 &
15
17
#70580000
b00101 2
b11111111111110011 3
05
07
b1100 ;
b1100 >
0?
b0000 @
b110111001000 B
1E
#70590000
b0000000000000000110111001010 &
15
17
#70600000
05
07
b0001 ;
b0001 >
1?
b0101 @
b110111001001 B
0E
#70610000
b0000000000000000110111001011 &
15
17
#70620000
b00100 2
b11111111111110010 3
05
07
b1011 ;
b1011 >
0?
b0000 @
b110111001010 B
1E
#70630000
b0000000000000000110111001100 &
15
17
#70640000
05
07
b0001 ;
b0001 >
1?
b0101 @
b110111001011 B
0E
#70650000
b0000000000000000110111001101 &
15
17
#70660000
b00011 2
b11111111111110001 3
05
07
b1010 ;
b1010 >
0?
b0000 @
b110111001100 B
1E
#70670000
b0000000000000000110111001110 &
15
17
#70680000
05
07
b0001 ;
b0001 >
1?
b0101 @
b110111001101 B
0E
#70690000
b0000000000000000110111001111 &
15
17
#70700000
b00010 2
b11111111111110000 3
05
07
b1001 ;
b1001 >
0?
b0000 @
b110111001110 B
1E
#70710000
b0000000000000000110111010000 &
15
17
#70720000
05
07
b0001 ;
b0001 >
1?
b0101 @
b110111001111 B
0E
#70730000
b0000000000000000110111010001 &
15
17
#70740000
b00001 2
b11111111111101111 3
05
07
b1000 ;
b1000 >
0?
b0000 @
b110111010000 B
1E
#70750000
b0000000000000000110111010010 &
15
17
b00 8
#70760000
00
05
07
b0001 ;
b0001 >
1?
b110111010001 B
b0000 D
0E
#70770000
b0000000000000000110111010011 &
15
17
#70780000
b10000 1
b10000 2
b00000000000000000 3
04
05
07
b0111 ;
b0111 >
0?
b110111010010 B
#70790000
b0000000000000000110111010100 &
15
17
#70800000
05
07
b0001 ;
b0001 >
b110111010011 B
#70810000
b0000000000000000110111010101 &
15
17
#70820000
05
07
b0110 ;
b0110 >
b110111010100 B
#70830000
b0000000000000000110111010110 &
15
17
#70840000
05
07
b0001 ;
b0001 >
b110111010101 B
#70850000
b0000000000000000110111010111 &
15
17
#70860000
05
07
b0101 ;
b0101 >
b110111010110 B
#70870000
b0000000000000000110111011000 &
15
17
#70880000
05
07
b0001 ;
b0001 >
b110111010111 B
#70890000
b0000000000000000110111011001 &
15
17
#70900000
05
07
b0100 ;
b0100 >
b110111011000 B
#70910000
b0000000000000000110111011010 &
15
17
#70920000
05
07
b0001 ;
b0001 >
b110111011001 B
#70930000
b0000000000000000110111011011 &
15
17
#70940000
05
07
b0011 ;
b0011 >
b110111011010 B
#70950000
b0000000000000000110111011100 &
15
17
b01 8
b11 9
b00000011 <
#70960000
05
07
b0001 ;
b0001 >
b110111011011 B
#70970000
b0000000000000000110111011101 &
15
17
#70980000
05
07
b0010 ;
b0010 >
b110111011100 B
#70990000
b0000000000000000110111011110 &
15
17
#71000000
05
07
b0001 ;
b0001 >
b110111011101 B
#71010000
b0000000000000000110111011111 &
15
17
#71020000
05
07
b110111011110 B
#71030000
b0000000000000000110111100000 &
15
17
b00 9
b00000000 <
#71040000
10
05
07
b110111011111 B
#71050000
b0000000000000000110111100001 &
15
17
#71060000
05
07
b0000 ;
b0000 >
b110111100000 B
1E
#71070000
b0000000000000000110111100010 &
15
17
#71080000
05
07
1?
b110111100001 B
0E
#71090000
b0000000000000000110111100011 &
15
17
#71100000
b01111 1
05
07
b1111 ;
b1111 >
0?
b110111100010 B
1E
#71110000
b0000000000000000110111100100 &
15
17
#71120000
05
07
b0000 ;
b0000 >
1?
b110111100011 B
0E
#71130000
b0000000000000000110111100101 &
15
17
#71140000
b01110 1
05
07
b1110 ;
b1110 >
0?
b110111100100 B
1E
#71150000
b0000000000000000110111100110 &
15
17
#71160000
05
07
b0000 ;
b0000 >
1?
b110111100101 B
0E
#71170000
b0000000000000000110111100111 &
15
17
b11 9
b00000011 <
#71180000
b01101 1
05
07
b1101 ;
b1101 >
0?
b110111100110 B
b0011 D
1E
#71190000
b0000000000000000110111101000 &
15
17
b00 9
b00000000 <
#71200000
05
07
b0000 ;
b0000 >
1?
b1100 @
b110111100111 B
b1100 D
0E
#71210000
b0000000000000000110111101001 &
15
17
#71220000
b01100 1
b00000000000011000 3
05
07
b1100 ;
b1100 >
0?
b0000 @
b110111101000 B
b0000 D
1E
#71230000
b0000000000000000110111101010 &
15
17
#71240000
05
07
b0000 ;
b0000 >
1?
b110111101001 B
0E
#71250000
b0000000000000000110111101011 &
15
17
#71260000
b01011 1
05
07
b1011 ;
b1011 >
0?
b110111101010 B
1E
#71270000
b0000000000000000110111101100 &
15
17
#71280000
05
07
b0000 ;
b0000 >
1?
b110111101011 B
0E
#71290000
b0000000000000000110111101101 &
15
17
#71300000
b01010 1
05
07
b1010 ;
b1010 >
0?
b110111101100 B
1E
#71310000
b0000000000000000110111101110 &
15
17
#71320000
05
07
b0000 ;
b0000 >
1?
b110111101101 B
0E
#71330000
b0000000000000000110111101111 &
15
17
#71340000
b01001 1
05
07
b1001 ;
b1001 >
0?
b110111101110 B
1E
#71350000
b0000000000000000110111110000 &
15
17
#71360000
05
07
b0000 ;
b0000 >
1?
b110111101111 B
0E
#71370000
b0000000000000000110111110001 &
15
17
#71380000
b01000 1
05
07
b1000 ;
b1000 >
0?
b110111110000 B
1E
#71390000
b0000000000000000110111110010 &
15
17
#71400000
05
07
b0000 ;
b0000 >
1?
b110111110001 B
0E
#71410000
b0000000000000000110111110011 &
15
17
#71420000
b00111 1
05
07
b0111 ;
b0111 >
0?
b110111110010 B
1E
#71430000
b0000000000000000110111110100 &
15
17
#71440000
05
07
b0000 ;
b0000 >
1?
b110111110011 B
0E
#71450000
b0000000000000000110111110101 &
15
17
#71460000
b00110 1
05
07
b0110 ;
b0110 >
0?
b110111110100 B
1E
#71470000
b0000000000000000110111110110 &
15
17
#71480000
05
07
b0000 ;
b0000 >
1?
b110111110101 B
0E
#71490000
b0000000000000000110111110111 &
15
17
#71500000
b00101 1
05
07
b0101 ;
b0101 >
0?
b110111110110 B
1E
#71510000
b0000000000000000110111111000 &
15
17
#71520000
05
07
b0000 ;
b0000 >
1?
b110111110111 B
0E
#71530000
b0000000000000000110111111001 &
15
17
#71540000
b00100 1
05
07
b0100 ;
b0100 >
0?
b110111111000 B
1E
#71550000
b0000000000000000110111111010 &
15
17
#71560000
05
07
b0000 ;
b0000 >
1?
b110111111001 B
0E
#71570000
b0000000000000000110111111011 &
15
17
#71580000
b00011 1
05
07
b0011 ;
b0011 >
0?
b110111111010 B
1E
#71590000
b0000000000000000110111111100 &
15
17
#71600000
05
07
b0000 ;
b0000 >
1?
b110111111011 B
0E
#71610000
b0000000000000000110111111101 &
15
17
#71620000
b00010 1
05
07
b0010 ;
b0010 >
0?
b110111111100 B
1E
#71630000
b0000000000000000110111111110 &
15
17
#71640000
05
07
b0000 ;
b0000 >
1?
b110111111101 B
0E
#71650000
b0000000000000000110111111111 &
15
17
#71660000
b00001 1
05
07
b0001 ;
b0001 >
0?
b110111111110 B
1E
#71670000
b0000000000000000111000000000 &
15
17
#71680000
05
07
b0000 ;
b0000 >
1?
b110111111111 B
0E
#71690000
b0000000000000000111000000001 &
15
17
#71700000
b00000 1
05
07
0?
b111000000000 B
1E
#71710000
b0000000000000000111000000010 &
15
17
#71720000
05
07
b1111 ;
b1111 >
1?
b111000000001 B
0E
#71730000
b0000000000000000111000000011 &
15
17
#71740000
b01111 2
b00000000000010111 3
05
07
0?
b111000000010 B
1E
#71750000
b0000000000000000111000000100 &
15
17
b10 9
b00000010 <
#71760000
05
07
1?
b0001 @
b111000000011 B
b0001 D
0E
#71770000
b0000000000000000111000000101 &
15
17
b00 9
b00000000 <
#71780000
b01110 2
b00000000000010110 3
05
07
b1110 ;
b1110 >
0?
b0000 @
b111000000100 B
b0100 D
1E
#71790000
b0000000000000000111000000110 &
15
17
#71800000
05
07
b1111 ;
b1111 >
1?
b111000000101 B
b0000 D
0E
#71810000
b0000000000000000111000000111 &
15
17
#71820000
b01101 2
b00000000000010101 3
05
07
b1101 ;
b1101 >
0?
b111000000110 B
1E
#71830000
b0000000000000000111000001000 &
15
17
b01 9
b00000001 <
#71840000
05
07
b1111 ;
b1111 >
1?
b0010 @
b111000000111 B
b0010 D
0E
#71850000
b0000000000000000111000001001 &
15
17
b00 9
b00000000 <
#71860000
b01100 2
b00000000000010100 3
05
07
b1100 ;
b1100 >
0?
b0000 @
b111000001000 B
b1000 D
1E
#71870000
b0000000000000000111000001010 &
15
17
#71880000
05
07
b1111 ;
b1111 >
1?
b111000001001 B
b0000 D
0E
#71890000
b0000000000000000111000001011 &
15
17
#71900000
b01011 2
b00000000000010011 3
05
07
b1011 ;
b1011 >
0?
b111000001010 B
1E
#71910000
b0000000000000000111000001100 &
15
17
b11 9
b00000011 <
#71920000
05
07
b1111 ;
b1111 >
1?
b0011 @
b111000001011 B
b0011 D
0E
#71930000
b0000000000000000111000001101 &
15
17
b00 9
b00000000 <
#71940000
b01010 2
b00000000000010010 3
05
07
b1010 ;
b1010 >
0?
b0000 @
b111000001100 B
b1100 D
1E
#71950000
b0000000000000000111000001110 &
15
17
#71960000
05
07
b1111 ;
b1111 >
1?
b111000001101 B
b0000 D
0E
#71970000
b0000000000000000111000001111 &
15
17
b10 9
b00000010 <
#71980000
b01001 2
b00000000000010001 3
05
07
b1001 ;
b1001 >
0?
b111000001110 B
b0001 D
1E
#71990000
b0000000000000000111000010000 &
15
17
b00 9
b00000000 <
#72000000
05
07
b1111 ;
b1111 >
1?
b0100 @
b111000001111 B
b0100 D
0E
#72010000
b0000000000000000111000010001 &
15
17
#72020000
b01000 2
b00000000000010000 3
05
07
b1000 ;
b1000 >
0?
b0000 @
b111000010000 B
b0000 D
1E
#72030000
b0000000000000000111000010010 &
15
17
#72040000
05
07
b1111 ;
b1111 >
1?
b111000010001 B
0E
#72050000
b0000000000000000111000010011 &
15
17
b10 9
b00000010 <
#72060000
b00111 2
b00000000000001111 3
05
07
b0111 ;
b0111 >
0?
b111000010010 B
b0001 D
1E
#72070000
b0000000000000000111000010100 &
15
17
#72080000
05
07
b1111 ;
b1111 >
1?
b0101 @
b111000010011 B
b0101 D
0E
#72090000
b0000000000000000111000010101 &
15
17
b00 9
b00000000 <
#72100000
b00110 2
b00000000000001110 3
05
07
b0110 ;
b0110 >
0?
b0000 @
b111000010100 B
b0100 D
1E
#72110000
b0000000000000000111000010110 &
15
17
#72120000
05
07
b1111 ;
b1111 >
1?
b111000010101 B
b0000 D
0E
#72130000
b0000000000000000111000010111 &
15
17
b10 9
b00000010 <
#72140000
b00101 2
b00000000000001101 3
05
07
b0101 ;
b0101 >
0?
b111000010110 B
b0001 D
1E
#72150000
b0000000000000000111000011000 &
15
17
b01 9
b00000001 <
#72160000
05
07
b1111 ;
b1111 >
1?
b0110 @
b111000010111 B
b0110 D
0E
#72170000
b0000000000000000111000011001 &
15
17
b00 9
b00000000 <
#72180000
b00100 2
b00000000000001100 3
05
07
b0100 ;
b0100 >
0?
b0000 @
b111000011000 B
b1000 D
1E
#72190000
b0000000000000000111000011010 &
15
17
#72200000
05
07
b1111 ;
b1111 >
1?
b111000011001 B
b0000 D
0E
#72210000
b0000000000000000111000011011 &
15
17
b10 9
b00000010 <
#72220000
b00011 2
b00000000000001011 3
05
07
b0011 ;
b0011 >
0?
b111000011010 B
b0001 D
1E
#72230000
b0000000000000000111000011100 &
15
17
b11 9
b00000011 <
#72240000
05
07
b1111 ;
b1111 >
1?
b0111 @
b111000011011 B
b0111 D
0E
#72250000
b0000000000000000111000011101 &
15
17
b00 9
b00000000 <
#72260000
b00010 2
b00000000000001010 3
05
07
b0010 ;
b0010 >
0?
b0000 @
b111000011100 B
b1100 D
1E
#72270000
b0000000000000000111000011110 &
15
17
#72280000
05
07
b1111 ;
b1111 >
1?
b111000011101 B
b0000 D
0E
#72290000
b0000000000000000111000011111 &
15
17
b01 9
b00000001 <
#72300000
b00001 2
b00000000000001001 3
05
07
b0001 ;
b0001 >
0?
b111000011110 B
b0010 D
1E
#72310000
b0000000000000000111000100000 &
15
17
b00 9
b00000000 <
#72320000
05
07
b1111 ;
b1111 >
1?
b1000 @
b111000011111 B
b1000 D
0E
#72330000
b0000000000000000111000100001 &
15
17
#72340000
b00000 2
b00000000000001000 3
05
07
b0000 ;
b0000 >
0?
b0000 @
b111000100000 B
b0000 D
1E
#72350000
b0000000000000000111000100010 &
15
17
#72360000
05
07
b1110 ;
b1110 >
1?
b111000100001 B
0E
#72370000
b0000000000000000111000100011 &
15
17
b01 9
b00000001 <
#72380000
1)
b00000000000000111 3
05
07
b1111 ;
b1111 >
0?
b111000100010 B
b0010 D
1E
#72390000
b0000000000000000111000100100 &
15
17
b10 9
b00000010 <
#72400000
0)
b000010001001 ,
05
07
b1110 ;
b1110 >
1?
b1001 @
b111000100011 B
b1001 D
0E
#72410000
b0000000000000000111000100101 &
15
17
b00 9
b00000000 <
#72420000
1)
b1001 *
b00000000000000110 3
05
07
0?
b0000 @
b111000100100 B
b0100 D
1E
#72430000
b0000000000000000111000100110 &
15
17
#72440000
0)
b0000 *
b000010001010 ,
05
07
1?
b111000100101 B
b0000 D
0E
#72450000
b0000000000000000111000100111 &
15
17
b01 9
b00000001 <
#72460000
1)
b00000000000000101 3
05
07
b1101 ;
b1101 >
0?
b111000100110 B
b0010 D
1E
#72470000
b0000000000000000111000101000 &
15
17
#72480000
0)
b000010001011 ,
05
07
b1110 ;
b1110 >
1?
b1010 @
b111000100111 B
b1010 D
0E
#72490000
b0000000000000000111000101001 &
15
17
b00 9
b00000000 <
#72500000
1)
b1010 *
b00000000000000100 3
05
07
b1100 ;
b1100 >
0?
b0000 @
b111000101000 B
b1000 D
1E
#72510000
b0000000000000000111000101010 &
15
17
#72520000
0)
b0000 *
b000010001100 ,
05
07
b1110 ;
b1110 >
1?
b111000101001 B
b0000 D
0E
#72530000
b0000000000000000111000101011 &
15
17
b01 9
b00000001 <
#72540000
1)
b00000000000000011 3
05
07
b1011 ;
b1011 >
0?
b111000101010 B
b0010 D
1E
#72550000
b0000000000000000111000101100 &
15
17
b11 9
b00000011 <
#72560000
0)
b000010001101 ,
05
07
b1110 ;
b1110 >
1?
b1011 @
b111000101011 B
b1011 D
0E
#72570000
b0000000000000000111000101101 &
15
17
b00 9
b00000000 <
#72580000
1)
b1011 *
b00000000000000010 3
05
07
b1010 ;
b1010 >
0?
b0000 @
b111000101100 B
b1100 D
1E
#72590000
b0000000000000000111000101110 &
15
17
#72600000
0)
b0000 *
b000010001110 ,
05
07
b1110 ;
b1110 >
1?
b111000101101 B
b0000 D
0E
#72610000
b0000000000000000111000101111 &
15
17
b11 9
b00000011 <
#72620000
1)
b00000000000000001 3
05
07
b1001 ;
b1001 >
0?
b111000101110 B
b0011 D
1E
#72630000
b0000000000000000111000110000 &
15
17
b00 9
b00000000 <
#72640000
0)
b000010001111 ,
05
07
b1110 ;
b1110 >
1?
b1100 @
b111000101111 B
b1100 D
0E
#72650000
b0000000000000000111000110001 &
15
17
#72660000
1)
b1100 *
b00000000000000000 3
05
07
b1000 ;
b1000 >
0?
b0000 @
b111000110000 B
b0000 D
1E
#72670000
b0000000000000000111000110010 &
15
17
#72680000
0)
b0000 *
b000010010000 ,
05
07
b1110 ;
b1110 >
1?
b111000110001 B
0E
#72690000
b0000000000000000111000110011 &
15
17
#72700000
05
07
b0111 ;
b0111 >
0?
b111000110010 B
1E
#72710000
b0000000000000000111000110100 &
15
17
#72720000
05
07
b1110 ;
b1110 >
1?
b111000110011 B
0E
#72730000
b0000000000000000111000110101 &
15
17
#72740000
05
07
b0110 ;
b0110 >
0?
b111000110100 B
1E
#72750000
b0000000000000000111000110110 &
15
17
#72760000
05
07
b1110 ;
b1110 >
1?
b111000110101 B
0E
#72770000
b0000000000000000111000110111 &
15
17
#72780000
05
07
b0101 ;
b0101 >
0?
b111000110110 B
1E
#72790000
b0000000000000000111000111000 &
15
17
#72800000
05
07
b1110 ;
b1110 >
1?
b111000110111 B
0E
#72810000
b0000000000000000111000111001 &
15
17
#72820000
05
07
b0100 ;
b0100 >
0?
b111000111000 B
1E
#72830000
b0000000000000000111000111010 &
15
17
#72840000
05
07
b1110 ;
b1110 >
1?
b111000111001 B
0E
#72850000
b0000000000000000111000111011 &
15
17
#72860000
05
07
b0011 ;
b0011 >
0?
b111000111010 B
1E
#72870000
b0000000000000000111000111100 &
15
17
#72880000
05
07
b1110 ;
b1110 >
1?
b111000111011 B
0E
#72890000
b0000000000000000111000111101 &
15
17
#72900000
05
07
b0010 ;
b0010 >
0?
b111000111100 B
1E
#72910000
b0000000000000000111000111110 &
15
17
#72920000
05
07
b1110 ;
b1110 >
1?
b111000111101 B
0E
#72930000
b0000000000000000111000111111 &
15
17
#72940000
05
07
b0001 ;
b0001 >
0?
b111000111110 B
1E
#72950000
b0000000000000000111001000000 &
15
17
b00 8
#72960000
00
05
07
b1110 ;
b1110 >
1?
b111000111111 B
0E
#72970000
b0000000000000000111001000001 &
15
17
#72980000
b10000 1
b10000 2
05
07
b0000 ;
b0000 >
0?
b111001000000 B
#72990000
b0000000000000000111001000010 &
15
17
#73000000
05
07
b1101 ;
b1101 >
b111001000001 B
#73010000
b0000000000000000111001000011 &
15
17
#73020000
05
07
b1111 ;
b1111 >
b111001000010 B
#73030000
b0000000000000000111001000100 &
15
17
#73040000
05
07
b1101 ;
b1101 >
b111001000011 B
#73050000
b0000000000000000111001000101 &
15
17
#73060000
05
07
b1110 ;
b1110 >
b111001000100 B
#73070000
b0000000000000000111001000110 &
15
17
#73080000
05
07
b1101 ;
b1101 >
b111001000101 B
#73090000
b0000000000000000111001000111 &
15
17
#73100000
05
07
b111001000110 B
#73110000
b0000000000000000111001001000 &
15
17
#73120000
05
07
b111001000111 B
#73130000
b0000000000000000111001001001 &
15
17
#73140000
05
07
b1100 ;
b1100 >
b111001001000 B
#73150000
b0000000000000000111001001010 &
15
17
#73160000
05
07
b1101 ;
b1101 >
b111001001001 B
#73170000
b0000000000000000111001001011 &
15
17
#73180000
05
07
b1011 ;
b1011 >
b111001001010 B
#73190000
b0000000000000000111001001100 &
15
17
#73200000
05
07
b1101 ;
b1101 >
b111001001011 B
#73210000
b0000000000000000111001001101 &
15
17
#73220000
05
07
b1010 ;
b1010 >
b111001001100 B
#73230000
b0000000000000000111001001110 &
15
17
#73240000
05
07
b1101 ;
b1101 >
b111001001101 B
#73250000
b0000000000000000111001001111 &
15
17
#73260000
05
07
b1001 ;
b1001 >
b111001001110 B
#73270000
b0000000000000000111001010000 &
15
17
#73280000
05
07
b1101 ;
b1101 >
b111001001111 B
#73290000
b0000000000000000111001010001 &
15
17
#73300000
05
07
b1000 ;
b1000 >
b111001010000 B
#73310000
b0000000000000000111001010010 &
15
17
#73320000
05
07
b1101 ;
b1101 >
b111001010001 B
#73330000
b0000000000000000111001010011 &
15
17
#73340000
05
07
b0111 ;
b0111 >
b111001010010 B
#73350000
b0000000000000000111001010100 &
15
17
#73360000
05
07
b1101 ;
b1101 >
b111001010011 B
#73370000
b0000000000000000111001010101 &
15
17
#73380000
05
07
b0110 ;
b0110 >
b111001010100 B
#73390000
b0000000000000000111001010110 &
15
17
#73400000
05
07
b1101 ;
b1101 >
b111001010101 B
#73410000
b0000000000000000111001010111 &
15
17
#73420000
05
07
b0101 ;
b0101 >
b111001010110 B
#73430000
b0000000000000000111001011000 &
15
17
#73440000
05
07
b1101 ;
b1101 >
b111001010111 B
#73450000
b0000000000000000111001011001 &
15
17
#73460000
05
07
b0100 ;
b0100 >
b111001011000 B
#73470000
b0000000000000000111001011010 &
15
17
b01 8
b11 9
b00000011 <
#73480000
05
07
b1101 ;
b1101 >
b111001011001 B
#73490000
b0000000000000000111001011011 &
15
17
#73500000
05
07
b0011 ;
b0011 >
b111001011010 B
#73510000
b0000000000000000111001011100 &
15
17
#73520000
05
07
b1101 ;
b1101 >
b111001011011 B
#73530000
b0000000000000000111001011101 &
15
17
#73540000
05
07
b0010 ;
b0010 >
b111001011100 B
#73550000
b0000000000000000111001011110 &
15
17
b00 9
b00000000 <
#73560000
10
05
07
b1101 ;
b1101 >
b111001011101 B
#73570000
b0000000000000000111001011111 &
15
17
b11 9
b00000011 <
#73580000
05
07
b0001 ;
b0001 >
b111001011110 B
b0011 D
1E
#73590000
b0000000000000000111001100000 &
15
17
#73600000
05
07
b1101 ;
b1101 >
1?
b1111 @
b111001011111 B
b1111 D
0E
#73610000
b0000000000000000111001100001 &
15
17
#73620000
b01111 1
b00000000000011110 3
05
07
b0000 ;
b0000 >
0?
b0000 @
b111001100000 B
1E
#73630000
b0000000000000000111001100010 &
15
17
#73640000
05
07
b1100 ;
b1100 >
1?
b1111 @
b111001100001 B
0E
#73650000
b0000000000000000111001100011 &
15
17
#73660000
b01110 1
b00000000111111110 3
05
07
b1111 ;
b1111 >
0?
b0000 @
b111001100010 B
1E
#73670000
b0000000000000000111001100100 &
15
17
#73680000
05
07
b1100 ;
b1100 >
1?
b1111 @
b111001100011 B
0E
#73690000
b0000000000000000111001100101 &
15
17
#73700000
b01101 1
b00001111111111110 3
05
07
b1110 ;
b1110 >
0?
b0000 @
b111001100100 B
1E
#73710000
b0000000000000000111001100110 &
15
17
#73720000
05
07
b1100 ;
b1100 >
1?
b1111 @
b111001100101 B
0E
#73730000
b0000000000000000111001100111 &
15
17
#73740000
b01100 1
b11111111111111110 3
05
07
b1101 ;
b1101 >
0?
b0000 @
b111001100110 B
1E
#73750000
b0000000000000000111001101000 &
15
17
#73760000
05
07
b1100 ;
b1100 >
1?
b1111 @
b111001100111 B
0E
#73770000
b0000000000000000111001101001 &
15
17
#73780000
b01011 1
14
05
07
0?
b0000 @
b111001101000 B
1E
#73790000
b0000000000000000111001101010 &
15
17
#73800000
05
07
1?
b1111 @
b111001101001 B
0E
#73810000
b0000000000000000111001101011 &
15
17
#73820000
b01010 1
05
07
b1011 ;
b1011 >
0?
b0000 @
b111001101010 B
1E
#73830000
b0000000000000000111001101100 &
15
17
#73840000
05
07
b1100 ;
b1100 >
1?
b1111 @
b111001101011 B
0E
#73850000
b0000000000000000111001101101 &
15
17
#73860000
b01001 1
05
07
b1010 ;
b1010 >
0?
b0000 @
b111001101100 B
1E
#73870000
b0000000000000000111001101110 &
15
17
#73880000
05
07
b1100 ;
b1100 >
1?
b1111 @
b111001101101 B
0E
#73890000
b0000000000000000111001101111 &
15
17
#73900000
b01000 1
05
07
b1001 ;
b1001 >
0?
b0000 @
b111001101110 B
1E
#73910000
b0000000000000000111001110000 &
15
17
#73920000
05
07
b1100 ;
b1100 >
1?
b1111 @
b111001101111 B
0E
#73930000
b0000000000000000111001110001 &
15
17
#73940000
b00111 1
05
07
b1000 ;
b1000 >
0?
b0000 @
b111001110000 B
1E
#73950000
b0000000000000000111001110010 &
15
17
#73960000
05
07
b1100 ;
b1100 >
1?
b1111 @
b111001110001 B
0E
#73970000
b0000000000000000111001110011 &
15
17
#73980000
b00110 1
05
07
b0111 ;
b0111 >
0?
b0000 @
b111001110010 B
1E
#73990000
b0000000000000000111001110100 &
15
17
#74000000
05
07
b1100 ;
b1100 >
1?
b1111 @
b111001110011 B
0E
#74010000
b0000000000000000111001110101 &
15
17
#74020000
b00101 1
05
07
b0110 ;
b0110 >
0?
b0000 @
b111001110100 B
1E
#74030000
b0000000000000000111001110110 &
15
17
#74040000
05
07
b1100 ;
b1100 >
1?
b1111 @
b111001110101 B
0E
#74050000
b0000000000000000111001110111 &
15
17
#74060000
b00100 1
05
07
b0101 ;
b0101 >
0?
b0000 @
b111001110110 B
1E
#74070000
b0000000000000000111001111000 &
15
17
#74080000
05
07
b1100 ;
b1100 >
1?
b1111 @
b111001110111 B
0E
#74090000
b0000000000000000111001111001 &
15
17
#74100000
b00011 1
05
07
b0100 ;
b0100 >
0?
b0000 @
b111001111000 B
1E
#74110000
b0000000000000000111001111010 &
15
17
#74120000
05
07
b1100 ;
b1100 >
1?
b1111 @
b111001111001 B
0E
#74130000
b0000000000000000111001111011 &
15
17
#74140000
b00010 1
05
07
b0011 ;
b0011 >
0?
b0000 @
b111001111010 B
1E
#74150000
b0000000000000000111001111100 &
15
17
#74160000
05
07
b1100 ;
b1100 >
1?
b1111 @
b111001111011 B
0E
#74170000
b0000000000000000111001111101 &
15
17
#74180000
b00001 1
05
07
b0010 ;
b0010 >
0?
b0000 @
b111001111100 B
1E
#74190000
b0000000000000000111001111110 &
15
17
#74200000
05
07
b1100 ;
b1100 >
1?
b1111 @
b111001111101 B
0E
#74210000
b0000000000000000111001111111 &
15
17
#74220000
b00000 1
05
07
b0001 ;
b0001 >
0?
b0000 @
b111001111110 B
1E
#74230000
b0000000000000000111010000000 &
15
17
#74240000
05
07
b1100 ;
b1100 >
1?
b1111 @
b111001111111 B
0E
#74250000
b0000000000000000111010000001 &
15
17
#74260000
b01111 2
b11111111111111101 3
05
07
b0000 ;
b0000 >
0?
b0000 @
b111010000000 B
1E
#74270000
b0000000000000000111010000010 &
15
17
#74280000
05
07
b1011 ;
b1011 >
1?
b1111 @
b111010000001 B
0E
#74290000
b0000000000000000111010000011 &
15
17
#74300000
b01110 2
b11111111111111100 3
05
07
b1111 ;
b1111 >
0?
b0000 @
b111010000010 B
1E
#74310000
b0000000000000000111010000100 &
15
17
#74320000
05
07
b1011 ;
b1011 >
1?
b1111 @
b111010000011 B
0E
#74330000
b0000000000000000111010000101 &
15
17
#74340000
b01101 2
b11111111111111011 3
05
07
b1110 ;
b1110 >
0?
b0000 @
b111010000100 B
1E
#74350000
b0000000000000000111010000110 &
15
17
#74360000
05
07
b1011 ;
b1011 >
1?
b1111 @
b111010000101 B
0E
#74370000
b0000000000000000111010000111 &
15
17
#74380000
b01100 2
b11111111111111010 3
05
07
b1101 ;
b1101 >
0?
b0000 @
b111010000110 B
1E
#74390000
b0000000000000000111010001000 &
15
17
#74400000
05
07
b1011 ;
b1011 >
1?
b1111 @
b111010000111 B
0E
#74410000
b0000000000000000111010001001 &
15
17
#74420000
b01011 2
b11111111111111001 3
05
07
b1100 ;
b1100 >
0?
b0000 @
b111010001000 B
1E
#74430000
b0000000000000000111010001010 &
15
17
#74440000
05
07
b1011 ;
b1011 >
1?
b1111 @
b111010001001 B
0E
#74450000
b0000000000000000111010001011 &
15
17
#74460000
b01010 2
b11111111111111000 3
05
07
0?
b0000 @
b111010001010 B
1E
#74470000
b0000000000000000111010001100 &
15
17
#74480000
05
07
1?
b1111 @
b111010001011 B
0E
#74490000
b0000000000000000111010001101 &
15
17
#74500000
b01001 2
b11111111111110111 3
05
07
b1010 ;
b1010 >
0?
b0000 @
b111010001100 B
1E
#74510000
b0000000000000000111010001110 &
15
17
b10 9
b00000010 <
#74520000
05
07
b1011 ;
b1011 >
1?
b1101 @
b111010001101 B
b1101 D
0E
#74530000
b0000000000000000111010001111 &
15
17
#74540000
b01000 2
b11111111111110110 3
05
07
b1001 ;
b1001 >
0?
b0000 @
b111010001110 B
b0101 D
1E
#74550000
b0000000000000000111010010000 &
15
17
#74560000
05
07
b1011 ;
b1011 >
1?
b0101 @
b111010001111 B
0E
#74570000
b0000000000000000111010010001 &
15
17
#74580000
b00111 2
b11111111111110101 3
05
07
b1000 ;
b1000 >
0?
b0000 @
b111010010000 B
1E
#74590000
b0000000000000000111010010010 &
15
17
#74600000
05
07
b1011 ;
b1011 >
1?
b0101 @
b111010010001 B
0E
#74610000
b0000000000000000111010010011 &
15
17
#74620000
b00110 2
b11111111111110100 3
05
07
b0111 ;
b0111 >
0?
b0000 @
b111010010010 B
1E
#74630000
b0000000000000000111010010100 &
15
17
#74640000
05
07
b1011 ;
b1011 >
1?
b0101 @
b111010010011 B
0E
#74650000
b0000000000000000111010010101 &
15
17
#74660000
b00101 2
b11111111111110011 3
05
07
b0110 ;
b0110 >
0?
b0000 @
b111010010100 B
1E
#74670000
b0000000000000000111010010110 &
15
17
#74680000
05
07
b1011 ;
b1011 >
1?
b0101 @
b111010010101 B
0E
#74690000
b0000000000000000111010010111 &
15
17
#74700000
b00100 2
b11111111111110010 3
05
07
b0101 ;
b0101 >
0?
b0000 @
b111010010110 B
1E
#74710000
b0000000000000000111010011000 &
15
17
#74720000
05
07
b1011 ;
b1011 >
1?
b0101 @
b111010010111 B
0E
#74730000
b0000000000000000111010011001 &
15
17
#74740000
b00011 2
b11111111111110001 3
05
07
b0100 ;
b0100 >
0?
b0000 @
b111010011000 B
1E
#74750000
b0000000000000000111010011010 &
15
17
#74760000
05
07
b1011 ;
b1011 >
1?
b0101 @
b111010011001 B
0E
#74770000
b0000000000000000111010011011 &
15
17
#74780000
b00010 2
b11111111111110000 3
05
07
b0011 ;
b0011 >
0?
b0000 @
b111010011010 B
1E
#74790000
b0000000000000000111010011100 &
15
17
#74800000
05
07
b1011 ;
b1011 >
1?
b0101 @
b111010011011 B
0E
#74810000
b0000000000000000111010011101 &
15
17
#74820000
b00001 2
b11111111111101111 3
05
07
b0010 ;
b0010 >
0?
b0000 @
b111010011100 B
1E
#74830000
b0000000000000000111010011110 &
15
17
b00 8
#74840000
00
05
07
b1011 ;
b1011 >
1?
b111010011101 B
b0000 D
0E
#74850000
b0000000000000000111010011111 &
15
17
#74860000
b10000 1
b10000 2
b00000000000000000 3
04
05
07
b0001 ;
b0001 >
0?
b111010011110 B
#74870000
b0000000000000000111010100000 &
15
17
#74880000
05
07
b1011 ;
b1011 >
b111010011111 B
#74890000
b0000000000000000111010100001 &
15
17
#74900000
05
07
b0000 ;
b0000 >
b111010100000 B
#74910000
b0000000000000000111010100010 &
15
17
#74920000
05
07
b1010 ;
b1010 >
b111010100001 B
#74930000
b0000000000000000111010100011 &
15
17
#74940000
05
07
b1111 ;
b1111 >
b111010100010 B
#74950000
b0000000000000000111010100100 &
15
17
#74960000
05
07
b1010 ;
b1010 >
b111010100011 B
#74970000
b0000000000000000111010100101 &
15
17
#74980000
05
07
b1110 ;
b1110 >
b111010100100 B
#74990000
b0000000000000000111010100110 &
15
17
#75000000
05
07
b1010 ;
b1010 >
b111010100101 B
#75010000
b0000000000000000111010100111 &
15
17
#75020000
05
07
b1101 ;
b1101 >
b111010100110 B
#75030000
b0000000000000000111010101000 &
15
17
b01 8
b11 9
b00000011 <
#75040000
05
07
b1010 ;
b1010 >
b111010100111 B
#75050000
b0000000000000000111010101001 &
15
17
#75060000
05
07
b1100 ;
b1100 >
b111010101000 B
#75070000
b0000000000000000111010101010 &
15
17
#75080000
05
07
b1010 ;
b1010 >
b111010101001 B
#75090000
b0000000000000000111010101011 &
15
17
#75100000
05
07
b1011 ;
b1011 >
b111010101010 B
#75110000
b0000000000000000111010101100 &
15
17
b00 9
b00000000 <
#75120000
10
05
07
b1010 ;
b1010 >
b111010101011 B
#75130000
b0000000000000000111010101101 &
15
17
#75140000
05
07
b111010101100 B
1E
#75150000
b0000000000000000111010101110 &
15
17
#75160000
05
07
1?
b111010101101 B
0E
#75170000
b0000000000000000111010101111 &
15
17
#75180000
b01111 1
05
07
b1001 ;
b1001 >
0?
b111010101110 B
1E
#75190000
b0000000000000000111010110000 &
15
17
#75200000
05
07
b1010 ;
b1010 >
1?
b111010101111 B
0E
#75210000
b0000000000000000111010110001 &
15
17
#75220000
b01110 1
05
07
b1000 ;
b1000 >
0?
b111010110000 B
1E
#75230000
b0000000000000000111010110010 &
15
17
#75240000
05
07
b1010 ;
b1010 >
1?
b111010110001 B
0E
#75250000
b0000000000000000111010110011 &
15
17
b11 9
b00000011 <
#75260000
b01101 1
05
07
b0111 ;
b0111 >
0?
b111010110010 B
b0011 D
1E
#75270000
b0000000000000000111010110100 &
15
17
b00 9
b00000000 <
#75280000
05
07
b1010 ;
b1010 >
1?
b1100 @
b111010110011 B
b1100 D
0E
#75290000
b0000000000000000111010110101 &
15
17
#75300000
b01100 1
b00000000000011000 3
05
07
b0110 ;
b0110 >
0?
b0000 @
b111010110100 B
b0000 D
1E
#75310000
b0000000000000000111010110110 &
15
17
#75320000
05
07
b1010 ;
b1010 >
1?
b111010110101 B
0E
#75330000
b0000000000000000111010110111 &
15
17
#75340000
b01011 1
05
07
b0101 ;
b0101 >
0?
b111010110110 B
1E
#75350000
b0000000000000000111010111000 &
15
17
#75360000
05
07
b1010 ;
b1010 >
1?
b111010110111 B
0E
#75370000
b0000000000000000111010111001 &
15
17
#75380000
b01010 1
05
07
b0100 ;
b0100 >
0?
b111010111000 B
1E
#75390000
b0000000000000000111010111010 &
15
17
#75400000
05
07
b1010 ;
b1010 >
1?
b111010111001 B
0E
#75410000
b0000000000000000111010111011 &
15
17
#75420000
b01001 1
05
07
b0011 ;
b0011 >
0?
b111010111010 B
1E
#75430000
b0000000000000000111010111100 &
15
17
#75440000
05
07
b1010 ;
b1010 >
1?
b111010111011 B
0E
#75450000
b0000000000000000111010111101 &
15
17
#75460000
b01000 1
05
07
b0010 ;
b0010 >
0?
b111010111100 B
1E
#75470000
b0000000000000000111010111110 &
15
17
#75480000
05
07
b1010 ;
b1010 >
1?
b111010111101 B
0E
#75490000
b0000000000000000111010111111 &
15
17
#75500000
b00111 1
05
07
b0001 ;
b0001 >
0?
b111010111110 B
1E
#75510000
b0000000000000000111011000000 &
15
17
#75520000
05
07
b1010 ;
b1010 >
1?
b111010111111 B
0E
#75530000
b0000000000000000111011000001 &
15
17
#75540000
b00110 1
05
07
b0000 ;
b0000 >
0?
b111011000000 B
1E
#75550000
b0000000000000000111011000010 &
15
17
#75560000
05
07
b1001 ;
b1001 >
1?
b111011000001 B
0E
#75570000
b0000000000000000111011000011 &
15
17
#75580000
b00101 1
05
07
b1111 ;
b1111 >
0?
b111011000010 B
1E
#75590000
b0000000000000000111011000100 &
15
17
#75600000
05
07
b1001 ;
b1001 >
1?
b111011000011 B
0E
#75610000
b0000000000000000111011000101 &
15
17
#75620000
b00100 1
05
07
b1110 ;
b1110 >
0?
b111011000100 B
1E
#75630000
b0000000000000000111011000110 &
15
17
#75640000
05
07
b1001 ;
b1001 >
1?
b111011000101 B
0E
#75650000
b0000000000000000111011000111 &
15
17
#75660000
b00011 1
05
07
b1101 ;
b1101 >
0?
b111011000110 B
1E
#75670000
b0000000000000000111011001000 &
15
17
#75680000
05
07
b1001 ;
b1001 >
1?
b111011000111 B
0E
#75690000
b0000000000000000111011001001 &
15
17
#75700000
b00010 1
05
07
b1100 ;
b1100 >
0?
b111011001000 B
1E
#75710000
b0000000000000000111011001010 &
15
17
#75720000
05
07
b1001 ;
b1001 >
1?
b111011001001 B
0E
#75730000
b0000000000000000111011001011 &
15
17
#75740000
b00001 1
05
07
b1011 ;
b1011 >
0?
b111011001010 B
1E
#75750000
b0000000000000000111011001100 &
15
17
#75760000
05
07
b1001 ;
b1001 >
1?
b111011001011 B
0E
#75770000
b0000000000000000111011001101 &
15
17
#75780000
b00000 1
05
07
b1010 ;
b1010 >
0?
b111011001100 B
1E
#75790000
b0000000000000000111011001110 &
15
17
#75800000
05
07
b1001 ;
b1001 >
1?
b111011001101 B
0E
#75810000
b0000000000000000111011001111 &
15
17
#75820000
b01111 2
b00000000000010111 3
05
07
0?
b111011001110 B
1E
#75830000
b0000000000000000111011010000 &
15
17
b10 9
b00000010 <
#75840000
05
07
1?
b0001 @
b111011001111 B
b0001 D
0E
#75850000
b0000000000000000111011010001 &
15
17
b00 9
b00000000 <
#75860000
b01110 2
b00000000000010110 3
05
07
b1000 ;
b1000 >
0?
b0000 @
b111011010000 B
b0100 D
1E
#75870000
b0000000000000000111011010010 &
15
17
#75880000
05
07
b1001 ;
b1001 >
1?
b111011010001 B
b0000 D
0E
#75890000
b0000000000000000111011010011 &
15
17
#75900000
b01101 2
b00000000000010101 3
05
07
b0111 ;
b0111 >
0?
b111011010010 B
1E
#75910000
b0000000000000000111011010100 &
15
17
b01 9
b00000001 <
#75920000
05
07
b1001 ;
b1001 >
1?
b0010 @
b111011010011 B
b0010 D
0E
#75930000
b0000000000000000111011010101 &
15
17
b00 9
b00000000 <
#75940000
b01100 2
b00000000000010100 3
05
07
b0110 ;
b0110 >
0?
b0000 @
b111011010100 B
b1000 D
1E
#75950000
b0000000000000000111011010110 &
15
17
#75960000
05
07
b1001 ;
b1001 >
1?
b111011010101 B
b0000 D
0E
#75970000
b0000000000000000111011010111 &
15
17
#75980000
b01011 2
b00000000000010011 3
05
07
b0101 ;
b0101 >
0?
b111011010110 B
1E
#75990000
b0000000000000000111011011000 &
15
17
b11 9
b00000011 <
#76000000
05
07
b1001 ;
b1001 >
1?
b0011 @
b111011010111 B
b0011 D
0E
#76010000
b0000000000000000111011011001 &
15
17
b00 9
b00000000 <
#76020000
b01010 2
b00000000000010010 3
05
07
b0100 ;
b0100 >
0?
b0000 @
b111011011000 B
b1100 D
1E
#76030000
b0000000000000000111011011010 &
15
17
#76040000
05
07
b1001 ;
b1001 >
1?
b111011011001 B
b0000 D
0E
#76050000
b0000000000000000111011011011 &
15
17
b10 9
b00000010 <
#76060000
b01001 2
b00000000000010001 3
05
07
b0011 ;
b0011 >
0?
b111011011010 B
b0001 D
1E
#76070000
b0000000000000000111011011100 &
15
17
b00 9
b00000000 <
#76080000
05
07
b1001 ;
b1001 >
1?
b0100 @
b111011011011 B
b0100 D
0E
#76090000
b0000000000000000111011011101 &
15
17
#76100000
b01000 2
b00000000000010000 3
05
07
b0010 ;
b0010 >
0?
b0000 @
b111011011100 B
b0000 D
1E
#76110000
b0000000000000000111011011110 &
15
17
#76120000
05
07
b1001 ;
b1001 >
1?
b111011011101 B
0E
#76130000
b0000000000000000111011011111 &
15
17
b10 9
b00000010 <
#76140000
b00111 2
b00000000000001111 3
05
07
b0001 ;
b0001 >
0?
b111011011110 B
b0001 D
1E
#76150000
b0000000000000000111011100000 &
15
17
#76160000
05
07
b1001 ;
b1001 >
1?
b0101 @
b111011011111 B
b0101 D
0E
#76170000
b0000000000000000111011100001 &
15
17
b00 9
b00000000 <
#76180000
b00110 2
b00000000000001110 3
05
07
b0000 ;
b0000 >
0?
b0000 @
b111011100000 B
b0100 D
1E
#76190000
b0000000000000000111011100010 &
15
17
#76200000
05
07
b1000 ;
b1000 >
1?
b111011100001 B
b0000 D
0E
#76210000
b0000000000000000111011100011 &
15
17
b10 9
b00000010 <
#76220000
b00101 2
b00000000000001101 3
05
07
b1111 ;
b1111 >
0?
b111011100010 B
b0001 D
1E
#76230000
b0000000000000000111011100100 &
15
17
b01 9
b00000001 <
#76240000
05
07
b1000 ;
b1000 >
1?
b0110 @
b111011100011 B
b0110 D
0E
#76250000
b0000000000000000111011100101 &
15
17
b00 9
b00000000 <
#76260000
b00100 2
b00000000000001100 3
05
07
b1110 ;
b1110 >
0?
b0000 @
b111011100100 B
b1000 D
1E
#76270000
b0000000000000000111011100110 &
15
17
#76280000
05
07
b1000 ;
b1000 >
1?
b111011100101 B
b0000 D
0E
#76290000
b0000000000000000111011100111 &
15
17
b10 9
b00000010 <
#76300000
b00011 2
b00000000000001011 3
05
07
b1101 ;
b1101 >
0?
b111011100110 B
b0001 D
1E
#76310000
b0000000000000000111011101000 &
15
17
b11 9
b00000011 <
#76320000
05
07
b1000 ;
b1000 >
1?
b0111 @
b111011100111 B
b0111 D
0E
#76330000
b0000000000000000111011101001 &
15
17
b00 9
b00000000 <
#76340000
b00010 2
b00000000000001010 3
05
07
b1100 ;
b1100 >
0?
b0000 @
b111011101000 B
b1100 D
1E
#76350000
b0000000000000000111011101010 &
15
17
#76360000
05
07
b1000 ;
b1000 >
1?
b111011101001 B
b0000 D
0E
#76370000
b0000000000000000111011101011 &
15
17
b01 9
b00000001 <
#76380000
b00001 2
b00000000000001001 3
05
07
b1011 ;
b1011 >
0?
b111011101010 B
b0010 D
1E
#76390000
b0000000000000000111011101100 &
15
17
b00 9
b00000000 <
#76400000
05
07
b1000 ;
b1000 >
1?
b1000 @
b111011101011 B
b1000 D
0E
#76410000
b0000000000000000111011101101 &
15
17
#76420000
b00000 2
b00000000000001000 3
05
07
b1010 ;
b1010 >
0?
b0000 @
b111011101100 B
b0000 D
1E
#76430000
b0000000000000000111011101110 &
15
17
#76440000
05
07
b1000 ;
b1000 >
1?
b111011101101 B
0E
#76450000
b0000000000000000111011101111 &
15
17
b01 9
b00000001 <
#76460000
1)
b00000000000000111 3
05
07
b1001 ;
b1001 >
0?
b111011101110 B
b0010 D
1E
#76470000
b0000000000000000111011110000 &
15
17
b10 9
b00000010 <
#76480000
0)
b000010010001 ,
05
07
b1000 ;
b1000 >
1?
b1001 @
b111011101111 B
b1001 D
0E
#76490000
b0000000000000000111011110001 &
15
17
b00 9
b00000000 <
#76500000
1)
b1001 *
b00000000000000110 3
05
07
0?
b0000 @
b111011110000 B
b0100 D
1E
#76510000
b0000000000000000111011110010 &
15
17
#76520000
0)
b0000 *
b000010010010 ,
05
07
1?
b111011110001 B
b0000 D
0E
#76530000
b0000000000000000111011110011 &
15
17
b01 9
b00000001 <
#76540000
1)
b00000000000000101 3
05
07
b0111 ;
b0111 >
0?
b111011110010 B
b0010 D
1E
#76550000
b0000000000000000111011110100 &
15
17
#76560000
0)
b000010010011 ,
05
07
b1000 ;
b1000 >
1?
b1010 @
b111011110011 B
b1010 D
0E
#76570000
b0000000000000000111011110101 &
15
17
b00 9
b00000000 <
#76580000
1)
b1010 *
b00000000000000100 3
05
07
b0110 ;
b0110 >
0?
b0000 @
b111011110100 B
b1000 D
1E
#76590000
b0000000000000000111011110110 &
15
17
#76600000
0)
b0000 *
b000010010100 ,
05
07
b1000 ;
b1000 >
1?
b111011110101 B
b0000 D
0E
#76610000
b0000000000000000111011110111 &
15
17
b01 9
b00000001 <
#76620000
1)
b00000000000000011 3
05
07
b0101 ;
b0101 >
0?
b111011110110 B
b0010 D
1E
#76630000
b0000000000000000111011111000 &
15
17
b11 9
b00000011 <
#76640000
0)
b000010010101 ,
05
07
b1000 ;
b1000 >
1?
b1011 @
b111011110111 B
b1011 D
0E
#76650000
b0000000000000000111011111001 &
15
17
b00 9
b00000000 <
#76660000
1)
b1011 *
b00000000000000010 3
05
07
b0100 ;
b0100 >
0?
b0000 @
b111011111000 B
b1100 D
1E
#76670000
b0000000000000000111011111010 &
15
17
#76680000
0)
b0000 *
b000010010110 ,
05
07
b1000 ;
b1000 >
1?
b111011111001 B
b0000 D
0E
#76690000
b0000000000000000111011111011 &
15
17
b11 9
b00000011 <
#76700000
1)
b00000000000000001 3
05
07
b0011 ;
b0011 >
0?
b111011111010 B
b0011 D
1E
#76710000
b0000000000000000111011111100 &
15
17
b00 9
b00000000 <
#76720000
0)
b000010010111 ,
05
07
b1000 ;
b1000 >
1?
b1100 @
b111011111011 B
b1100 D
0E
#76730000
b0000000000000000111011111101 &
15
17
#76740000
1)
b1100 *
b00000000000000000 3
05
07
b0010 ;
b0010 >
0?
b0000 @
b111011111100 B
b0000 D
1E
#76750000
b0000000000000000111011111110 &
15
17
#76760000
0)
b0000 *
b000010011000 ,
05
07
b1000 ;
b1000 >
1?
b111011111101 B
0E
#76770000
b0000000000000000111011111111 &
15
17
#76780000
05
07
b0001 ;
b0001 >
0?
b111011111110 B
1E
#76790000
b0000000000000000111100000000 &
15
17
#76800000
05
07
b1000 ;
b1000 >
1?
b111011111111 B
0E
#76810000
b0000000000000000111100000001 &
15
17
#76820000
05
07
b0000 ;
b0000 >
0?
b111100000000 B
1E
#76830000
b0000000000000000111100000010 &
15
17
#76840000
05
07
b0111 ;
b0111 >
1?
b111100000001 B
0E
#76850000
b0000000000000000111100000011 &
15
17
#76860000
05
07
b1111 ;
b1111 >
0?
b111100000010 B
1E
#76870000
b0000000000000000111100000100 &
15
17
#76880000
05
07
b0111 ;
b0111 >
1?
b111100000011 B
0E
#76890000
b0000000000000000111100000101 &
15
17
#76900000
05
07
b1110 ;
b1110 >
0?
b111100000100 B
1E
#76910000
b0000000000000000111100000110 &
15
17
#76920000
05
07
b0111 ;
b0111 >
1?
b111100000101 B
0E
#76930000
b0000000000000000111100000111 &
15
17
#76940000
05
07
b1101 ;
b1101 >
0?
b111100000110 B
1E
#76950000
b0000000000000000111100001000 &
15
17
#76960000
05
07
b0111 ;
b0111 >
1?
b111100000111 B
0E
#76970000
b0000000000000000111100001001 &
15
17
#76980000
05
07
b1100 ;
b1100 >
0?
b111100001000 B
1E
#76990000
b0000000000000000111100001010 &
15
17
#77000000
05
07
b0111 ;
b0111 >
1?
b111100001001 B
0E
#77010000
b0000000000000000111100001011 &
15
17
#77020000
05
07
b1011 ;
b1011 >
0?
b111100001010 B
1E
#77030000
b0000000000000000111100001100 &
15
17
b00 8
#77040000
00
05
07
b0111 ;
b0111 >
1?
b111100001011 B
0E
#77050000
b0000000000000000111100001101 &
15
17
#77060000
b10000 1
b10000 2
05
07
b1010 ;
b1010 >
0?
b111100001100 B
#77070000
b0000000000000000111100001110 &
15
17
#77080000
05
07
b0111 ;
b0111 >
b111100001101 B
#77090000
b0000000000000000111100001111 &
15
17
#77100000
05
07
b1001 ;
b1001 >
b111100001110 B
#77110000
b0000000000000000111100010000 &
15
17
#77120000
05
07
b0111 ;
b0111 >
b111100001111 B
#77130000
b0000000000000000111100010001 &
15
17
#77140000
05
07
b1000 ;
b1000 >
b111100010000 B
#77150000
b0000000000000000111100010010 &
15
17
#77160000
05
07
b0111 ;
b0111 >
b111100010001 B
#77170000
b0000000000000000111100010011 &
15
17
#77180000
05
07
b111100010010 B
#77190000
b0000000000000000111100010100 &
15
17
#77200000
05
07
b111100010011 B
#77210000
b0000000000000000111100010101 &
15
17
#77220000
05
07
b0110 ;
b0110 >
b111100010100 B
#77230000
b0000000000000000111100010110 &
15
17
#77240000
05
07
b0111 ;
b0111 >
b111100010101 B
#77250000
b0000000000000000111100010111 &
15
17
#77260000
05
07
b0101 ;
b0101 >
b111100010110 B
#77270000
b0000000000000000111100011000 &
15
17
#77280000
05
07
b0111 ;
b0111 >
b111100010111 B
#77290000
b0000000000000000111100011001 &
15
17
#77300000
05
07
b0100 ;
b0100 >
b111100011000 B
#77310000
b0000000000000000111100011010 &
15
17
#77320000
05
07
b0111 ;
b0111 >
b111100011001 B
#77330000
b0000000000000000111100011011 &
15
17
#77340000
05
07
b0011 ;
b0011 >
b111100011010 B
#77350000
b0000000000000000111100011100 &
15
17
#77360000
05
07
b0111 ;
b0111 >
b111100011011 B
#77370000
b0000000000000000111100011101 &
15
17
#77380000
05
07
b0010 ;
b0010 >
b111100011100 B
#77390000
b0000000000000000111100011110 &
15
17
#77400000
05
07
b0111 ;
b0111 >
b111100011101 B
#77410000
b0000000000000000111100011111 &
15
17
#77420000
05
07
b0001 ;
b0001 >
b111100011110 B
#77430000
b0000000000000000111100100000 &
15
17
#77440000
05
07
b0111 ;
b0111 >
b111100011111 B
#77450000
b0000000000000000111100100001 &
15
17
#77460000
05
07
b0000 ;
b0000 >
b111100100000 B
#77470000
b0000000000000000111100100010 &
15
17
#77480000
05
07
b0110 ;
b0110 >
b111100100001 B
#77490000
b0000000000000000111100100011 &
15
17
#77500000
05
07
b1111 ;
b1111 >
b111100100010 B
#77510000
b0000000000000000111100100100 &
15
17
#77520000
05
07
b0110 ;
b0110 >
b111100100011 B
#77530000
b0000000000000000111100100101 &
15
17
#77540000
05
07
b1110 ;
b1110 >
b111100100100 B
#77550000
b0000000000000000111100100110 &
15
17
b01 8
b11 9
b00000011 <
#77560000
05
07
b0110 ;
b0110 >
b111100100101 B
#77570000
b0000000000000000111100100111 &
15
17
#77580000
05
07
b1101 ;
b1101 >
b111100100110 B
#77590000
b0000000000000000111100101000 &
15
17
#77600000
05
07
b0110 ;
b0110 >
b111100100111 B
#77610000
b0000000000000000111100101001 &
15
17
#77620000
05
07
b1100 ;
b1100 >
b111100101000 B
#77630000
b0000000000000000111100101010 &
15
17
b00 9
b00000000 <
#77640000
10
05
07
b0110 ;
b0110 >
b111100101001 B
#77650000
b0000000000000000111100101011 &
15
17
b11 9
b00000011 <
#77660000
05
07
b1011 ;
b1011 >
b111100101010 B
b0011 D
1E
#77670000
b0000000000000000111100101100 &
15
17
#77680000
05
07
b0110 ;
b0110 >
1?
b1111 @
b111100101011 B
b1111 D
0E
#77690000
b0000000000000000111100101101 &
15
17
#77700000
b01111 1
b00000000000011110 3
05
07
b1010 ;
b1010 >
0?
b0000 @
b111100101100 B
1E
#77710000
b0000000000000000111100101110 &
15
17
#77720000
05
07
b0110 ;
b0110 >
1?
b1111 @
b111100101101 B
0E
#77730000
b0000000000000000111100101111 &
15
17
#77740000
b01110 1
b00000000111111110 3
05
07
b1001 ;
b1001 >
0?
b0000 @
b111100101110 B
1E
#77750000
b0000000000000000111100110000 &
15
17
#77760000
05
07
b0110 ;
b0110 >
1?
b1111 @
b111100101111 B
0E
#77770000
b0000000000000000111100110001 &
15
17
#77780000
b01101 1
b00001111111111110 3
05
07
b1000 ;
b1000 >
0?
b0000 @
b111100110000 B
1E
#77790000
b0000000000000000111100110010 &
15
17
#77800000
05
07
b0110 ;
b0110 >
1?
b1111 @
b111100110001 B
0E
#77810000
b0000000000000000111100110011 &
15
17
#77820000
b01100 1
b11111111111111110 3
05
07
b0111 ;
b0111 >
0?
b0000 @
b111100110010 B
1E
#77830000
b0000000000000000111100110100 &
15
17
#77840000
05
07
b0110 ;
b0110 >
1?
b1111 @
b111100110011 B
0E
#77850000
b0000000000000000111100110101 &
15
17
#77860000
b01011 1
14
05
07
0?
b0000 @
b111100110100 B
1E
#77870000
b0000000000000000111100110110 &
15
17
#77880000
05
07
1?
b1111 @
b111100110101 B
0E
#77890000
b0000000000000000111100110111 &
15
17
#77900000
b01010 1
05
07
b0101 ;
b0101 >
0?
b0000 @
b111100110110 B
1E
#77910000
b0000000000000000111100111000 &
15
17
#77920000
05
07
b0110 ;
b0110 >
1?
b1111 @
b111100110111 B
0E
#77930000
b0000000000000000111100111001 &
15
17
#77940000
b01001 1
05
07
b0100 ;
b0100 >
0?
b0000 @
b111100111000 B
1E
#77950000
b0000000000000000111100111010 &
15
17
#77960000
05
07
b0110 ;
b0110 >
1?
b1111 @
b111100111001 B
0E
#77970000
b0000000000000000111100111011 &
15
17
#77980000
b01000 1
05
07
b0011 ;
b0011 >
0?
b0000 @
b111100111010 B
1E
#77990000
b0000000000000000111100111100 &
15
17
#78000000
05
07
b0110 ;
b0110 >
1?
b1111 @
b111100111011 B
0E
#78010000
b0000000000000000111100111101 &
15
17
#78020000
b00111 1
05
07
b0010 ;
b0010 >
0?
b0000 @
b111100111100 B
1E
#78030000
b0000000000000000111100111110 &
15
17
#78040000
05
07
b0110 ;
b0110 >
1?
b1111 @
b111100111101 B
0E
#78050000
b0000000000000000111100111111 &
15
17
#78060000
b00110 1
05
07
b0001 ;
b0001 >
0?
b0000 @
b111100111110 B
1E
#78070000
b0000000000000000111101000000 &
15
17
#78080000
05
07
b0110 ;
b0110 >
1?
b1111 @
b111100111111 B
0E
#78090000
b0000000000000000111101000001 &
15
17
#78100000
b00101 1
05
07
b0000 ;
b0000 >
0?
b0000 @
b111101000000 B
1E
#78110000
b0000000000000000111101000010 &
15
17
#78120000
05
07
b0101 ;
b0101 >
1?
b1111 @
b111101000001 B
0E
#78130000
b0000000000000000111101000011 &
15
17
#78140000
b00100 1
05
07
b1111 ;
b1111 >
0?
b0000 @
b111101000010 B
1E
#78150000
b0000000000000000111101000100 &
15
17
#78160000
05
07
b0101 ;
b0101 >
1?
b1111 @
b111101000011 B
0E
#78170000
b0000000000000000111101000101 &
15
17
#78180000
b00011 1
05
07
b1110 ;
b1110 >
0?
b0000 @
b111101000100 B
1E
#78190000
b0000000000000000111101000110 &
15
17
#78200000
05
07
b0101 ;
b0101 >
1?
b1111 @
b111101000101 B
0E
#78210000
b0000000000000000111101000111 &
15
17
#78220000
b00010 1
05
07
b1101 ;
b1101 >
0?
b0000 @
b111101000110 B
1E
#78230000
b0000000000000000111101001000 &
15
17
#78240000
05
07
b0101 ;
b0101 >
1?
b1111 @
b111101000111 B
0E
#78250000
b0000000000000000111101001001 &
15
17
#78260000
b00001 1
05
07
b1100 ;
b1100 >
0?
b0000 @
b111101001000 B
1E
#78270000
b0000000000000000111101001010 &
15
17
#78280000
05
07
b0101 ;
b0101 >
1?
b1111 @
b111101001001 B
0E
#78290000
b0000000000000000111101001011 &
15
17
#78300000
b00000 1
05
07
b1011 ;
b1011 >
0?
b0000 @
b111101001010 B
1E
#78310000
b0000000000000000111101001100 &
15
17
#78320000
05
07
b0101 ;
b0101 >
1?
b1111 @
b111101001011 B
0E
#78330000
b0000000000000000111101001101 &
15
17
#78340000
b01111 2
b11111111111111101 3
05
07
b1010 ;
b1010 >
0?
b0000 @
b111101001100 B
1E
#78350000
b0000000000000000111101001110 &
15
17
#78360000
05
07
b0101 ;
b0101 >
1?
b1111 @
b111101001101 B
0E
#78370000
b0000000000000000111101001111 &
15
17
#78380000
b01110 2
b11111111111111100 3
05
07
b1001 ;
b1001 >
0?
b0000 @
b111101001110 B
1E
#78390000
b0000000000000000111101010000 &
15
17
#78400000
05
07
b0101 ;
b0101 >
1?
b1111 @
b111101001111 B
0E
#78410000
b0000000000000000111101010001 &
15
17
#78420000
b01101 2
b11111111111111011 3
05
07
b1000 ;
b1000 >
0?
b0000 @
b111101010000 B
1E
#78430000
b0000000000000000111101010010 &
15
17
#78440000
05
07
b0101 ;
b0101 >
1?
b1111 @
b111101010001 B
0E
#78450000
b0000000000000000111101010011 &
15
17
#78460000
b01100 2
b11111111111111010 3
05
07
b0111 ;
b0111 >
0?
b0000 @
b111101010010 B
1E
#78470000
b0000000000000000111101010100 &
15
17
#78480000
05
07
b0101 ;
b0101 >
1?
b1111 @
b111101010011 B
0E
#78490000
b0000000000000000111101010101 &
15
17
#78500000
b01011 2
b11111111111111001 3
05
07
b0110 ;
b0110 >
0?
b0000 @
b111101010100 B
1E
#78510000
b0000000000000000111101010110 &
15
17
#78520000
05
07
b0101 ;
b0101 >
1?
b1111 @
b111101010101 B
0E
#78530000
b0000000000000000111101010111 &
15
17
#78540000
b01010 2
b11111111111111000 3
05
07
0?
b0000 @
b111101010110 B
1E
#78550000
b0000000000000000111101011000 &
15
17
#78560000
05
07
1?
b1111 @
b111101010111 B
0E
#78570000
b0000000000000000111101011001 &
15
17
#78580000
b01001 2
b11111111111110111 3
05
07
b0100 ;
b0100 >
0?
b0000 @
b111101011000 B
1E
#78590000
b0000000000000000111101011010 &
15
17
b10 9
b00000010 <
#78600000
05
07
b0101 ;
b0101 >
1?
b1101 @
b111101011001 B
b1101 D
0E
#78610000
b0000000000000000111101011011 &
15
17
#78620000
b01000 2
b11111111111110110 3
05
07
b0011 ;
b0011 >
0?
b0000 @
b111101011010 B
b0101 D
1E
#78630000
b0000000000000000111101011100 &
15
17
#78640000
05
07
b0101 ;
b0101 >
1?
b0101 @
b111101011011 B
0E
#78650000
b0000000000000000111101011101 &
15
17
#78660000
b00111 2
b11111111111110101 3
05
07
b0010 ;
b0010 >
0?
b0000 @
b111101011100 B
1E
#78670000
b0000000000000000111101011110 &
15
17
#78680000
05
07
b0101 ;
b0101 >
1?
b0101 @
b111101011101 B
0E
#78690000
b0000000000000000111101011111 &
15
17
#78700000
b00110 2
b11111111111110100 3
05
07
b0001 ;
b0001 >
0?
b0000 @
b111101011110 B
1E
#78710000
b0000000000000000111101100000 &
15
17
#78720000
05
07
b0101 ;
b0101 >
1?
b0101 @
b111101011111 B
0E
#78730000
b0000000000000000111101100001 &
15
17
#78740000
b00101 2
b11111111111110011 3
05
07
b0000 ;
b0000 >
0?
b0000 @
b111101100000 B
1E
#78750000
b0000000000000000111101100010 &
15
17
#78760000
05
07
b0100 ;
b0100 >
1?
b0101 @
b111101100001 B
0E
#78770000
b0000000000000000111101100011 &
15
17
#78780000
b00100 2
b11111111111110010 3
05
07
b1111 ;
b1111 >
0?
b0000 @
b111101100010 B
1E
#78790000
b0000000000000000111101100100 &
15
17
#78800000
05
07
b0100 ;
b0100 >
1?
b0101 @
b111101100011 B
0E
#78810000
b0000000000000000111101100101 &
15
17
#78820000
b00011 2
b11111111111110001 3
05
07
b1110 ;
b1110 >
0?
b0000 @
b111101100100 B
1E
#78830000
b0000000000000000111101100110 &
15
17
#78840000
05
07
b0100 ;
b0100 >
1?
b0101 @
b111101100101 B
0E
#78850000
b0000000000000000111101100111 &
15
17
#78860000
b00010 2
b11111111111110000 3
05
07
b1101 ;
b1101 >
0?
b0000 @
b111101100110 B
1E
#78870000
b0000000000000000111101101000 &
15
17
#78880000
05
07
b0100 ;
b0100 >
1?
b0101 @
b111101100111 B
0E
#78890000
b0000000000000000111101101001 &
15
17
#78900000
b00001 2
b11111111111101111 3
05
07
b1100 ;
b1100 >
0?
b0000 @
b111101101000 B
1E
#78910000
b0000000000000000111101101010 &
15
17
b00 8
#78920000
00
05
07
b0100 ;
b0100 >
1?
b111101101001 B
b0000 D
0E
#78930000
b0000000000000000111101101011 &
15
17
#78940000
b10000 1
b10000 2
b00000000000000000 3
04
05
07
b1011 ;
b1011 >
0?
b111101101010 B
#78950000
b0000000000000000111101101100 &
15
17
#78960000
05
07
b0100 ;
b0100 >
b111101101011 B
#78970000
b0000000000000000111101101101 &
15
17
#78980000
05
07
b1010 ;
b1010 >
b111101101100 B
#78990000
b0000000000000000111101101110 &
15
17
#79000000
05
07
b0100 ;
b0100 >
b111101101101 B
#79010000
b0000000000000000111101101111 &
15
17
#79020000
05
07
b1001 ;
b1001 >
b111101101110 B
#79030000
b0000000000000000111101110000 &
15
17
#79040000
05
07
b0100 ;
b0100 >
b111101101111 B
#79050000
b0000000000000000111101110001 &
15
17
#79060000
05
07
b1000 ;
b1000 >
b111101110000 B
#79070000
b0000000000000000111101110010 &
15
17
#79080000
05
07
b0100 ;
b0100 >
b111101110001 B
#79090000
b0000000000000000111101110011 &
15
17
#79100000
05
07
b0111 ;
b0111 >
b111101110010 B
#79110000
b0000000000000000111101110100 &
15
17
b01 8
b11 9
b00000011 <
#79120000
05
07
b0100 ;
b0100 >
b111101110011 B
#79130000
b0000000000000000111101110101 &
15
17
#79140000
05
07
b0110 ;
b0110 >
b111101110100 B
#79150000
b0000000000000000111101110110 &
15
17
#79160000
05
07
b0100 ;
b0100 >
b111101110101 B
#79170000
b0000000000000000111101110111 &
15
17
#79180000
05
07
b0101 ;
b0101 >
b111101110110 B
#79190000
b0000000000000000111101111000 &
15
17
b00 9
b00000000 <
#79200000
10
05
07
b0100 ;
b0100 >
b111101110111 B
#79210000
b0000000000000000111101111001 &
15
17
#79220000
05
07
b111101111000 B
1E
#79230000
b0000000000000000111101111010 &
15
17
#79240000
05
07
1?
b111101111001 B
0E
#79250000
b0000000000000000111101111011 &
15
17
#79260000
b01111 1
05
07
b0011 ;
b0011 >
0?
b111101111010 B
1E
#79270000
b0000000000000000111101111100 &
15
17
#79280000
05
07
b0100 ;
b0100 >
1?
b111101111011 B
0E
#79290000
b0000000000000000111101111101 &
15
17
#79300000
b01110 1
05
07
b0010 ;
b0010 >
0?
b111101111100 B
1E
#79310000
b0000000000000000111101111110 &
15
17
#79320000
05
07
b0100 ;
b0100 >
1?
b111101111101 B
0E
#79330000
b0000000000000000111101111111 &
15
17
b11 9
b00000011 <
#79340000
b01101 1
05
07
b0001 ;
b0001 >
0?
b111101111110 B
b0011 D
1E
#79350000
b0000000000000000111110000000 &
15
17
b00 9
b00000000 <
#79360000
05
07
b0100 ;
b0100 >
1?
b1100 @
b111101111111 B
b1100 D
0E
#79370000
b0000000000000000111110000001 &
15
17
#79380000
b01100 1
b00000000000011000 3
05
07
b0000 ;
b0000 >
0?
b0000 @
b111110000000 B
b0000 D
1E
#79390000
b0000000000000000111110000010 &
15
17
#79400000
05
07
b0011 ;
b0011 >
1?
b111110000001 B
0E
#79410000
b0000000000000000111110000011 &
15
17
#79420000
b01011 1
05
07
b1111 ;
b1111 >
0?
b111110000010 B
1E
#79430000
b0000000000000000111110000100 &
15
17
#79440000
05
07
b0011 ;
b0011 >
1?
b111110000011 B
0E
#79450000
b0000000000000000111110000101 &
15
17
#79460000
b01010 1
05
07
b1110 ;
b1110 >
0?
b111110000100 B
1E
#79470000
b0000000000000000111110000110 &
15
17
#79480000
05
07
b0011 ;
b0011 >
1?
b111110000101 B
0E
#79490000
b0000000000000000111110000111 &
15
17
#79500000
b01001 1
05
07
b1101 ;
b1101 >
0?
b111110000110 B
1E
#79510000
b0000000000000000111110001000 &
15
17
#79520000
05
07
b0011 ;
b0011 >
1?
b111110000111 B
0E
#79530000
b0000000000000000111110001001 &
15
17
#79540000
b01000 1
05
07
b1100 ;
b1100 >
0?
b111110001000 B
1E
#79550000
b0000000000000000111110001010 &
15
17
#79560000
05
07
b0011 ;
b0011 >
1?
b111110001001 B
0E
#79570000
b0000000000000000111110001011 &
15
17
#79580000
b00111 1
05
07
b1011 ;
b1011 >
0?
b111110001010 B
1E
#79590000
b0000000000000000111110001100 &
15
17
#79600000
05
07
b0011 ;
b0011 >
1?
b111110001011 B
0E
#79610000
b0000000000000000111110001101 &
15
17
#79620000
b00110 1
05
07
b1010 ;
b1010 >
0?
b111110001100 B
1E
#79630000
b0000000000000000111110001110 &
15
17
#79640000
05
07
b0011 ;
b0011 >
1?
b111110001101 B
0E
#79650000
b0000000000000000111110001111 &
15
17
#79660000
b00101 1
05
07
b1001 ;
b1001 >
0?
b111110001110 B
1E
#79670000
b0000000000000000111110010000 &
15
17
#79680000
05
07
b0011 ;
b0011 >
1?
b111110001111 B
0E
#79690000
b0000000000000000111110010001 &
15
17
#79700000
b00100 1
05
07
b1000 ;
b1000 >
0?
b111110010000 B
1E
#79710000
b0000000000000000111110010010 &
15
17
#79720000
05
07
b0011 ;
b0011 >
1?
b111110010001 B
0E
#79730000
b0000000000000000111110010011 &
15
17
#79740000
b00011 1
05
07
b0111 ;
b0111 >
0?
b111110010010 B
1E
#79750000
b0000000000000000111110010100 &
15
17
#79760000
05
07
b0011 ;
b0011 >
1?
b111110010011 B
0E
#79770000
b0000000000000000111110010101 &
15
17
#79780000
b00010 1
05
07
b0110 ;
b0110 >
0?
b111110010100 B
1E
#79790000
b0000000000000000111110010110 &
15
17
#79800000
05
07
b0011 ;
b0011 >
1?
b111110010101 B
0E
#79810000
b0000000000000000111110010111 &
15
17
#79820000
b00001 1
05
07
b0101 ;
b0101 >
0?
b111110010110 B
1E
#79830000
b0000000000000000111110011000 &
15
17
#79840000
05
07
b0011 ;
b0011 >
1?
b111110010111 B
0E
#79850000
b0000000000000000111110011001 &
15
17
#79860000
b00000 1
05
07
b0100 ;
b0100 >
0?
b111110011000 B
1E
#79870000
b0000000000000000111110011010 &
15
17
#79880000
05
07
b0011 ;
b0011 >
1?
b111110011001 B
0E
#79890000
b0000000000000000111110011011 &
15
17
#79900000
b01111 2
b00000000000010111 3
05
07
0?
b111110011010 B
1E
#79910000
b0000000000000000111110011100 &
15
17
b10 9
b00000010 <
#79920000
05
07
1?
b0001 @
b111110011011 B
b0001 D
0E
#79930000
b0000000000000000111110011101 &
15
17
b00 9
b00000000 <
#79940000
b01110 2
b00000000000010110 3
05
07
b0010 ;
b0010 >
0?
b0000 @
b111110011100 B
b0100 D
1E
#79950000
b0000000000000000111110011110 &
15
17
#79960000
05
07
b0011 ;
b0011 >
1?
b111110011101 B
b0000 D
0E
#79970000
b0000000000000000111110011111 &
15
17
#79980000
b01101 2
b00000000000010101 3
05
07
b0001 ;
b0001 >
0?
b111110011110 B
1E
#79990000
b0000000000000000111110100000 &
15
17
b01 9
b00000001 <
#80000000
05
07
b0011 ;
b0011 >
1?
b0010 @
b111110011111 B
b0010 D
0E
#80010000
b0000000000000000111110100001 &
15
17
b00 9
b00000000 <
#80020000
b01100 2
b00000000000010100 3
05
07
b0000 ;
b0000 >
0?
b0000 @
b111110100000 B
b1000 D
1E
#80030000
b0000000000000000111110100010 &
15
17
#80040000
05
07
b0010 ;
b0010 >
1?
b111110100001 B
b0000 D
0E
#80050000
b0000000000000000111110100011 &
15
17
#80060000
b01011 2
b00000000000010011 3
05
07
b1111 ;
b1111 >
0?
b111110100010 B
1E
#80070000
b0000000000000000111110100100 &
15
17
b11 9
b00000011 <
#80080000
05
07
b0010 ;
b0010 >
1?
b0011 @
b111110100011 B
b0011 D
0E
#80090000
b0000000000000000111110100101 &
15
17
b00 9
b00000000 <
#80100000
b01010 2
b00000000000010010 3
05
07
b1110 ;
b1110 >
0?
b0000 @
b111110100100 B
b1100 D
1E
#80110000
b0000000000000000111110100110 &
15
17
#80120000
05
07
b0010 ;
b0010 >
1?
b111110100101 B
b0000 D
0E
#80130000
b0000000000000000111110100111 &
15
17
b10 9
b00000010 <
#80140000
b01001 2
b00000000000010001 3
05
07
b1101 ;
b1101 >
0?
b111110100110 B
b0001 D
1E
#80150000
b0000000000000000111110101000 &
15
17
b00 9
b00000000 <
#80160000
05
07
b0010 ;
b0010 >
1?
b0100 @
b111110100111 B
b0100 D
0E
#80170000
b0000000000000000111110101001 &
15
17
#80180000
b01000 2
b00000000000010000 3
05
07
b1100 ;
b1100 >
0?
b0000 @
b111110101000 B
b0000 D
1E
#80190000
b0000000000000000111110101010 &
15
17
#80200000
05
07
b0010 ;
b0010 >
1?
b111110101001 B
0E
#80210000
b0000000000000000111110101011 &
15
17
b10 9
b00000010 <
#80220000
b00111 2
b00000000000001111 3
05
07
b1011 ;
b1011 >
0?
b111110101010 B
b0001 D
1E
#80230000
b0000000000000000111110101100 &
15
17
#80240000
05
07
b0010 ;
b0010 >
1?
b0101 @
b111110101011 B
b0101 D
0E
#80250000
b0000000000000000111110101101 &
15
17
b00 9
b00000000 <
#80260000
b00110 2
b00000000000001110 3
05
07
b1010 ;
b1010 >
0?
b0000 @
b111110101100 B
b0100 D
1E
#80270000
b0000000000000000111110101110 &
15
17
#80280000
05
07
b0010 ;
b0010 >
1?
b111110101101 B
b0000 D
0E
#80290000
b0000000000000000111110101111 &
15
17
b10 9
b00000010 <
#80300000
b00101 2
b00000000000001101 3
05
07
b1001 ;
b1001 >
0?
b111110101110 B
b0001 D
1E
#80310000
b0000000000000000111110110000 &
15
17
b01 9
b00000001 <
#80320000
05
07
b0010 ;
b0010 >
1?
b0110 @
b111110101111 B
b0110 D
0E
#80330000
b0000000000000000111110110001 &
15
17
b00 9
b00000000 <
#80340000
b00100 2
b00000000000001100 3
05
07
b1000 ;
b1000 >
0?
b0000 @
b111110110000 B
b1000 D
1E
#80350000
b0000000000000000111110110010 &
15
17
#80360000
05
07
b0010 ;
b0010 >
1?
b111110110001 B
b0000 D
0E
#80370000
b0000000000000000111110110011 &
15
17
b10 9
b00000010 <
#80380000
b00011 2
b00000000000001011 3
05
07
b0111 ;
b0111 >
0?
b111110110010 B
b0001 D
1E
#80390000
b0000000000000000111110110100 &
15
17
b11 9
b00000011 <
#80400000
05
07
b0010 ;
b0010 >
1?
b0111 @
b111110110011 B
b0111 D
0E
#80410000
b0000000000000000111110110101 &
15
17
b00 9
b00000000 <
#80420000
b00010 2
b00000000000001010 3
05
07
b0110 ;
b0110 >
0?
b0000 @
b111110110100 B
b1100 D
1E
#80430000
b0000000000000000111110110110 &
15
17
#80440000
05
07
b0010 ;
b0010 >
1?
b111110110101 B
b0000 D
0E
#80450000
b0000000000000000111110110111 &
15
17
b01 9
b00000001 <
#80460000
b00001 2
b00000000000001001 3
05
07
b0101 ;
b0101 >
0?
b111110110110 B
b0010 D
1E
#80470000
b0000000000000000111110111000 &
15
17
b00 9
b00000000 <
#80480000
05
07
b0010 ;
b0010 >
1?
b1000 @
b111110110111 B
b1000 D
0E
#80490000
b0000000000000000111110111001 &
15
17
#80500000
b00000 2
b00000000000001000 3
05
07
b0100 ;
b0100 >
0?
b0000 @
b111110111000 B
b0000 D
1E
#80510000
b0000000000000000111110111010 &
15
17
#80520000
05
07
b0010 ;
b0010 >
1?
b111110111001 B
0E
#80530000
b0000000000000000111110111011 &
15
17
b01 9
b00000001 <
#80540000
1)
b00000000000000111 3
05
07
b0011 ;
b0011 >
0?
b111110111010 B
b0010 D
1E
#80550000
b0000000000000000111110111100 &
15
17
b10 9
b00000010 <
#80560000
0)
b000010011001 ,
05
07
b0010 ;
b0010 >
1?
b1001 @
b111110111011 B
b1001 D
0E
#80570000
b0000000000000000111110111101 &
15
17
b00 9
b00000000 <
#80580000
1)
b1001 *
b00000000000000110 3
05
07
0?
b0000 @
b111110111100 B
b0100 D
1E
#80590000
b0000000000000000111110111110 &
15
17
#80600000
0)
b0000 *
b000010011010 ,
05
07
1?
b111110111101 B
b0000 D
0E
#80610000
b0000000000000000111110111111 &
15
17
b01 9
b00000001 <
#80620000
1)
b00000000000000101 3
05
07
b0001 ;
b0001 >
0?
b111110111110 B
b0010 D
1E
#80630000
b0000000000000000111111000000 &
15
17
#80640000
0)
b000010011011 ,
05
07
b0010 ;
b0010 >
1?
b1010 @
b111110111111 B
b1010 D
0E
#80650000
b0000000000000000111111000001 &
15
17
b00 9
b00000000 <
#80660000
1)
b1010 *
b00000000000000100 3
05
07
b0000 ;
b0000 >
0?
b0000 @
b111111000000 B
b1000 D
1E
#80670000
b0000000000000000111111000010 &
15
17
#80680000
0)
b0000 *
b000010011100 ,
05
07
b0001 ;
b0001 >
1?
b111111000001 B
b0000 D
0E
#80690000
b0000000000000000111111000011 &
15
17
b01 9
b00000001 <
#80700000
1)
b00000000000000011 3
05
07
b1111 ;
b1111 >
0?
b111111000010 B
b0010 D
1E
#80710000
b0000000000000000111111000100 &
15
17
b11 9
b00000011 <
#80720000
0)
b000010011101 ,
05
07
b0001 ;
b0001 >
1?
b1011 @
b111111000011 B
b1011 D
0E
#80730000
b0000000000000000111111000101 &
15
17
b00 9
b00000000 <
#80740000
1)
b1011 *
b00000000000000010 3
05
07
b1110 ;
b1110 >
0?
b0000 @
b111111000100 B
b1100 D
1E
#80750000
b0000000000000000111111000110 &
15
17
#80760000
0)
b0000 *
b000010011110 ,
05
07
b0001 ;
b0001 >
1?
b111111000101 B
b0000 D
0E
#80770000
b0000000000000000111111000111 &
15
17
b11 9
b00000011 <
#80780000
1)
b00000000000000001 3
05
07
b1101 ;
b1101 >
0?
b111111000110 B
b0011 D
1E
#80790000
b0000000000000000111111001000 &
15
17
b00 9
b00000000 <
#80800000
0)
b000010011111 ,
05
07
b0001 ;
b0001 >
1?
b1100 @
b111111000111 B
b1100 D
0E
#80810000
b0000000000000000111111001001 &
15
17
#80820000
1)
b1100 *
b00000000000000000 3
05
07
b1100 ;
b1100 >
0?
b0000 @
b111111001000 B
b0000 D
1E
#80830000
b0000000000000000111111001010 &
15
17
#80840000
0)
b0000 *
b000010100000 ,
05
07
b0001 ;
b0001 >
1?
b111111001001 B
0E
#80850000
b0000000000000000111111001011 &
15
17
#80860000
05
07
b1011 ;
b1011 >
0?
b111111001010 B
1E
#80870000
b0000000000000000111111001100 &
15
17
#80880000
05
07
b0001 ;
b0001 >
1?
b111111001011 B
0E
#80890000
b0000000000000000111111001101 &
15
17
#80900000
05
07
b1010 ;
b1010 >
0?
b111111001100 B
1E
#80910000
b0000000000000000111111001110 &
15
17
#80920000
05
07
b0001 ;
b0001 >
1?
b111111001101 B
0E
#80930000
b0000000000000000111111001111 &
15
17
#80940000
05
07
b1001 ;
b1001 >
0?
b111111001110 B
1E
#80950000
b0000000000000000111111010000 &
15
17
#80960000
05
07
b0001 ;
b0001 >
1?
b111111001111 B
0E
#80970000
b0000000000000000111111010001 &
15
17
#80980000
05
07
b1000 ;
b1000 >
0?
b111111010000 B
1E
#80990000
b0000000000000000111111010010 &
15
17
#81000000
05
07
b0001 ;
b0001 >
1?
b111111010001 B
0E
#81010000
b0000000000000000111111010011 &
15
17
#81020000
05
07
b0111 ;
b0111 >
0?
b111111010010 B
1E
#81030000
b0000000000000000111111010100 &
15
17
#81040000
05
07
b0001 ;
b0001 >
1?
b111111010011 B
0E
#81050000
b0000000000000000111111010101 &
15
17
#81060000
05
07
b0110 ;
b0110 >
0?
b111111010100 B
1E
#81070000
b0000000000000000111111010110 &
15
17
#81080000
05
07
b0001 ;
b0001 >
1?
b111111010101 B
0E
#81090000
b0000000000000000111111010111 &
15
17
#81100000
05
07
b0101 ;
b0101 >
0?
b111111010110 B
1E
#81110000
b0000000000000000111111011000 &
15
17
b00 8
#81120000
00
05
07
b0001 ;
b0001 >
1?
b111111010111 B
0E
#81130000
b0000000000000000111111011001 &
15
17
#81140000
b10000 1
b10000 2
05
07
b0100 ;
b0100 >
0?
b111111011000 B
#81150000
b0000000000000000111111011010 &
15
17
#81160000
05
07
b0001 ;
b0001 >
b111111011001 B
#81170000
b0000000000000000111111011011 &
15
17
#81180000
05
07
b0011 ;
b0011 >
b111111011010 B
#81190000
b0000000000000000111111011100 &
15
17
#81200000
05
07
b0001 ;
b0001 >
b111111011011 B
#81210000
b0000000000000000111111011101 &
15
17
#81220000
05
07
b0010 ;
b0010 >
b111111011100 B
#81230000
b0000000000000000111111011110 &
15
17
#81240000
05
07
b0001 ;
b0001 >
b111111011101 B
#81250000
b0000000000000000111111011111 &
15
17
#81260000
05
07
b111111011110 B
#81270000
b0000000000000000111111100000 &
15
17
#81280000
05
07
b111111011111 B
#81290000
b0000000000000000111111100001 &
15
17
#81300000
05
07
b0000 ;
b0000 >
b111111100000 B
#81310000
b0000000000000000111111100010 &
15
17
#81320000
05
07
b111111100001 B
#81330000
b0000000000000000111111100011 &
15
17
#81340000
05
07
b1111 ;
b1111 >
b111111100010 B
#81350000
b0000000000000000111111100100 &
15
17
#81360000
05
07
b0000 ;
b0000 >
b111111100011 B
#81370000
b0000000000000000111111100101 &
15
17
#81380000
05
07
b1110 ;
b1110 >
b111111100100 B
#81390000
b0000000000000000111111100110 &
15
17
#81400000
05
07
b0000 ;
b0000 >
b111111100101 B
#81410000
b0000000000000000111111100111 &
15
17
#81420000
05
07
b1101 ;
b1101 >
b111111100110 B
#81430000
b0000000000000000111111101000 &
15
17
#81440000
05
07
b0000 ;
b0000 >
b111111100111 B
#81450000
b0000000000000000111111101001 &
15
17
#81460000
05
07
b1100 ;
b1100 >
b111111101000 B
#81470000
b0000000000000000111111101010 &
15
17
#81480000
05
07
b0000 ;
b0000 >
b111111101001 B
#81490000
b0000000000000000111111101011 &
15
17
#81500000
05
07
b1011 ;
b1011 >
b111111101010 B
#81510000
b0000000000000000111111101100 &
15
17
#81520000
05
07
b0000 ;
b0000 >
b111111101011 B
#81530000
b0000000000000000111111101101 &
15
17
#81540000
05
07
b1010 ;
b1010 >
b111111101100 B
#81550000
b0000000000000000111111101110 &
15
17
#81560000
05
07
b0000 ;
b0000 >
b111111101101 B
#81570000
b0000000000000000111111101111 &
15
17
#81580000
05
07
b1001 ;
b1001 >
b111111101110 B
#81590000
b0000000000000000111111110000 &
15
17
#81600000
05
07
b0000 ;
b0000 >
b111111101111 B
#81610000
b0000000000000000111111110001 &
15
17
#81620000
05
07
b1000 ;
b1000 >
b111111110000 B
#81630000
b0000000000000000111111110010 &
15
17
b01 8
b11 9
b00000011 <
#81640000
05
07
b0000 ;
b0000 >
b111111110001 B
#81650000
b0000000000000000111111110011 &
15
17
#81660000
05
07
b0111 ;
b0111 >
b111111110010 B
#81670000
b0000000000000000111111110100 &
15
17
#81680000
05
07
b0000 ;
b0000 >
b111111110011 B
#81690000
b0000000000000000111111110101 &
15
17
#81700000
05
07
b0110 ;
b0110 >
b111111110100 B
#81710000
b0000000000000000111111110110 &
15
17
b00 9
b00000000 <
#81720000
10
05
07
b0000 ;
b0000 >
b111111110101 B
#81730000
b0000000000000000111111110111 &
15
17
b11 9
b00000011 <
#81740000
05
07
b0101 ;
b0101 >
b111111110110 B
b0011 D
1E
#81750000
b0000000000000000111111111000 &
15
17
#81760000
05
07
b0000 ;
b0000 >
1?
b1111 @
b111111110111 B
b1111 D
0E
#81770000
b0000000000000000111111111001 &
15
17
#81780000
b01111 1
b00000000000011110 3
05
07
b0100 ;
b0100 >
0?
b0000 @
b111111111000 B
1E
#81790000
b0000000000000000111111111010 &
15
17
#81800000
05
07
b0000 ;
b0000 >
1?
b1111 @
b111111111001 B
0E
#81810000
b0000000000000000111111111011 &
15
17
#81820000
b01110 1
b00000000111111110 3
05
07
b0011 ;
b0011 >
0?
b0000 @
b111111111010 B
1E
#81830000
b0000000000000000111111111100 &
15
17
#81840000
05
07
b0000 ;
b0000 >
1?
b1111 @
b111111111011 B
0E
#81850000
b0000000000000000111111111101 &
15
17
#81860000
b01101 1
b00001111111111110 3
05
07
b0010 ;
b0010 >
0?
b0000 @
b111111111100 B
1E
#81870000
b0000000000000000111111111110 &
15
17
#81880000
05
07
b0000 ;
b0000 >
1?
b1111 @
b111111111101 B
0E
#81890000
b0000000000000000111111111111 &
15
17
#81900000
b01100 1
b11111111111111110 3
05
07
b0001 ;
b0001 >
0?
b0000 @
b111111111110 B
1E
#81910000
b0000000000000001000000000000 &
15
17
#81920000
05
07
b0000 ;
b0000 >
1?
b1111 @
b111111111111 B
0E
#81930000
b0000000000000001000000000001 &
15
17
#81940000
b01011 1
14
05
07
0?
b0000 @
b000000000000 B
1E
#81950000
b0000000000000001000000000010 &
15
17
#81960000
05
07
1?
b1111 @
b000000000001 B
0E
#81970000
b0000000000000001000000000011 &
15
17
#81980000
b01010 1
05
07
b1001 ;
b1001 >
0?
b0000 @
b000000000010 B
1E
#81990000
b0000000000000001000000000100 &
15
17
#82000000
05
07
b0000 ;
b0000 >
1?
b1111 @
b000000000011 B
0E
#82010000
b0000000000000001000000000101 &
15
17
#82020000
b01001 1
05
07
b1010 ;
b1010 >
0?
b0000 @
b000000000100 B
1E
#82030000
b0000000000000001000000000110 &
15
17
#82040000
05
07
b0000 ;
b0000 >
1?
b1111 @
b000000000101 B
0E
#82050000
b0000000000000001000000000111 &
15
17
#82060000
b01000 1
05
07
b1011 ;
b1011 >
0?
b0000 @
b000000000110 B
1E
#82070000
b0000000000000001000000001000 &
15
17
#82080000
05
07
b0000 ;
b0000 >
1?
b1111 @
b000000000111 B
0E
#82090000
b0000000000000001000000001001 &
15
17
#82100000
b00111 1
05
07
b1100 ;
b1100 >
0?
b0000 @
b000000001000 B
1E
#82110000
b0000000000000001000000001010 &
15
17
#82120000
05
07
b0000 ;
b0000 >
1?
b1111 @
b000000001001 B
0E
#82130000
b0000000000000001000000001011 &
15
17
#82140000
b00110 1
05
07
b1001 ;
b1001 >
0?
b0000 @
b000000001010 B
1E
#82150000
b0000000000000001000000001100 &
15
17
#82160000
05
07
b0000 ;
b0000 >
1?
b1111 @
b000000001011 B
0E
#82170000
b0000000000000001000000001101 &
15
17
#82180000
b00101 1
05
07
b1010 ;
b1010 >
0?
b0000 @
b000000001100 B
1E
#82190000
b0000000000000001000000001110 &
15
17
#82200000
05
07
b0000 ;
b0000 >
1?
b1111 @
b000000001101 B
0E
#82210000
b0000000000000001000000001111 &
15
17
#82220000
b00100 1
05
07
b1011 ;
b1011 >
0?
b0000 @
b000000001110 B
1E
#82230000
b0000000000000001000000010000 &
15
17
#82240000
05
07
b0000 ;
b0000 >
1?
b1111 @
b000000001111 B
0E
#82250000
b0000000000000001000000010001 &
15
17
#82260000
b00011 1
05
07
b1100 ;
b1100 >
0?
b0000 @
b000000010000 B
1E
#82270000
b0000000000000001000000010010 &
15
17
#82280000
05
07
b0000 ;
b0000 >
1?
b1111 @
b000000010001 B
0E
#82290000
b0000000000000001000000010011 &
15
17
#82300000
b00010 1
05
07
b1001 ;
b1001 >
0?
b0000 @
b000000010010 B
1E
#82310000
b0000000000000001000000010100 &
15
17
#82320000
05
07
b0000 ;
b0000 >
1?
b1111 @
b000000010011 B
0E
#82330000
b0000000000000001000000010101 &
15
17
#82340000
b00001 1
05
07
b1010 ;
b1010 >
0?
b0000 @
b000000010100 B
1E
#82350000
b0000000000000001000000010110 &
15
17
#82360000
05
07
b0000 ;
b0000 >
1?
b1111 @
b000000010101 B
0E
#82370000
b0000000000000001000000010111 &
15
17
#82380000
b00000 1
05
07
b1011 ;
b1011 >
0?
b0000 @
b000000010110 B
1E
#82390000
b0000000000000001000000011000 &
15
17
#82400000
05
07
b0000 ;
b0000 >
1?
b1111 @
b000000010111 B
0E
#82410000
b0000000000000001000000011001 &
15
17
#82420000
b01111 2
b11111111111111101 3
05
07
b1100 ;
b1100 >
0?
b0000 @
b000000011000 B
1E
#82430000
b0000000000000001000000011010 &
15
17
#82440000
05
07
b0000 ;
b0000 >
1?
b1111 @
b000000011001 B
0E
#82450000
b0000000000000001000000011011 &
15
17
#82460000
b01110 2
b11111111111111100 3
05
07
b1001 ;
b1001 >
0?
b0000 @
b000000011010 B
1E
#82470000
b0000000000000001000000011100 &
15
17
#82480000
05
07
b0000 ;
b0000 >
1?
b1111 @
b000000011011 B
0E
#82490000
b0000000000000001000000011101 &
15
17
#82500000
b01101 2
b11111111111111011 3
05
07
b1010 ;
b1010 >
0?
b0000 @
b000000011100 B
1E
#82510000
b0000000000000001000000011110 &
15
17
#82520000
05
07
b0000 ;
b0000 >
1?
b1111 @
b000000011101 B
0E
#82530000
b0000000000000001000000011111 &
15
17
#82540000
b01100 2
b11111111111111010 3
05
07
b1011 ;
b1011 >
0?
b0000 @
b000000011110 B
1E
#82550000
b0000000000000001000000100000 &
15
17
#82560000
05
07
b0000 ;
b0000 >
1?
b1111 @
b000000011111 B
0E
#82570000
b0000000000000001000000100001 &
15
17
#82580000
b01011 2
b11111111111111001 3
05
07
b1100 ;
b1100 >
0?
b0000 @
b000000100000 B
1E
#82590000
b0000000000000001000000100010 &
15
17
#82600000
05
07
b0000 ;
b0000 >
1?
b1111 @
b000000100001 B
0E
#82610000
b0000000000000001000000100011 &
15
17
#82620000
b01010 2
b11111111111111000 3
05
07
b1001 ;
b1001 >
0?
b0000 @
b000000100010 B
1E
#82630000
b0000000000000001000000100100 &
15
17
#82640000
05
07
b0000 ;
b0000 >
1?
b1111 @
b000000100011 B
0E
#82650000
b0000000000000001000000100101 &
15
17
#82660000
b01001 2
b11111111111110111 3
05
07
b1010 ;
b1010 >
0?
b0000 @
b000000100100 B
1E
#82670000
b0000000000000001000000100110 &
15
17
b10 9
b00000010 <
#82680000
05
07
b0000 ;
b0000 >
1?
b1101 @
b000000100101 B
b1101 D
0E
#82690000
b0000000000000001000000100111 &
15
17
#82700000
b01000 2
b11111111111110110 3
05
07
b1011 ;
b1011 >
0?
b0000 @
b000000100110 B
b0101 D
1E
#82710000
b0000000000000001000000101000 &
15
17
#82720000
05
07
b0000 ;
b0000 >
1?
b0101 @
b000000100111 B
0E
#82730000
b0000000000000001000000101001 &
15
17
#82740000
b00111 2
b11111111111110101 3
05
07
b1100 ;
b1100 >
0?
b0000 @
b000000101000 B
1E
#82750000
b0000000000000001000000101010 &
15
17
#82760000
05
07
b0000 ;
b0000 >
1?
b0101 @
b000000101001 B
0E
#82770000
b0000000000000001000000101011 &
15
17
#82780000
b00110 2
b11111111111110100 3
05
07
b1001 ;
b1001 >
0?
b0000 @
b000000101010 B
1E
#82790000
b0000000000000001000000101100 &
15
17
#82800000
05
07
b0000 ;
b0000 >
1?
b0101 @
b000000101011 B
0E
#82810000
b0000000000000001000000101101 &
15
17
#82820000
b00101 2
b11111111111110011 3
05
07
b1010 ;
b1010 >
0?
b0000 @
b000000101100 B
1E
#82830000
b0000000000000001000000101110 &
15
17
#82840000
05
07
b0000 ;
b0000 >
1?
b0101 @
b000000101101 B
0E
#82850000
b0000000000000001000000101111 &
15
17
#82860000
b00100 2
b11111111111110010 3
05
07
b1011 ;
b1011 >
0?
b0000 @
b000000101110 B
1E
#82870000
b0000000000000001000000110000 &
15
17
#82880000
05
07
b0000 ;
b0000 >
1?
b0101 @
b000000101111 B
0E
#82890000
b0000000000000001000000110001 &
15
17
#82900000
b00011 2
b11111111111110001 3
05
07
b1100 ;
b1100 >
0?
b0000 @
b000000110000 B
1E
#82910000
b0000000000000001000000110010 &
15
17
#82920000
05
07
b0000 ;
b0000 >
1?
b0101 @
b000000110001 B
0E
#82930000
b0000000000000001000000110011 &
15
17
#82940000
b00010 2
b11111111111110000 3
05
07
b1001 ;
b1001 >
0?
b0000 @
b000000110010 B
1E
#82950000
b0000000000000001000000110100 &
15
17
#82960000
05
07
b0000 ;
b0000 >
1?
b0101 @
b000000110011 B
0E
#82970000
b0000000000000001000000110101 &
15
17
#82980000
b00001 2
b11111111111101111 3
05
07
b1010 ;
b1010 >
0?
b0000 @
b000000110100 B
1E
#82990000
b0000000000000001000000110110 &
15
17
b00 8
#83000000
00
05
07
b0000 ;
b0000 >
1?
b000000110101 B
b0000 D
0E
#83010000
b0000000000000001000000110111 &
15
17
#83020000
b10000 1
b10000 2
b00000000000000000 3
04
05
07
b1011 ;
b1011 >
0?
b000000110110 B
#83030000
b0000000000000001000000111000 &
15
17
#83040000
05
07
b0000 ;
b0000 >
b000000110111 B
#83050000
b0000000000000001000000111001 &
15
17
#83060000
05
07
b1100 ;
b1100 >
b000000111000 B
#83070000
b0000000000000001000000111010 &
15
17
#83080000
05
07
b0000 ;
b0000 >
b000000111001 B
#83090000
b0000000000000001000000111011 &
15
17
#83100000
05
07
b1001 ;
b1001 >
b000000111010 B
#83110000
b0000000000000001000000111100 &
15
17
#83120000
05
07
b0000 ;
b0000 >
b000000111011 B
#83130000
b0000000000000001000000111101 &
15
17
#83140000
05
07
b1010 ;
b1010 >
b000000111100 B
#83150000
b0000000000000001000000111110 &
15
17
#83160000
05
07
b0000 ;
b0000 >
b000000111101 B
#83170000
b0000000000000001000000111111 &
15
17
#83180000
05
07
b1011 ;
b1011 >
b000000111110 B
#83190000
b0000000000000001000001000000 &
15
17
b01 8
b11 9
b00000011 <
#83200000
05
07
b0000 ;
b0000 >
b000000111111 B
#83210000
b0000000000000001000001000001 &
15
17
#83220000
05
07
b1100 ;
b1100 >
b000001000000 B
#83230000
b0000000000000001000001000010 &
15
17
#83240000
05
07
b0000 ;
b0000 >
b000001000001 B
#83250000
b0000000000000001000001000011 &
15
17
#83260000
05
07
b1001 ;
b1001 >
b000001000010 B
#83270000
b0000000000000001000001000100 &
15
17
b00 9
b00000000 <
#83280000
10
05
07
b0000 ;
b0000 >
b000001000011 B
#83290000
b0000000000000001000001000101 &
15
17
#83300000
05
07
b1010 ;
b1010 >
b000001000100 B
1E
#83310000
b0000000000000001000001000110 &
15
17
#83320000
05
07
b0000 ;
b0000 >
1?
b000001000101 B
0E
#83330000
b0000000000000001000001000111 &
15
17
#83340000
b01111 1
05
07
b1011 ;
b1011 >
0?
b000001000110 B
1E
#83350000
b0000000000000001000001001000 &
15
17
#83360000
05
07
b0000 ;
b0000 >
1?
b000001000111 B
0E
#83370000
b0000000000000001000001001001 &
15
17
#83380000
b01110 1
05
07
b1100 ;
b1100 >
0?
b000001001000 B
1E
#83390000
b0000000000000001000001001010 &
15
17
#83400000
05
07
b0000 ;
b0000 >
1?
b000001001001 B
0E
#83410000
b0000000000000001000001001011 &
15
17
b11 9
b00000011 <
#83420000
b01101 1
05
07
b1001 ;
b1001 >
0?
b000001001010 B
b0011 D
1E
#83430000
b0000000000000001000001001100 &
15
17
b00 9
b00000000 <
#83440000
05
07
b0000 ;
b0000 >
1?
b1100 @
b000001001011 B
b1100 D
0E
#83450000
b0000000000000001000001001101 &
15
17
#83460000
b01100 1
b00000000000011000 3
05
07
b1010 ;
b1010 >
0?
b0000 @
b000001001100 B
b0000 D
1E
#83470000
b0000000000000001000001001110 &
15
17
#83480000
05
07
b0000 ;
b0000 >
1?
b000001001101 B
0E
#83490000
b0000000000000001000001001111 &
15
17
#83500000
b01011 1
05
07
b1011 ;
b1011 >
0?
b000001001110 B
1E
#83510000
b0000000000000001000001010000 &
15
17
#83520000
05
07
b0000 ;
b0000 >
1?
b000001001111 B
0E
#83530000
b0000000000000001000001010001 &
15
17
#83540000
b01010 1
05
07
b1100 ;
b1100 >
0?
b000001010000 B
1E
#83550000
b0000000000000001000001010010 &
15
17
#83560000
05
07
b0000 ;
b0000 >
1?
b000001010001 B
0E
#83570000
b0000000000000001000001010011 &
15
17
#83580000
b01001 1
05
07
b1001 ;
b1001 >
0?
b000001010010 B
1E
#83590000
b0000000000000001000001010100 &
15
17
#83600000
05
07
b0000 ;
b0000 >
1?
b000001010011 B
0E
#83610000
b0000000000000001000001010101 &
15
17
#83620000
b01000 1
05
07
b1010 ;
b1010 >
0?
b000001010100 B
1E
#83630000
b0000000000000001000001010110 &
15
17
#83640000
05
07
b0000 ;
b0000 >
1?
b000001010101 B
0E
#83650000
b0000000000000001000001010111 &
15
17
#83660000
b00111 1
05
07
b1011 ;
b1011 >
0?
b000001010110 B
1E
#83670000
b0000000000000001000001011000 &
15
17
#83680000
05
07
b0000 ;
b0000 >
1?
b000001010111 B
0E
#83690000
b0000000000000001000001011001 &
15
17
#83700000
b00110 1
05
07
b1100 ;
b1100 >
0?
b000001011000 B
1E
#83710000
b0000000000000001000001011010 &
15
17
#83720000
05
07
b0000 ;
b0000 >
1?
b000001011001 B
0E
#83730000
b0000000000000001000001011011 &
15
17
#83740000
b00101 1
05
07
b1001 ;
b1001 >
0?
b000001011010 B
1E
#83750000
b0000000000000001000001011100 &
15
17
#83760000
05
07
b0000 ;
b0000 >
1?
b000001011011 B
0E
#83770000
b0000000000000001000001011101 &
15
17
#83780000
b00100 1
05
07
b1010 ;
b1010 >
0?
b000001011100 B
1E
#83790000
b0000000000000001000001011110 &
15
17
#83800000
05
07
b0000 ;
b0000 >
1?
b000001011101 B
0E
#83810000
b0000000000000001000001011111 &
15
17
#83820000
b00011 1
05
07
b1011 ;
b1011 >
0?
b000001011110 B
1E
#83830000
b0000000000000001000001100000 &
15
17
#83840000
05
07
b0000 ;
b0000 >
1?
b000001011111 B
0E
#83850000
b0000000000000001000001100001 &
15
17
#83860000
b00010 1
05
07
b1100 ;
b1100 >
0?
b000001100000 B
1E
#83870000
b0000000000000001000001100010 &
15
17
#83880000
05
07
b0000 ;
b0000 >
1?
b000001100001 B
0E
#83890000
b0000000000000001000001100011 &
15
17
#83900000
b00001 1
05
07
b1001 ;
b1001 >
0?
b000001100010 B
1E
#83910000
b0000000000000001000001100100 &
15
17
#83920000
05
07
b0000 ;
b0000 >
1?
b000001100011 B
0E
#83930000
b0000000000000001000001100101 &
15
17
#83940000
b00000 1
05
07
b1010 ;
b1010 >
0?
b000001100100 B
1E
#83950000
b0000000000000001000001100110 &
15
17
#83960000
05
07
b0000 ;
b0000 >
1?
b000001100101 B
0E
#83970000
b0000000000000001000001100111 &
15
17
#83980000
b01111 2
b00000000000010111 3
05
07
b1011 ;
b1011 >
0?
b000001100110 B
1E
#83990000
b0000000000000001000001101000 &
15
17
b10 9
b00000010 <
#84000000
05
07
b0000 ;
b0000 >
1?
b0001 @
b000001100111 B
b0001 D
0E
#84010000
b0000000000000001000001101001 &
15
17
b00 9
b00000000 <
#84020000
b01110 2
b00000000000010110 3
05
07
b1100 ;
b1100 >
0?
b0000 @
b000001101000 B
b0100 D
1E
#84030000
b0000000000000001000001101010 &
15
17
#84040000
05
07
b0000 ;
b0000 >
1?
b000001101001 B
b0000 D
0E
#84050000
b0000000000000001000001101011 &
15
17
#84060000
b01101 2
b00000000000010101 3
05
07
b1001 ;
b1001 >
0?
b000001101010 B
1E
#84070000
b0000000000000001000001101100 &
15
17
b01 9
b00000001 <
#84080000
05
07
b0000 ;
b0000 >
1?
b0010 @
b000001101011 B
b0010 D
0E
#84090000
b0000000000000001000001101101 &
15
17
b00 9
b00000000 <
#84100000
b01100 2
b00000000000010100 3
05
07
b1010 ;
b1010 >
0?
b0000 @
b000001101100 B
b1000 D
1E
#84110000
b0000000000000001000001101110 &
15
17
#84120000
05
07
b0000 ;
b0000 >
1?
b000001101101 B
b0000 D
0E
#84130000
b0000000000000001000001101111 &
15
17
#84140000
b01011 2
b00000000000010011 3
05
07
b1011 ;
b1011 >
0?
b000001101110 B
1E
#84150000
b0000000000000001000001110000 &
15
17
b11 9
b00000011 <
#84160000
05
07
b0000 ;
b0000 >
1?
b0011 @
b000001101111 B
b0011 D
0E
#84170000
b0000000000000001000001110001 &
15
17
b00 9
b00000000 <
#84180000
b01010 2
b00000000000010010 3
05
07
b1100 ;
b1100 >
0?
b0000 @
b000001110000 B
b1100 D
1E
#84190000
b0000000000000001000001110010 &
15
17
#84200000
05
07
b0000 ;
b0000 >
1?
b000001110001 B
b0000 D
0E
#84210000
b0000000000000001000001110011 &
15
17
b10 9
b00000010 <
#84220000
b01001 2
b00000000000010001 3
05
07
b1001 ;
b1001 >
0?
b000001110010 B
b0001 D
1E
#84230000
b0000000000000001000001110100 &
15
17
b00 9
b00000000 <
#84240000
05
07
b0000 ;
b0000 >
1?
b0100 @
b000001110011 B
b0100 D
0E
#84250000
b0000000000000001000001110101 &
15
17
#84260000
b01000 2
b00000000000010000 3
05
07
b1010 ;
b1010 >
0?
b0000 @
b000001110100 B
b0000 D
1E
#84270000
b0000000000000001000001110110 &
15
17
#84280000
05
07
b0000 ;
b0000 >
1?
b000001110101 B
0E
#84290000
b0000000000000001000001110111 &
15
17
b10 9
b00000010 <
#84300000
b00111 2
b00000000000001111 3
05
07
b1011 ;
b1011 >
0?
b000001110110 B
b0001 D
1E
#84310000
b0000000000000001000001111000 &
15
17
#84320000
05
07
b0000 ;
b0000 >
1?
b0101 @
b000001110111 B
b0101 D
0E
#84330000
b0000000000000001000001111001 &
15
17
b00 9
b00000000 <
#84340000
b00110 2
b00000000000001110 3
05
07
b1100 ;
b1100 >
0?
b0000 @
b000001111000 B
b0100 D
1E
#84350000
b0000000000000001000001111010 &
15
17
#84360000
05
07
b0000 ;
b0000 >
1?
b000001111001 B
b0000 D
0E
#84370000
b0000000000000001000001111011 &
15
17
b10 9
b00000010 <
#84380000
b00101 2
b00000000000001101 3
05
07
b1001 ;
b1001 >
0?
b000001111010 B
b0001 D
1E
#84390000
b0000000000000001000001111100 &
15
17
b01 9
b00000001 <
#84400000
05
07
b0000 ;
b0000 >
1?
b0110 @
b000001111011 B
b0110 D
0E
#84410000
b0000000000000001000001111101 &
15
17
b00 9
b00000000 <
#84420000
b00100 2
b00000000000001100 3
05
07
b1010 ;
b1010 >
0?
b0000 @
b000001111100 B
b1000 D
1E
#84430000
b0000000000000001000001111110 &
15
17
#84440000
05
07
b0000 ;
b0000 >
1?
b000001111101 B
b0000 D
0E
#84450000
b0000000000000001000001111111 &
15
17
b10 9
b00000010 <
#84460000
b00011 2
b00000000000001011 3
05
07
b1011 ;
b1011 >
0?
b000001111110 B
b0001 D
1E
#84470000
b0000000000000001000010000000 &
15
17
b11 9
b00000011 <
#84480000
05
07
b0000 ;
b0000 >
1?
b0111 @
b000001111111 B
b0111 D
0E
#84490000
b0000000000000001000010000001 &
15
17
b00 9
b00000000 <
#84500000
b00010 2
b00000000000001010 3
05
07
b1100 ;
b1100 >
0?
b0000 @
b000010000000 B
b1100 D
1E
#84510000
b0000000000000001000010000010 &
15
17
#84520000
05
07
b0000 ;
b0000 >
1?
b000010000001 B
b0000 D
0E
#84530000
b0000000000000001000010000011 &
15
17
b01 9
b00000001 <
#84540000
b00001 2
b00000000000001001 3
05
07
b1001 ;
b1001 >
0?
b000010000010 B
b0010 D
1E
#84550000
b0000000000000001000010000100 &
15
17
b00 9
b00000000 <
#84560000
05
07
b0000 ;
b0000 >
1?
b1000 @
b000010000011 B
b1000 D
0E
#84570000
b0000000000000001000010000101 &
15
17
#84580000
b00000 2
b00000000000001000 3
05
07
b1010 ;
b1010 >
0?
b0000 @
b000010000100 B
b0000 D
1E
#84590000
b0000000000000001000010000110 &
15
17
#84600000
05
07
b0000 ;
b0000 >
1?
b000010000101 B
0E
#84610000
b0000000000000001000010000111 &
15
17
b01 9
b00000001 <
#84620000
1)
b00000000000000111 3
05
07
b1011 ;
b1011 >
0?
b000010000110 B
b0010 D
1E
#84630000
b0000000000000001000010001000 &
15
17
b10 9
b00000010 <
#84640000
0)
b000010100001 ,
05
07
b0000 ;
b0000 >
1?
b1001 @
b000010000111 B
b1001 D
0E
#84650000
b0000000000000001000010001001 &
15
17
b00 9
b00000000 <
#84660000
1)
b1001 *
b00000000000000110 3
05
07
b1100 ;
b1100 >
0?
b0000 @
b000010001000 B
b0100 D
1E
#84670000
b0000000000000001000010001010 &
15
17
#84680000
0)
b0000 *
b000010100010 ,
05
07
b0000 ;
b0000 >
1?
b000010001001 B
b0000 D
0E
#84690000
b0000000000000001000010001011 &
15
17
b01 9
b00000001 <
#84700000
1)
b00000000000000101 3
05
07
b1001 ;
b1001 >
0?
b000010001010 B
b0010 D
1E
#84710000
b0000000000000001000010001100 &
15
17
#84720000
0)
b000010100011 ,
05
07
b0000 ;
b0000 >
1?
b1010 @
b000010001011 B
b1010 D
0E
#84730000
b0000000000000001000010001101 &
15
17
b00 9
b00000000 <
#84740000
1)
b1010 *
b00000000000000100 3
05
07
b1010 ;
b1010 >
0?
b0000 @
b000010001100 B
b1000 D
1E
#84750000
b0000000000000001000010001110 &
15
17
#84760000
0)
b0000 *
b000010100100 ,
05
07
b0000 ;
b0000 >
1?
b000010001101 B
b0000 D
0E
#84770000
b0000000000000001000010001111 &
15
17
b01 9
b00000001 <
#84780000
1)
b00000000000000011 3
05
07
b1011 ;
b1011 >
0?
b000010001110 B
b0010 D
1E
#84790000
b0000000000000001000010010000 &
15
17
b11 9
b00000011 <
#84800000
0)
b000010100101 ,
05
07
b0000 ;
b0000 >
1?
b1011 @
b000010001111 B
b1011 D
0E
#84810000
b0000000000000001000010010001 &
15
17
b00 9
b00000000 <
#84820000
1)
b1011 *
b00000000000000010 3
05
07
b1100 ;
b1100 >
0?
b0000 @
b000010010000 B
b1100 D
1E
#84830000
b0000000000000001000010010010 &
15
17
#84840000
0)
b0000 *
b000010100110 ,
05
07
b0000 ;
b0000 >
1?
b000010010001 B
b0000 D
0E
#84850000
b0000000000000001000010010011 &
15
17
b11 9
b00000011 <
#84860000
1)
b00000000000000001 3
05
07
b1001 ;
b1001 >
0?
b000010010010 B
b0011 D
1E
#84870000
b0000000000000001000010010100 &
15
17
b00 9
b00000000 <
#84880000
0)
b000010100111 ,
05
07
b0000 ;
b0000 >
1?
b1100 @
b000010010011 B
b1100 D
0E
#84890000
b0000000000000001000010010101 &
15
17
#84900000
1)
b1100 *
b00000000000000000 3
05
07
b1010 ;
b1010 >
0?
b0000 @
b000010010100 B
b0000 D
1E
#84910000
b0000000000000001000010010110 &
15
17
#84920000
0)
b0000 *
b000010101000 ,
05
07
b0000 ;
b0000 >
1?
b000010010101 B
0E
#84930000
b0000000000000001000010010111 &
15
17
#84940000
05
07
b1011 ;
b1011 >
0?
b000010010110 B
1E
#84950000
b0000000000000001000010011000 &
15
17
#84960000
05
07
b0000 ;
b0000 >
1?
b000010010111 B
0E
#84970000
b0000000000000001000010011001 &
15
17
#84980000
05
07
b1100 ;
b1100 >
0?
b000010011000 B
1E
#84990000
b0000000000000001000010011010 &
15
17
#85000000
05
07
b0000 ;
b0000 >
1?
b000010011001 B
0E
#85010000
b0000000000000001000010011011 &
15
17
#85020000
05
07
b1001 ;
b1001 >
0?
b000010011010 B
1E
#85030000
b0000000000000001000010011100 &
15
17
#85040000
05
07
b0000 ;
b0000 >
1?
b000010011011 B
0E
#85050000
b0000000000000001000010011101 &
15
17
#85060000
05
07
b1010 ;
b1010 >
0?
b000010011100 B
1E
#85070000
b0000000000000001000010011110 &
15
17
#85080000
05
07
b0000 ;
b0000 >
1?
b000010011101 B
0E
#85090000
b0000000000000001000010011111 &
15
17
#85100000
05
07
b1011 ;
b1011 >
0?
b000010011110 B
1E
#85110000
b0000000000000001000010100000 &
15
17
#85120000
05
07
b0000 ;
b0000 >
1?
b000010011111 B
0E
#85130000
b0000000000000001000010100001 &
15
17
#85140000
05
07
b1100 ;
b1100 >
0?
b000010100000 B
1E
#85150000
b0000000000000001000010100010 &
15
17
#85160000
05
07
b0000 ;
b0000 >
1?
b000010100001 B
0E
#85170000
b0000000000000001000010100011 &
15
17
#85180000
05
07
b1001 ;
b1001 >
0?
b000010100010 B
1E
#85190000
b0000000000000001000010100100 &
15
17
b00 8
#85200000
00
05
07
b0000 ;
b0000 >
1?
b000010100011 B
0E
#85210000
b0000000000000001000010100101 &
15
17
#85220000
b10000 1
b10000 2
05
07
b1010 ;
b1010 >
0?
b000010100100 B
#85230000
b0000000000000001000010100110 &
15
17
#85240000
05
07
b0000 ;
b0000 >
b000010100101 B
#85250000
b0000000000000001000010100111 &
15
17
#85260000
05
07
b1011 ;
b1011 >
b000010100110 B
#85270000
b0000000000000001000010101000 &
15
17
#85280000
05
07
b0000 ;
b0000 >
b000010100111 B
#85290000
b0000000000000001000010101001 &
15
17
#85300000
05
07
b1100 ;
b1100 >
b000010101000 B
#85310000
b0000000000000001000010101010 &
15
17
#85320000
05
07
b0101 ;
b0101 >
b000010101001 B
#85330000
b0000000000000001000010101011 &
15
17
#85340000
05
07
b0100 ;
b0100 >
b000010101010 B
#85350000
b0000000000000001000010101100 &
15
17
#85360000
05
07
b0101 ;
b0101 >
b000010101011 B
#85370000
b0000000000000001000010101101 &
15
17
#85380000
05
07
b000010101100 B
#85390000
b0000000000000001000010101110 &
15
17
#85400000
05
07
b000010101101 B
#85410000
b0000000000000001000010101111 &
15
17
#85420000
05
07
b0110 ;
b0110 >
b000010101110 B
#85430000
b0000000000000001000010110000 &
15
17
#85440000
05
07
b0101 ;
b0101 >
b000010101111 B
#85450000
b0000000000000001000010110001 &
15
17
#85460000
05
07
b0111 ;
b0111 >
b000010110000 B
#85470000
b0000000000000001000010110010 &
15
17
#85480000
05
07
b0101 ;
b0101 >
b000010110001 B
#85490000
b0000000000000001000010110011 &
15
17
#85500000
05
07
b1000 ;
b1000 >
b000010110010 B
#85510000
b0000000000000001000010110100 &
15
17
#85520000
05
07
b0101 ;
b0101 >
b000010110011 B
#85530000
b0000000000000001000010110101 &
15
17
#85540000
05
07
b1001 ;
b1001 >
b000010110100 B
#85550000
b0000000000000001000010110110 &
15
17
#85560000
05
07
b0101 ;
b0101 >
b000010110101 B
#85570000
b0000000000000001000010110111 &
15
17
#85580000
05
07
b1010 ;
b1010 >
b000010110110 B
#85590000
b0000000000000001000010111000 &
15
17
#85600000
05
07
b0101 ;
b0101 >
b000010110111 B
#85610000
b0000000000000001000010111001 &
15
17
#85620000
05
07
b1011 ;
b1011 >
b000010111000 B
#85630000
b0000000000000001000010111010 &
15
17
#85640000
05
07
b0101 ;
b0101 >
b000010111001 B
#85650000
b0000000000000001000010111011 &
15
17
#85660000
05
07
b1100 ;
b1100 >
b000010111010 B
#85670000
b0000000000000001000010111100 &
15
17
#85680000
05
07
b0101 ;
b0101 >
b000010111011 B
#85690000
b0000000000000001000010111101 &
15
17
#85700000
05
07
b1101 ;
b1101 >
b000010111100 B
#85710000
b0000000000000001000010111110 &
15
17
b01 8
b11 9
b00000011 <
#85720000
05
07
b0101 ;
b0101 >
b000010111101 B
#85730000
b0000000000000001000010111111 &
15
17
#85740000
05
07
b1110 ;
b1110 >
b000010111110 B
#85750000
b0000000000000001000011000000 &
15
17
#85760000
05
07
b0101 ;
b0101 >
b000010111111 B
#85770000
b0000000000000001000011000001 &
15
17
#85780000
05
07
b1111 ;
b1111 >
b000011000000 B
#85790000
b0000000000000001000011000010 &
15
17
b00 9
b00000000 <
#85800000
10
05
07
b0110 ;
b0110 >
b000011000001 B
#85810000
b0000000000000001000011000011 &
15
17
b11 9
b00000011 <
#85820000
05
07
b0000 ;
b0000 >
b000011000010 B
b0011 D
1E
#85830000
b0000000000000001000011000100 &
15
17
#85840000
05
07
b0110 ;
b0110 >
1?
b1111 @
b000011000011 B
b1111 D
0E
#85850000
b0000000000000001000011000101 &
15
17
#85860000
b01111 1
b00000000000011110 3
05
07
b0001 ;
b0001 >
0?
b0000 @
b000011000100 B
1E
#85870000
b0000000000000001000011000110 &
15
17
#85880000
05
07
b0110 ;
b0110 >
1?
b1111 @
b000011000101 B
0E
#85890000
b0000000000000001000011000111 &
15
17
#85900000
b01110 1
b00000000111111110 3
05
07
b0010 ;
b0010 >
0?
b0000 @
b000011000110 B
1E
#85910000
b0000000000000001000011001000 &
15
17
#85920000
05
07
b0110 ;
b0110 >
1?
b1111 @
b000011000111 B
0E
#85930000
b0000000000000001000011001001 &
15
17
#85940000
b01101 1
b00001111111111110 3
05
07
b0011 ;
b0011 >
0?
b0000 @
b000011001000 B
1E
#85950000
b0000000000000001000011001010 &
15
17
#85960000
05
07
b0110 ;
b0110 >
1?
b1111 @
b000011001001 B
0E
#85970000
b0000000000000001000011001011 &
15
17
#85980000
b01100 1
b11111111111111110 3
05
07
b0100 ;
b0100 >
0?
b0000 @
b000011001010 B
1E
#85990000
b0000000000000001000011001100 &
15
17
#86000000
05
07
b0110 ;
b0110 >
1?
b1111 @
b000011001011 B
0E
#86010000
b0000000000000001000011001101 &
15
17
#86020000
b01011 1
14
05
07
b0101 ;
b0101 >
0?
b0000 @
b000011001100 B
1E
#86030000
b0000000000000001000011001110 &
15
17
#86040000
05
07
b0110 ;
b0110 >
1?
b1111 @
b000011001101 B
0E
#86050000
b0000000000000001000011001111 &
15
17
#86060000
b01010 1
05
07
0?
b0000 @
b000011001110 B
1E
#86070000
b0000000000000001000011010000 &
15
17
#86080000
05
07
1?
b1111 @
b000011001111 B
0E
#86090000
b0000000000000001000011010001 &
15
17
#86100000
b01001 1
05
07
b0111 ;
b0111 >
0?
b0000 @
b000011010000 B
1E
#86110000
b0000000000000001000011010010 &
15
17
#86120000
05
07
b0110 ;
b0110 >
1?
b1111 @
b000011010001 B
0E
#86130000
b0000000000000001000011010011 &
15
17
#86140000
b01000 1
05
07
b1000 ;
b1000 >
0?
b0000 @
b000011010010 B
1E
#86150000
b0000000000000001000011010100 &
15
17
#86160000
05
07
b0110 ;
b0110 >
1?
b1111 @
b000011010011 B
0E
#86170000
b0000000000000001000011010101 &
15
17
#86180000
b00111 1
05
07
b1001 ;
b1001 >
0?
b0000 @
b000011010100 B
1E
#86190000
b0000000000000001000011010110 &
15
17
#86200000
05
07
b0110 ;
b0110 >
1?
b1111 @
b000011010101 B
0E
#86210000
b0000000000000001000011010111 &
15
17
#86220000
b00110 1
05
07
b1010 ;
b1010 >
0?
b0000 @
b000011010110 B
1E
#86230000
b0000000000000001000011011000 &
15
17
#86240000
05
07
b0110 ;
b0110 >
1?
b1111 @
b000011010111 B
0E
#86250000
b0000000000000001000011011001 &
15
17
#86260000
b00101 1
05
07
b1011 ;
b1011 >
0?
b0000 @
b000011011000 B
1E
#86270000
b0000000000000001000011011010 &
15
17
#86280000
05
07
b0110 ;
b0110 >
1?
b1111 @
b000011011001 B
0E
#86290000
b0000000000000001000011011011 &
15
17
#86300000
b00100 1
05
07
b1100 ;
b1100 >
0?
b0000 @
b000011011010 B
1E
#86310000
b0000000000000001000011011100 &
15
17
#86320000
05
07
b0110 ;
b0110 >
1?
b1111 @
b000011011011 B
0E
#86330000
b0000000000000001000011011101 &
15
17
#86340000
b00011 1
05
07
b1101 ;
b1101 >
0?
b0000 @
b000011011100 B
1E
#86350000
b0000000000000001000011011110 &
15
17
#86360000
05
07
b0110 ;
b0110 >
1?
b1111 @
b000011011101 B
0E
#86370000
b0000000000000001000011011111 &
15
17
#86380000
b00010 1
05
07
b1110 ;
b1110 >
0?
b0000 @
b000011011110 B
1E
#86390000
b0000000000000001000011100000 &
15
17
#86400000
05
07
b0110 ;
b0110 >
1?
b1111 @
b000011011111 B
0E
#86410000
b0000000000000001000011100001 &
15
17
#86420000
b00001 1
05
07
b1111 ;
b1111 >
0?
b0000 @
b000011100000 B
1E
#86430000
b0000000000000001000011100010 &
15
17
#86440000
05
07
b0111 ;
b0111 >
1?
b1111 @
b000011100001 B
0E
#86450000
b0000000000000001000011100011 &
15
17
#86460000
b00000 1
05
07
b0000 ;
b0000 >
0?
b0000 @
b000011100010 B
1E
#86470000
b0000000000000001000011100100 &
15
17
#86480000
05
07
b0111 ;
b0111 >
1?
b1111 @
b000011100011 B
0E
#86490000
b0000000000000001000011100101 &
15
17
#86500000
b01111 2
b11111111111111101 3
05
07
b0001 ;
b0001 >
0?
b0000 @
b000011100100 B
1E
#86510000
b0000000000000001000011100110 &
15
17
#86520000
05
07
b0111 ;
b0111 >
1?
b1111 @
b000011100101 B
0E
#86530000
b0000000000000001000011100111 &
15
17
#86540000
b01110 2
b11111111111111100 3
05
07
b0010 ;
b0010 >
0?
b0000 @
b000011100110 B
1E
#86550000
b0000000000000001000011101000 &
15
17
#86560000
05
07
b0111 ;
b0111 >
1?
b1111 @
b000011100111 B
0E
#86570000
b0000000000000001000011101001 &
15
17
#86580000
b01101 2
b11111111111111011 3
05
07
b0011 ;
b0011 >
0?
b0000 @
b000011101000 B
1E
#86590000
b0000000000000001000011101010 &
15
17
#86600000
05
07
b0111 ;
b0111 >
1?
b1111 @
b000011101001 B
0E
#86610000
b0000000000000001000011101011 &
15
17
#86620000
b01100 2
b11111111111111010 3
05
07
b0100 ;
b0100 >
0?
b0000 @
b000011101010 B
1E
#86630000
b0000000000000001000011101100 &
15
17
#86640000
05
07
b0111 ;
b0111 >
1?
b1111 @
b000011101011 B
0E
#86650000
b0000000000000001000011101101 &
15
17
#86660000
b01011 2
b11111111111111001 3
05
07
b0101 ;
b0101 >
0?
b0000 @
b000011101100 B
1E
#86670000
b0000000000000001000011101110 &
15
17
#86680000
05
07
b0111 ;
b0111 >
1?
b1111 @
b000011101101 B
0E
#86690000
b0000000000000001000011101111 &
15
17
#86700000
b01010 2
b11111111111111000 3
05
07
b0110 ;
b0110 >
0?
b0000 @
b000011101110 B
1E
#86710000
b0000000000000001000011110000 &
15
17
#86720000
05
07
b0111 ;
b0111 >
1?
b1111 @
b000011101111 B
0E
#86730000
b0000000000000001000011110001 &
15
17
#86740000
b01001 2
b11111111111110111 3
05
07
0?
b0000 @
b000011110000 B
1E
#86750000
b0000000000000001000011110010 &
15
17
b10 9
b00000010 <
#86760000
05
07
1?
b1101 @
b000011110001 B
b1101 D
0E
#86770000
b0000000000000001000011110011 &
15
17
#86780000
b01000 2
b11111111111110110 3
05
07
b1000 ;
b1000 >
0?
b0000 @
b000011110010 B
b0101 D
1E
#86790000
b0000000000000001000011110100 &
15
17
#86800000
05
07
b0111 ;
b0111 >
1?
b0101 @
b000011110011 B
0E
#86810000
b0000000000000001000011110101 &
15
17
#86820000
b00111 2
b11111111111110101 3
05
07
b1001 ;
b1001 >
0?
b0000 @
b000011110100 B
1E
#86830000
b0000000000000001000011110110 &
15
17
#86840000
05
07
b0111 ;
b0111 >
1?
b0101 @
b000011110101 B
0E
#86850000
b0000000000000001000011110111 &
15
17
#86860000
b00110 2
b11111111111110100 3
05
07
b1010 ;
b1010 >
0?
b0000 @
b000011110110 B
1E
#86870000
b0000000000000001000011111000 &
15
17
#86880000
05
07
b0111 ;
b0111 >
1?
b0101 @
b000011110111 B
0E
#86890000
b0000000000000001000011111001 &
15
17
#86900000
b00101 2
b11111111111110011 3
05
07
b1011 ;
b1011 >
0?
b0000 @
b000011111000 B
1E
#86910000
b0000000000000001000011111010 &
15
17
#86920000
05
07
b0111 ;
b0111 >
1?
b0101 @
b000011111001 B
0E
#86930000
b0000000000000001000011111011 &
15
17
#86940000
b00100 2
b11111111111110010 3
05
07
b1100 ;
b1100 >
0?
b0000 @
b000011111010 B
1E
#86950000
b0000000000000001000011111100 &
15
17
#86960000
05
07
b0111 ;
b0111 >
1?
b0101 @
b000011111011 B
0E
#86970000
b0000000000000001000011111101 &
15
17
#86980000
b00011 2
b11111111111110001 3
05
07
b1101 ;
b1101 >
0?
b0000 @
b000011111100 B
1E
#86990000
b0000000000000001000011111110 &
15
17
#87000000
05
07
b0111 ;
b0111 >
1?
b0101 @
b000011111101 B
0E
#87010000
b0000000000000001000011111111 &
15
17
#87020000
b00010 2
b11111111111110000 3
05
07
b1110 ;
b1110 >
0?
b0000 @
b000011111110 B
1E
#87030000
b0000000000000001000100000000 &
15
17
#87040000
05
07
b0111 ;
b0111 >
1?
b0101 @
b000011111111 B
0E
#87050000
b0000000000000001000100000001 &
15
17
#87060000
b00001 2
b11111111111101111 3
05
07
b1111 ;
b1111 >
0?
b0000 @
b000100000000 B
1E
#87070000
b0000000000000001000100000010 &
15
17
b00 8
#87080000
00
05
07
b1000 ;
b1000 >
1?
b000100000001 B
b0000 D
0E
#87090000
b0000000000000001000100000011 &
15
17
#87100000
b10000 1
b10000 2
b00000000000000000 3
04
05
07
b0000 ;
b0000 >
0?
b000100000010 B
#87110000
b0000000000000001000100000100 &
15
17
#87120000
05
07
b1000 ;
b1000 >
b000100000011 B
#87130000
b0000000000000001000100000101 &
15
17
#87140000
05
07
b0001 ;
b0001 >
b000100000100 B
#87150000
b0000000000000001000100000110 &
15
17
#87160000
05
07
b1000 ;
b1000 >
b000100000101 B
#87170000
b0000000000000001000100000111 &
15
17
#87180000
05
07
b0010 ;
b0010 >
b000100000110 B
#87190000
b0000000000000001000100001000 &
15
17
#87200000
05
07
b1000 ;
b1000 >
b000100000111 B
#87210000
b0000000000000001000100001001 &
15
17
#87220000
05
07
b0011 ;
b0011 >
b000100001000 B
#87230000
b0000000000000001000100001010 &
15
17
#87240000
05
07
b1000 ;
b1000 >
b000100001001 B
#87250000
b0000000000000001000100001011 &
15
17
#87260000
05
07
b0100 ;
b0100 >
b000100001010 B
#87270000
b0000000000000001000100001100 &
15
17
b01 8
b11 9
b00000011 <
#87280000
05
07
b1000 ;
b1000 >
b000100001011 B
#87290000
b0000000000000001000100001101 &
15
17
#87300000
05
07
b0101 ;
b0101 >
b000100001100 B
#87310000
b0000000000000001000100001110 &
15
17
#87320000
05
07
b1000 ;
b1000 >
b000100001101 B
#87330000
b0000000000000001000100001111 &
15
17
#87340000
05
07
b0110 ;
b0110 >
b000100001110 B
#87350000
b0000000000000001000100010000 &
15
17
b00 9
b00000000 <
#87360000
10
05
07
b1000 ;
b1000 >
b000100001111 B
#87370000
b0000000000000001000100010001 &
15
17
#87380000
05
07
b0111 ;
b0111 >
b000100010000 B
1E
#87390000
b0000000000000001000100010010 &
15
17
#87400000
05
07
b1000 ;
b1000 >
1?
b000100010001 B
0E
#87410000
b0000000000000001000100010011 &
15
17
#87420000
b01111 1
05
07
0?
b000100010010 B
1E
#87430000
b0000000000000001000100010100 &
15
17
#87440000
05
07
1?
b000100010011 B
0E
#87450000
b0000000000000001000100010101 &
15
17
#87460000
b01110 1
05
07
b1001 ;
b1001 >
0?
b000100010100 B
1E
#87470000
b0000000000000001000100010110 &
15
17
#87480000
05
07
b1000 ;
b1000 >
1?
b000100010101 B
0E
#87490000
b0000000000000001000100010111 &
15
17
b11 9
b00000011 <
#87500000
b01101 1
05
07
b1010 ;
b1010 >
0?
b000100010110 B
b0011 D
1E
#87510000
b0000000000000001000100011000 &
15
17
b00 9
b00000000 <
#87520000
05
07
b1000 ;
b1000 >
1?
b1100 @
b000100010111 B
b1100 D
0E
#87530000
b0000000000000001000100011001 &
15
17
#87540000
b01100 1
b00000000000011000 3
05
07
b1011 ;
b1011 >
0?
b0000 @
b000100011000 B
b0000 D
1E
#87550000
b0000000000000001000100011010 &
15
17
#87560000
05
07
b1000 ;
b1000 >
1?
b000100011001 B
0E
#87570000
b0000000000000001000100011011 &
15
17
#87580000
b01011 1
05
07
b1100 ;
b1100 >
0?
b000100011010 B
1E
#87590000
b0000000000000001000100011100 &
15
17
#87600000
05
07
b1000 ;
b1000 >
1?
b000100011011 B
0E
#87610000
b0000000000000001000100011101 &
15
17
#87620000
b01010 1
05
07
b1101 ;
b1101 >
0?
b000100011100 B
1E
#87630000
b0000000000000001000100011110 &
15
17
#87640000
05
07
b1000 ;
b1000 >
1?
b000100011101 B
0E
#87650000
b0000000000000001000100011111 &
15
17
#87660000
b01001 1
05
07
b1110 ;
b1110 >
0?
b000100011110 B
1E
#87670000
b0000000000000001000100100000 &
15
17
#87680000
05
07
b1000 ;
b1000 >
1?
b000100011111 B
0E
#87690000
b0000000000000001000100100001 &
15
17
#87700000
b01000 1
05
07
b1111 ;
b1111 >
0?
b000100100000 B
1E
#87710000
b0000000000000001000100100010 &
15
17
#87720000
05
07
b1001 ;
b1001 >
1?
b000100100001 B
0E
#87730000
b0000000000000001000100100011 &
15
17
#87740000
b00111 1
05
07
b0000 ;
b0000 >
0?
b000100100010 B
1E
#87750000
b0000000000000001000100100100 &
15
17
#87760000
05
07
b1001 ;
b1001 >
1?
b000100100011 B
0E
#87770000
b0000000000000001000100100101 &
15
17
#87780000
b00110 1
05
07
b0001 ;
b0001 >
0?
b000100100100 B
1E
#87790000
b0000000000000001000100100110 &
15
17
#87800000
05
07
b1001 ;
b1001 >
1?
b000100100101 B
0E
#87810000
b0000000000000001000100100111 &
15
17
#87820000
b00101 1
05
07
b0010 ;
b0010 >
0?
b000100100110 B
1E
#87830000
b0000000000000001000100101000 &
15
17
#87840000
05
07
b1001 ;
b1001 >
1?
b000100100111 B
0E
#87850000
b0000000000000001000100101001 &
15
17
#87860000
b00100 1
05
07
b0011 ;
b0011 >
0?
b000100101000 B
1E
#87870000
b0000000000000001000100101010 &
15
17
#87880000
05
07
b1001 ;
b1001 >
1?
b000100101001 B
0E
#87890000
b0000000000000001000100101011 &
15
17
#87900000
b00011 1
05
07
b0100 ;
b0100 >
0?
b000100101010 B
1E
#87910000
b0000000000000001000100101100 &
15
17
#87920000
05
07
b1001 ;
b1001 >
1?
b000100101011 B
0E
#87930000
b0000000000000001000100101101 &
15
17
#87940000
b00010 1
05
07
b0101 ;
b0101 >
0?
b000100101100 B
1E
#87950000
b0000000000000001000100101110 &
15
17
#87960000
05
07
b1001 ;
b1001 >
1?
b000100101101 B
0E
#87970000
b0000000000000001000100101111 &
15
17
#87980000
b00001 1
05
07
b0110 ;
b0110 >
0?
b000100101110 B
1E
#87990000
b0000000000000001000100110000 &
15
17
#88000000
05
07
b1001 ;
b1001 >
1?
b000100101111 B
0E
#88010000
b0000000000000001000100110001 &
15
17
#88020000
b00000 1
05
07
b0111 ;
b0111 >
0?
b000100110000 B
1E
#88030000
b0000000000000001000100110010 &
15
17
#88040000
05
07
b1001 ;
b1001 >
1?
b000100110001 B
0E
#88050000
b0000000000000001000100110011 &
15
17
#88060000
b01111 2
b00000000000010111 3
05
07
b1000 ;
b1000 >
0?
b000100110010 B
1E
#88070000
b0000000000000001000100110100 &
15
17
b10 9
b00000010 <
#88080000
05
07
b1001 ;
b1001 >
1?
b0001 @
b000100110011 B
b0001 D
0E
#88090000
b0000000000000001000100110101 &
15
17
b00 9
b00000000 <
#88100000
b01110 2
b00000000000010110 3
05
07
0?
b0000 @
b000100110100 B
b0100 D
1E
#88110000
b0000000000000001000100110110 &
15
17
#88120000
05
07
1?
b000100110101 B
b0000 D
0E
#88130000
b0000000000000001000100110111 &
15
17
#88140000
b01101 2
b00000000000010101 3
05
07
b1010 ;
b1010 >
0?
b000100110110 B
1E
#88150000
b0000000000000001000100111000 &
15
17
b01 9
b00000001 <
#88160000
05
07
b1001 ;
b1001 >
1?
b0010 @
b000100110111 B
b0010 D
0E
#88170000
b0000000000000001000100111001 &
15
17
b00 9
b00000000 <
#88180000
b01100 2
b00000000000010100 3
05
07
b1011 ;
b1011 >
0?
b0000 @
b000100111000 B
b1000 D
1E
#88190000
b0000000000000001000100111010 &
15
17
#88200000
05
07
b1001 ;
b1001 >
1?
b000100111001 B
b0000 D
0E
#88210000
b0000000000000001000100111011 &
15
17
#88220000
b01011 2
b00000000000010011 3
05
07
b1100 ;
b1100 >
0?
b000100111010 B
1E
#88230000
b0000000000000001000100111100 &
15
17
b11 9
b00000011 <
#88240000
05
07
b1001 ;
b1001 >
1?
b0011 @
b000100111011 B
b0011 D
0E
#88250000
b0000000000000001000100111101 &
15
17
b00 9
b00000000 <
#88260000
b01010 2
b00000000000010010 3
05
07
b1101 ;
b1101 >
0?
b0000 @
b000100111100 B
b1100 D
1E
#88270000
b0000000000000001000100111110 &
15
17
#88280000
05
07
b1001 ;
b1001 >
1?
b000100111101 B
b0000 D
0E
#88290000
b0000000000000001000100111111 &
15
17
b10 9
b00000010 <
#88300000
b01001 2
b00000000000010001 3
05
07
b1110 ;
b1110 >
0?
b000100111110 B
b0001 D
1E
#88310000
b0000000000000001000101000000 &
15
17
b00 9
b00000000 <
#88320000
05
07
b1001 ;
b1001 >
1?
b0100 @
b000100111111 B
b0100 D
0E
#88330000
b0000000000000001000101000001 &
15
17
#88340000
b01000 2
b00000000000010000 3
05
07
b1111 ;
b1111 >
0?
b0000 @
b000101000000 B
b0000 D
1E
#88350000
b0000000000000001000101000010 &
15
17
#88360000
05
07
b1010 ;
b1010 >
1?
b000101000001 B
0E
#88370000
b0000000000000001000101000011 &
15
17
b10 9
b00000010 <
#88380000
b00111 2
b00000000000001111 3
05
07
b0000 ;
b0000 >
0?
b000101000010 B
b0001 D
1E
#88390000
b0000000000000001000101000100 &
15
17
#88400000
05
07
b1010 ;
b1010 >
1?
b0101 @
b000101000011 B
b0101 D
0E
#88410000
b0000000000000001000101000101 &
15
17
b00 9
b00000000 <
#88420000
b00110 2
b00000000000001110 3
05
07
b0001 ;
b0001 >
0?
b0000 @
b000101000100 B
b0100 D
1E
#88430000
b0000000000000001000101000110 &
15
17
#88440000
05
07
b1010 ;
b1010 >
1?
b000101000101 B
b0000 D
0E
#88450000
b0000000000000001000101000111 &
15
17
b10 9
b00000010 <
#88460000
b00101 2
b00000000000001101 3
05
07
b0010 ;
b0010 >
0?
b000101000110 B
b0001 D
1E
#88470000
b0000000000000001000101001000 &
15
17
b01 9
b00000001 <
#88480000
05
07
b1010 ;
b1010 >
1?
b0110 @
b000101000111 B
b0110 D
0E
#88490000
b0000000000000001000101001001 &
15
17
b00 9
b00000000 <
#88500000
b00100 2
b00000000000001100 3
05
07
b0011 ;
b0011 >
0?
b0000 @
b000101001000 B
b1000 D
1E
#88510000
b0000000000000001000101001010 &
15
17
#88520000
05
07
b1010 ;
b1010 >
1?
b000101001001 B
b0000 D
0E
#88530000
b0000000000000001000101001011 &
15
17
b10 9
b00000010 <
#88540000
b00011 2
b00000000000001011 3
05
07
b0100 ;
b0100 >
0?
b000101001010 B
b0001 D
1E
#88550000
b0000000000000001000101001100 &
15
17
b11 9
b00000011 <
#88560000
05
07
b1010 ;
b1010 >
1?
b0111 @
b000101001011 B
b0111 D
0E
#88570000
b0000000000000001000101001101 &
15
17
b00 9
b00000000 <
#88580000
b00010 2
b00000000000001010 3
05
07
b0101 ;
b0101 >
0?
b0000 @
b000101001100 B
b1100 D
1E
#88590000
b0000000000000001000101001110 &
15
17
#88600000
05
07
b1010 ;
b1010 >
1?
b000101001101 B
b0000 D
0E
#88610000
b0000000000000001000101001111 &
15
17
b01 9
b00000001 <
#88620000
b00001 2
b00000000000001001 3
05
07
b0110 ;
b0110 >
0?
b000101001110 B
b0010 D
1E
#88630000
b0000000000000001000101010000 &
15
17
b00 9
b00000000 <
#88640000
05
07
b1010 ;
b1010 >
1?
b1000 @
b000101001111 B
b1000 D
0E
#88650000
b0000000000000001000101010001 &
15
17
#88660000
b00000 2
b00000000000001000 3
05
07
b0111 ;
b0111 >
0?
b0000 @
b000101010000 B
b0000 D
1E
#88670000
b0000000000000001000101010010 &
15
17
#88680000
05
07
b1010 ;
b1010 >
1?
b000101010001 B
0E
#88690000
b0000000000000001000101010011 &
15
17
b01 9
b00000001 <
#88700000
1)
b00000000000000111 3
05
07
b1000 ;
b1000 >
0?
b000101010010 B
b0010 D
1E
#88710000
b0000000000000001000101010100 &
15
17
b10 9
b00000010 <
#88720000
0)
b000010101001 ,
05
07
b1010 ;
b1010 >
1?
b1001 @
b000101010011 B
b1001 D
0E
#88730000
b0000000000000001000101010101 &
15
17
b00 9
b00000000 <
#88740000
1)
b1001 *
b00000000000000110 3
05
07
b1001 ;
b1001 >
0?
b0000 @
b000101010100 B
b0100 D
1E
#88750000
b0000000000000001000101010110 &
15
17
#88760000
0)
b0000 *
b000010101010 ,
05
07
b1010 ;
b1010 >
1?
b000101010101 B
b0000 D
0E
#88770000
b0000000000000001000101010111 &
15
17
b01 9
b00000001 <
#88780000
1)
b00000000000000101 3
05
07
0?
b000101010110 B
b0010 D
1E
#88790000
b0000000000000001000101011000 &
15
17
#88800000
0)
b000010101011 ,
05
07
1?
b1010 @
b000101010111 B
b1010 D
0E
#88810000
b0000000000000001000101011001 &
15
17
b00 9
b00000000 <
#88820000
1)
b1010 *
b00000000000000100 3
05
07
b1011 ;
b1011 >
0?
b0000 @
b000101011000 B
b1000 D
1E
#88830000
b0000000000000001000101011010 &
15
17
#88840000
0)
b0000 *
b000010101100 ,
05
07
b1010 ;
b1010 >
1?
b000101011001 B
b0000 D
0E
#88850000
b0000000000000001000101011011 &
15
17
b01 9
b00000001 <
#88860000
1)
b00000000000000011 3
05
07
b1100 ;
b1100 >
0?
b000101011010 B
b0010 D
1E
#88870000
b0000000000000001000101011100 &
15
17
b11 9
b00000011 <
#88880000
0)
b000010101101 ,
05
07
b1010 ;
b1010 >
1?
b1011 @
b000101011011 B
b1011 D
0E
#88890000
b0000000000000001000101011101 &
15
17
b00 9
b00000000 <
#88900000
1)
b1011 *
b00000000000000010 3
05
07
b1101 ;
b1101 >
0?
b0000 @
b000101011100 B
b1100 D
1E
#88910000
b0000000000000001000101011110 &
15
17
#88920000
0)
b0000 *
b000010101110 ,
05
07
b1010 ;
b1010 >
1?
b000101011101 B
b0000 D
0E
#88930000
b0000000000000001000101011111 &
15
17
b11 9
b00000011 <
#88940000
1)
b00000000000000001 3
05
07
b1110 ;
b1110 >
0?
b000101011110 B
b0011 D
1E
#88950000
b0000000000000001000101100000 &
15
17
b00 9
b00000000 <
#88960000
0)
b000010101111 ,
05
07
b1010 ;
b1010 >
1?
b1100 @
b000101011111 B
b1100 D
0E
#88970000
b0000000000000001000101100001 &
15
17
#88980000
1)
b1100 *
b00000000000000000 3
05
07
b1111 ;
b1111 >
0?
b0000 @
b000101100000 B
b0000 D
1E
#88990000
b0000000000000001000101100010 &
15
17
#89000000
0)
b0000 *
b000010110000 ,
05
07
b1011 ;
b1011 >
1?
b000101100001 B
0E
#89010000
b0000000000000001000101100011 &
15
17
#89020000
05
07
b0000 ;
b0000 >
0?
b000101100010 B
1E
#89030000
b0000000000000001000101100100 &
15
17
#89040000
05
07
b1011 ;
b1011 >
1?
b000101100011 B
0E
#89050000
b0000000000000001000101100101 &
15
17
#89060000
05
07
b0001 ;
b0001 >
0?
b000101100100 B
1E
#89070000
b0000000000000001000101100110 &
15
17
#89080000
05
07
b1011 ;
b1011 >
1?
b000101100101 B
0E
#89090000
b0000000000000001000101100111 &
15
17
#89100000
05
07
b0010 ;
b0010 >
0?
b000101100110 B
1E
#89110000
b0000000000000001000101101000 &
15
17
#89120000
05
07
b1011 ;
b1011 >
1?
b000101100111 B
0E
#89130000
b0000000000000001000101101001 &
15
17
#89140000
05
07
b0011 ;
b0011 >
0?
b000101101000 B
1E
#89150000
b0000000000000001000101101010 &
15
17
#89160000
05
07
b1011 ;
b1011 >
1?
b000101101001 B
0E
#89170000
b0000000000000001000101101011 &
15
17
#89180000
05
07
b0100 ;
b0100 >
0?
b000101101010 B
1E
#89190000
b0000000000000001000101101100 &
15
17
#89200000
05
07
b1011 ;
b1011 >
1?
b000101101011 B
0E
#89210000
b0000000000000001000101101101 &
15
17
#89220000
05
07
b0101 ;
b0101 >
0?
b000101101100 B
1E
#89230000
b0000000000000001000101101110 &
15
17
#89240000
05
07
b1011 ;
b1011 >
1?
b000101101101 B
0E
#89250000
b0000000000000001000101101111 &
15
17
#89260000
05
07
b0110 ;
b0110 >
0?
b000101101110 B
1E
#89270000
b0000000000000001000101110000 &
15
17
b00 8
#89280000
00
05
07
b1011 ;
b1011 >
1?
b000101101111 B
0E
#89290000
b0000000000000001000101110001 &
15
17
#89300000
b10000 1
b10000 2
05
07
b0111 ;
b0111 >
0?
b000101110000 B
#89310000
b0000000000000001000101110010 &
15
17
#89320000
05
07
b1011 ;
b1011 >
b000101110001 B
#89330000
b0000000000000001000101110011 &
15
17
#89340000
05
07
b1000 ;
b1000 >
b000101110010 B
#89350000
b0000000000000001000101110100 &
15
17
#89360000
05
07
b1011 ;
b1011 >
b000101110011 B
#89370000
b0000000000000001000101110101 &
15
17
#89380000
05
07
b1001 ;
b1001 >
b000101110100 B
#89390000
b0000000000000001000101110110 &
15
17
#89400000
05
07
b1011 ;
b1011 >
b000101110101 B
#89410000
b0000000000000001000101110111 &
15
17
#89420000
05
07
b1010 ;
b1010 >
b000101110110 B
#89430000
b0000000000000001000101111000 &
15
17
#89440000
05
07
b1011 ;
b1011 >
b000101110111 B
#89450000
b0000000000000001000101111001 &
15
17
#89460000
05
07
b000101111000 B
#89470000
b0000000000000001000101111010 &
15
17
#89480000
05
07
b000101111001 B
#89490000
b0000000000000001000101111011 &
15
17
#89500000
05
07
b1100 ;
b1100 >
b000101111010 B
#89510000
b0000000000000001000101111100 &
15
17
#89520000
05
07
b1011 ;
b1011 >
b000101111011 B
#89530000
b0000000000000001000101111101 &
15
17
#89540000
05
07
b1101 ;
b1101 >
b000101111100 B
#89550000
b0000000000000001000101111110 &
15
17
#89560000
05
07
b1011 ;
b1011 >
b000101111101 B
#89570000
b0000000000000001000101111111 &
15
17
#89580000
05
07
b1110 ;
b1110 >
b000101111110 B
#89590000
b0000000000000001000110000000 &
15
17
#89600000
05
07
b1011 ;
b1011 >
b000101111111 B
#89610000
b0000000000000001000110000001 &
15
17
#89620000
05
07
b1111 ;
b1111 >
b000110000000 B
#89630000
b0000000000000001000110000010 &
15
17
#89640000
05
07
b1100 ;
b1100 >
b000110000001 B
#89650000
b0000000000000001000110000011 &
15
17
#89660000
05
07
b0000 ;
b0000 >
b000110000010 B
#89670000
b0000000000000001000110000100 &
15
17
#89680000
05
07
b1100 ;
b1100 >
b000110000011 B
#89690000
b0000000000000001000110000101 &
15
17
#89700000
05
07
b0001 ;
b0001 >
b000110000100 B
#89710000
b0000000000000001000110000110 &
15
17
#89720000
05
07
b1100 ;
b1100 >
b000110000101 B
#89730000
b0000000000000001000110000111 &
15
17
#89740000
05
07
b0010 ;
b0010 >
b000110000110 B
#89750000
b0000000000000001000110001000 &
15
17
#89760000
05
07
b1100 ;
b1100 >
b000110000111 B
#89770000
b0000000000000001000110001001 &
15
17
#89780000
05
07
b0011 ;
b0011 >
b000110001000 B
#89790000
b0000000000000001000110001010 &
15
17
b01 8
b11 9
b00000011 <
#89800000
05
07
b1100 ;
b1100 >
b000110001001 B
#89810000
b0000000000000001000110001011 &
15
17
#89820000
05
07
b0100 ;
b0100 >
b000110001010 B
#89830000
b0000000000000001000110001100 &
15
17
#89840000
05
07
b1100 ;
b1100 >
b000110001011 B
#89850000
b0000000000000001000110001101 &
15
17
#89860000
05
07
b0101 ;
b0101 >
b000110001100 B
#89870000
b0000000000000001000110001110 &
15
17
b00 9
b00000000 <
#89880000
10
05
07
b1100 ;
b1100 >
b000110001101 B
#89890000
b0000000000000001000110001111 &
15
17
b11 9
b00000011 <
#89900000
05
07
b0110 ;
b0110 >
b000110001110 B
b0011 D
1E
#89910000
b0000000000000001000110010000 &
15
17
#89920000
05
07
b1100 ;
b1100 >
1?
b1111 @
b000110001111 B
b1111 D
0E
#89930000
b0000000000000001000110010001 &
15
17
#89940000
b01111 1
b00000000000011110 3
05
07
b0111 ;
b0111 >
0?
b0000 @
b000110010000 B
1E
#89950000
b0000000000000001000110010010 &
15
17
#89960000
05
07
b1100 ;
b1100 >
1?
b1111 @
b000110010001 B
0E
#89970000
b0000000000000001000110010011 &
15
17
#89980000
b01110 1
b00000000111111110 3
05
07
b1000 ;
b1000 >
0?
b0000 @
b000110010010 B
1E
#89990000
b0000000000000001000110010100 &
15
17
#90000000
05
07
b1100 ;
b1100 >
1?
b1111 @
b000110010011 B
0E
#90010000
b0000000000000001000110010101 &
15
17
#90020000
b01101 1
b00001111111111110 3
05
07
b1001 ;
b1001 >
0?
b0000 @
b000110010100 B
1E
#90030000
b0000000000000001000110010110 &
15
17
#90040000
05
07
b1100 ;
b1100 >
1?
b1111 @
b000110010101 B
0E
#90050000
b0000000000000001000110010111 &
15
17
#90060000
b01100 1
b11111111111111110 3
05
07
b1010 ;
b1010 >
0?
b0000 @
b000110010110 B
1E
#90070000
b0000000000000001000110011000 &
15
17
#90080000
05
07
b1100 ;
b1100 >
1?
b1111 @
b000110010111 B
0E
#90090000
b0000000000000001000110011001 &
15
17
#90100000
b01011 1
14
05
07
b1011 ;
b1011 >
0?
b0000 @
b000110011000 B
1E
#90110000
b0000000000000001000110011010 &
15
17
#90120000
05
07
b1100 ;
b1100 >
1?
b1111 @
b000110011001 B
0E
#90130000
b0000000000000001000110011011 &
15
17
#90140000
b01010 1
05
07
0?
b0000 @
b000110011010 B
1E
#90150000
b0000000000000001000110011100 &
15
17
#90160000
05
07
1?
b1111 @
b000110011011 B
0E
#90170000
b0000000000000001000110011101 &
15
17
#90180000
b01001 1
05
07
b1101 ;
b1101 >
0?
b0000 @
b000110011100 B
1E
#90190000
b0000000000000001000110011110 &
15
17
#90200000
05
07
b1100 ;
b1100 >
1?
b1111 @
b000110011101 B
0E
#90210000
b0000000000000001000110011111 &
15
17
#90220000
b01000 1
05
07
b1110 ;
b1110 >
0?
b0000 @
b000110011110 B
1E
#90230000
b0000000000000001000110100000 &
15
17
#90240000
05
07
b1100 ;
b1100 >
1?
b1111 @
b000110011111 B
0E
#90250000
b0000000000000001000110100001 &
15
17
#90260000
b00111 1
05
07
b1111 ;
b1111 >
0?
b0000 @
b000110100000 B
1E
#90270000
b0000000000000001000110100010 &
15
17
#90280000
05
07
b1101 ;
b1101 >
1?
b1111 @
b000110100001 B
0E
#90290000
b0000000000000001000110100011 &
15
17
#90300000
b00110 1
05
07
b0000 ;
b0000 >
0?
b0000 @
b000110100010 B
1E
#90310000
b0000000000000001000110100100 &
15
17
#90320000
05
07
b1101 ;
b1101 >
1?
b1111 @
b000110100011 B
0E
#90330000
b0000000000000001000110100101 &
15
17
#90340000
b00101 1
05
07
b0001 ;
b0001 >
0?
b0000 @
b000110100100 B
1E
#90350000
b0000000000000001000110100110 &
15
17
#90360000
05
07
b1101 ;
b1101 >
1?
b1111 @
b000110100101 B
0E
#90370000
b0000000000000001000110100111 &
15
17
#90380000
b00100 1
05
07
b0010 ;
b0010 >
0?
b0000 @
b000110100110 B
1E
#90390000
b0000000000000001000110101000 &
15
17
#90400000
05
07
b1101 ;
b1101 >
1?
b1111 @
b000110100111 B
0E
#90410000
b0000000000000001000110101001 &
15
17
#90420000
b00011 1
05
07
b0011 ;
b0011 >
0?
b0000 @
b000110101000 B
1E
#90430000
b0000000000000001000110101010 &
15
17
#90440000
05
07
b1101 ;
b1101 >
1?
b1111 @
b000110101001 B
0E
#90450000
b0000000000000001000110101011 &
15
17
#90460000
b00010 1
05
07
b0100 ;
b0100 >
0?
b0000 @
b000110101010 B
1E
#90470000
b0000000000000001000110101100 &
15
17
#90480000
05
07
b1101 ;
b1101 >
1?
b1111 @
b000110101011 B
0E
#90490000
b0000000000000001000110101101 &
15
17
#90500000
b00001 1
05
07
b0101 ;
b0101 >
0?
b0000 @
b000110101100 B
1E
#90510000
b0000000000000001000110101110 &
15
17
#90520000
05
07
b1101 ;
b1101 >
1?
b1111 @
b000110101101 B
0E
#90530000
b0000000000000001000110101111 &
15
17
#90540000
b00000 1
05
07
b0110 ;
b0110 >
0?
b0000 @
b000110101110 B
1E
#90550000
b0000000000000001000110110000 &
15
17
#90560000
05
07
b1101 ;
b1101 >
1?
b1111 @
b000110101111 B
0E
#90570000
b0000000000000001000110110001 &
15
17
#90580000
b01111 2
b11111111111111101 3
05
07
b0111 ;
b0111 >
0?
b0000 @
b000110110000 B
1E
#90590000
b0000000000000001000110110010 &
15
17
#90600000
05
07
b1101 ;
b1101 >
1?
b1111 @
b000110110001 B
0E
#90610000
b0000000000000001000110110011 &
15
17
#90620000
b01110 2
b11111111111111100 3
05
07
b1000 ;
b1000 >
0?
b0000 @
b000110110010 B
1E
#90630000
b0000000000000001000110110100 &
15
17
#90640000
05
07
b1101 ;
b1101 >
1?
b1111 @
b000110110011 B
0E
#90650000
b0000000000000001000110110101 &
15
17
#90660000
b01101 2
b11111111111111011 3
05
07
b1001 ;
b1001 >
0?
b0000 @
b000110110100 B
1E
#90670000
b0000000000000001000110110110 &
15
17
#90680000
05
07
b1101 ;
b1101 >
1?
b1111 @
b000110110101 B
0E
#90690000
b0000000000000001000110110111 &
15
17
#90700000
b01100 2
b11111111111111010 3
05
07
b1010 ;
b1010 >
0?
b0000 @
b000110110110 B
1E
#90710000
b0000000000000001000110111000 &
15
17
#90720000
05
07
b1101 ;
b1101 >
1?
b1111 @
b000110110111 B
0E
#90730000
b0000000000000001000110111001 &
15
17
#90740000
b01011 2
b11111111111111001 3
05
07
b1011 ;
b1011 >
0?
b0000 @
b000110111000 B
1E
#90750000
b0000000000000001000110111010 &
15
17
#90760000
05
07
b1101 ;
b1101 >
1?
b1111 @
b000110111001 B
0E
#90770000
b0000000000000001000110111011 &
15
17
#90780000
b01010 2
b11111111111111000 3
05
07
b1100 ;
b1100 >
0?
b0000 @
b000110111010 B
1E
#90790000
b0000000000000001000110111100 &
15
17
#90800000
05
07
b1101 ;
b1101 >
1?
b1111 @
b000110111011 B
0E
#90810000
b0000000000000001000110111101 &
15
17
#90820000
b01001 2
b11111111111110111 3
05
07
0?
b0000 @
b000110111100 B
1E
#90830000
b0000000000000001000110111110 &
15
17
b10 9
b00000010 <
#90840000
05
07
1?
b1101 @
b000110111101 B
b1101 D
0E
#90850000
b0000000000000001000110111111 &
15
17
#90860000
b01000 2
b11111111111110110 3
05
07
b1110 ;
b1110 >
0?
b0000 @
b000110111110 B
b0101 D
1E
#90870000
b0000000000000001000111000000 &
15
17
#90880000
05
07
b1101 ;
b1101 >
1?
b0101 @
b000110111111 B
0E
#90890000
b0000000000000001000111000001 &
15
17
#90900000
b00111 2
b11111111111110101 3
05
07
b1111 ;
b1111 >
0?
b0000 @
b000111000000 B
1E
#90910000
b0000000000000001000111000010 &
15
17
#90920000
05
07
b1110 ;
b1110 >
1?
b0101 @
b000111000001 B
0E
#90930000
b0000000000000001000111000011 &
15
17
#90940000
b00110 2
b11111111111110100 3
05
07
b0000 ;
b0000 >
0?
b0000 @
b000111000010 B
1E
#90950000
b0000000000000001000111000100 &
15
17
#90960000
05
07
b1110 ;
b1110 >
1?
b0101 @
b000111000011 B
0E
#90970000
b0000000000000001000111000101 &
15
17
#90980000
b00101 2
b11111111111110011 3
05
07
b0001 ;
b0001 >
0?
b0000 @
b000111000100 B
1E
#90990000
b0000000000000001000111000110 &
15
17
#91000000
05
07
b1110 ;
b1110 >
1?
b0101 @
b000111000101 B
0E
#91010000
b0000000000000001000111000111 &
15
17
#91020000
b00100 2
b11111111111110010 3
05
07
b0010 ;
b0010 >
0?
b0000 @
b000111000110 B
1E
#91030000
b0000000000000001000111001000 &
15
17
#91040000
05
07
b1110 ;
b1110 >
1?
b0101 @
b000111000111 B
0E
#91050000
b0000000000000001000111001001 &
15
17
#91060000
b00011 2
b11111111111110001 3
05
07
b0011 ;
b0011 >
0?
b0000 @
b000111001000 B
1E
#91070000
b0000000000000001000111001010 &
15
17
#91080000
05
07
b1110 ;
b1110 >
1?
b0101 @
b000111001001 B
0E
#91090000
b0000000000000001000111001011 &
15
17
#91100000
b00010 2
b11111111111110000 3
05
07
b0100 ;
b0100 >
0?
b0000 @
b000111001010 B
1E
#91110000
b0000000000000001000111001100 &
15
17
#91120000
05
07
b1110 ;
b1110 >
1?
b0101 @
b000111001011 B
0E
#91130000
b0000000000000001000111001101 &
15
17
#91140000
b00001 2
b11111111111101111 3
05
07
b0101 ;
b0101 >
0?
b0000 @
b000111001100 B
1E
#91150000
b0000000000000001000111001110 &
15
17
b00 8
#91160000
00
05
07
b1110 ;
b1110 >
1?
b000111001101 B
b0000 D
0E
#91170000
b0000000000000001000111001111 &
15
17
#91180000
b10000 1
b10000 2
b00000000000000000 3
04
05
07
b0110 ;
b0110 >
0?
b000111001110 B
#91190000
b0000000000000001000111010000 &
15
17
#91200000
05
07
b1110 ;
b1110 >
b000111001111 B
#91210000
b0000000000000001000111010001 &
15
17
#91220000
05
07
b0111 ;
b0111 >
b000111010000 B
#91230000
b0000000000000001000111010010 &
15
17
#91240000
05
07
b1110 ;
b1110 >
b000111010001 B
#91250000
b0000000000000001000111010011 &
15
17
#91260000
05
07
b1000 ;
b1000 >
b000111010010 B
#91270000
b0000000000000001000111010100 &
15
17
#91280000
05
07
b1110 ;
b1110 >
b000111010011 B
#91290000
b0000000000000001000111010101 &
15
17
#91300000
05
07
b1001 ;
b1001 >
b000111010100 B
#91310000
b0000000000000001000111010110 &
15
17
#91320000
05
07
b1110 ;
b1110 >
b000111010101 B
#91330000
b0000000000000001000111010111 &
15
17
#91340000
05
07
b1010 ;
b1010 >
b000111010110 B
#91350000
b0000000000000001000111011000 &
15
17
b01 8
b11 9
b00000011 <
#91360000
05
07
b1110 ;
b1110 >
b000111010111 B
#91370000
b0000000000000001000111011001 &
15
17
#91380000
05
07
b1011 ;
b1011 >
b000111011000 B
#91390000
b0000000000000001000111011010 &
15
17
#91400000
05
07
b1110 ;
b1110 >
b000111011001 B
#91410000
b0000000000000001000111011011 &
15
17
#91420000
05
07
b1100 ;
b1100 >
b000111011010 B
#91430000
b0000000000000001000111011100 &
15
17
b00 9
b00000000 <
#91440000
10
05
07
b1110 ;
b1110 >
b000111011011 B
#91450000
b0000000000000001000111011101 &
15
17
#91460000
05
07
b1101 ;
b1101 >
b000111011100 B
1E
#91470000
b0000000000000001000111011110 &
15
17
#91480000
05
07
b1110 ;
b1110 >
1?
b000111011101 B
0E
#91490000
b0000000000000001000111011111 &
15
17
#91500000
b01111 1
05
07
0?
b000111011110 B
1E
#91510000
b0000000000000001000111100000 &
15
17
#91520000
05
07
1?
b000111011111 B
0E
#91530000
b0000000000000001000111100001 &
15
17
#91540000
b01110 1
05
07
b1111 ;
b1111 >
0?
b000111100000 B
1E
#91550000
b0000000000000001000111100010 &
15
17
#91560000
05
07
1?
b000111100001 B
0E
#91570000
b0000000000000001000111100011 &
15
17
b11 9
b00000011 <
#91580000
b01101 1
05
07
b0000 ;
b0000 >
0?
b000111100010 B
b0011 D
1E
#91590000
b0000000000000001000111100100 &
15
17
b00 9
b00000000 <
#91600000
05
07
b1111 ;
b1111 >
1?
b1100 @
b000111100011 B
b1100 D
0E
#91610000
b0000000000000001000111100101 &
15
17
#91620000
b01100 1
b00000000000011000 3
05
07
b0001 ;
b0001 >
0?
b0000 @
b000111100100 B
b0000 D
1E
#91630000
b0000000000000001000111100110 &
15
17
#91640000
05
07
b1111 ;
b1111 >
1?
b000111100101 B
0E
#91650000
b0000000000000001000111100111 &
15
17
#91660000
b01011 1
05
07
b0010 ;
b0010 >
0?
b000111100110 B
1E
#91670000
b0000000000000001000111101000 &
15
17
#91680000
05
07
b1111 ;
b1111 >
1?
b000111100111 B
0E
#91690000
b0000000000000001000111101001 &
15
17
#91700000
b01010 1
05
07
b0011 ;
b0011 >
0?
b000111101000 B
1E
#91710000
b0000000000000001000111101010 &
15
17
#91720000
05
07
b1111 ;
b1111 >
1?
b000111101001 B
0E
#91730000
b0000000000000001000111101011 &
15
17
#91740000
b01001 1
05
07
b0100 ;
b0100 >
0?
b000111101010 B
1E
#91750000
b0000000000000001000111101100 &
15
17
#91760000
05
07
b1111 ;
b1111 >
1?
b000111101011 B
0E
#91770000
b0000000000000001000111101101 &
15
17
#91780000
b01000 1
05
07
b0101 ;
b0101 >
0?
b000111101100 B
1E
#91790000
b0000000000000001000111101110 &
15
17
#91800000
05
07
b1111 ;
b1111 >
1?
b000111101101 B
0E
#91810000
b0000000000000001000111101111 &
15
17
#91820000
b00111 1
05
07
b0110 ;
b0110 >
0?
b000111101110 B
1E
#91830000
b0000000000000001000111110000 &
15
17
#91840000
05
07
b1111 ;
b1111 >
1?
b000111101111 B
0E
#91850000
b0000000000000001000111110001 &
15
17
#91860000
b00110 1
05
07
b0111 ;
b0111 >
0?
b000111110000 B
1E
#91870000
b0000000000000001000111110010 &
15
17
#91880000
05
07
b1111 ;
b1111 >
1?
b000111110001 B
0E
#91890000
b0000000000000001000111110011 &
15
17
#91900000
b00101 1
05
07
b1000 ;
b1000 >
0?
b000111110010 B
1E
#91910000
b0000000000000001000111110100 &
15
17
#91920000
05
07
b1111 ;
b1111 >
1?
b000111110011 B
0E
#91930000
b0000000000000001000111110101 &
15
17
#91940000
b00100 1
05
07
b1001 ;
b1001 >
0?
b000111110100 B
1E
#91950000
b0000000000000001000111110110 &
15
17
#91960000
05
07
b1111 ;
b1111 >
1?
b000111110101 B
0E
#91970000
b0000000000000001000111110111 &
15
17
#91980000
b00011 1
05
07
b1010 ;
b1010 >
0?
b000111110110 B
1E
#91990000
b0000000000000001000111111000 &
15
17
#92000000
05
07
b1111 ;
b1111 >
1?
b000111110111 B
0E
#92010000
b0000000000000001000111111001 &
15
17
#92020000
b00010 1
05
07
b1011 ;
b1011 >
0?
b000111111000 B
1E
#92030000
b0000000000000001000111111010 &
15
17
#92040000
05
07
b1111 ;
b1111 >
1?
b000111111001 B
0E
#92050000
b0000000000000001000111111011 &
15
17
#92060000
b00001 1
05
07
b1100 ;
b1100 >
0?
b000111111010 B
1E
#92070000
b0000000000000001000111111100 &
15
17
#92080000
05
07
b1111 ;
b1111 >
1?
b000111111011 B
0E
#92090000
b0000000000000001000111111101 &
15
17
#92100000
b00000 1
05
07
b1101 ;
b1101 >
0?
b000111111100 B
1E
#92110000
b0000000000000001000111111110 &
15
17
#92120000
05
07
b1111 ;
b1111 >
1?
b000111111101 B
0E
#92130000
b0000000000000001000111111111 &
15
17
#92140000
b01111 2
b00000000000010111 3
05
07
b1110 ;
b1110 >
0?
b000111111110 B
1E
#92150000
b0000000000000001001000000000 &
15
17
b10 9
b00000010 <
#92160000
05
07
b1111 ;
b1111 >
1?
b0001 @
b000111111111 B
b0001 D
0E
#92170000
b0000000000000001001000000001 &
15
17
b00 9
b00000000 <
#92180000
b01110 2
b00000000000010110 3
05
07
0?
b0000 @
b001000000000 B
b0100 D
1E
#92190000
b0000000000000001001000000010 &
15
17
#92200000
05
07
b0000 ;
b0000 >
1?
b001000000001 B
b0000 D
0E
#92210000
b0000000000000001001000000011 &
15
17
#92220000
b01101 2
b00000000000010101 3
05
07
0?
b001000000010 B
1E
#92230000
b0000000000000001001000000100 &
15
17
b01 9
b00000001 <
#92240000
05
07
1?
b0010 @
b001000000011 B
b0010 D
0E
#92250000
b0000000000000001001000000101 &
15
17
b00 9
b00000000 <
#92260000
b01100 2
b00000000000010100 3
05
07
b0001 ;
b0001 >
0?
b0000 @
b001000000100 B
b1000 D
1E
#92270000
b0000000000000001001000000110 &
15
17
#92280000
05
07
b0000 ;
b0000 >
1?
b001000000101 B
b0000 D
0E
#92290000
b0000000000000001001000000111 &
15
17
#92300000
b01011 2
b00000000000010011 3
05
07
b0010 ;
b0010 >
0?
b001000000110 B
1E
#92310000
b0000000000000001001000001000 &
15
17
b11 9
b00000011 <
#92320000
05
07
b0000 ;
b0000 >
1?
b0011 @
b001000000111 B
b0011 D
0E
#92330000
b0000000000000001001000001001 &
15
17
b00 9
b00000000 <
#92340000
b01010 2
b00000000000010010 3
05
07
b0011 ;
b0011 >
0?
b0000 @
b001000001000 B
b1100 D
1E
#92350000
b0000000000000001001000001010 &
15
17
#92360000
05
07
b0000 ;
b0000 >
1?
b001000001001 B
b0000 D
0E
#92370000
b0000000000000001001000001011 &
15
17
b10 9
b00000010 <
#92380000
b01001 2
b00000000000010001 3
05
07
b0100 ;
b0100 >
0?
b001000001010 B
b0001 D
1E
#92390000
b0000000000000001001000001100 &
15
17
b00 9
b00000000 <
#92400000
05
07
b0000 ;
b0000 >
1?
b0100 @
b001000001011 B
b0100 D
0E
#92410000
b0000000000000001001000001101 &
15
17
#92420000
b01000 2
b00000000000010000 3
05
07
b0101 ;
b0101 >
0?
b0000 @
b001000001100 B
b0000 D
1E
#92430000
b0000000000000001001000001110 &
15
17
#92440000
05
07
b0000 ;
b0000 >
1?
b001000001101 B
0E
#92450000
b0000000000000001001000001111 &
15
17
b10 9
b00000010 <
#92460000
b00111 2
b00000000000001111 3
05
07
b0110 ;
b0110 >
0?
b001000001110 B
b0001 D
1E
#92470000
b0000000000000001001000010000 &
15
17
#92480000
05
07
b0000 ;
b0000 >
1?
b0101 @
b001000001111 B
b0101 D
0E
#92490000
b0000000000000001001000010001 &
15
17
b00 9
b00000000 <
#92500000
b00110 2
b00000000000001110 3
05
07
b0111 ;
b0111 >
0?
b0000 @
b001000010000 B
b0100 D
1E
#92510000
b0000000000000001001000010010 &
15
17
#92520000
05
07
b0000 ;
b0000 >
1?
b001000010001 B
b0000 D
0E
#92530000
b0000000000000001001000010011 &
15
17
b10 9
b00000010 <
#92540000
b00101 2
b00000000000001101 3
05
07
b1000 ;
b1000 >
0?
b001000010010 B
b0001 D
1E
#92550000
b0000000000000001001000010100 &
15
17
b01 9
b00000001 <
#92560000
05
07
b0000 ;
b0000 >
1?
b0110 @
b001000010011 B
b0110 D
0E
#92570000
b0000000000000001001000010101 &
15
17
b00 9
b00000000 <
#92580000
b00100 2
b00000000000001100 3
05
07
b1001 ;
b1001 >
0?
b0000 @
b001000010100 B
b1000 D
1E
#92590000
b0000000000000001001000010110 &
15
17
#92600000
05
07
b0000 ;
b0000 >
1?
b001000010101 B
b0000 D
0E
#92610000
b0000000000000001001000010111 &
15
17
b10 9
b00000010 <
#92620000
b00011 2
b00000000000001011 3
05
07
b1010 ;
b1010 >
0?
b001000010110 B
b0001 D
1E
#92630000
b0000000000000001001000011000 &
15
17
b11 9
b00000011 <
#92640000
05
07
b0000 ;
b0000 >
1?
b0111 @
b001000010111 B
b0111 D
0E
#92650000
b0000000000000001001000011001 &
15
17
b00 9
b00000000 <
#92660000
b00010 2
b00000000000001010 3
05
07
b1011 ;
b1011 >
0?
b0000 @
b001000011000 B
b1100 D
1E
#92670000
b0000000000000001001000011010 &
15
17
#92680000
05
07
b0000 ;
b0000 >
1?
b001000011001 B
b0000 D
0E
#92690000
b0000000000000001001000011011 &
15
17
b01 9
b00000001 <
#92700000
b00001 2
b00000000000001001 3
05
07
b1100 ;
b1100 >
0?
b001000011010 B
b0010 D
1E
#92710000
b0000000000000001001000011100 &
15
17
b00 9
b00000000 <
#92720000
05
07
b0000 ;
b0000 >
1?
b1000 @
b001000011011 B
b1000 D
0E
#92730000
b0000000000000001001000011101 &
15
17
#92740000
b00000 2
b00000000000001000 3
05
07
b1101 ;
b1101 >
0?
b0000 @
b001000011100 B
b0000 D
1E
#92750000
b0000000000000001001000011110 &
15
17
#92760000
05
07
b0000 ;
b0000 >
1?
b001000011101 B
0E
#92770000
b0000000000000001001000011111 &
15
17
b01 9
b00000001 <
#92780000
1)
b00000000000000111 3
05
07
b1110 ;
b1110 >
0?
b001000011110 B
b0010 D
1E
#92790000
b0000000000000001001000100000 &
15
17
b10 9
b00000010 <
#92800000
0)
b000010110001 ,
05
07
b0000 ;
b0000 >
1?
b1001 @
b001000011111 B
b1001 D
0E
#92810000
b0000000000000001001000100001 &
15
17
b00 9
b00000000 <
#92820000
1)
b1001 *
b00000000000000110 3
05
07
b1111 ;
b1111 >
0?
b0000 @
b001000100000 B
b0100 D
1E
#92830000
b0000000000000001001000100010 &
15
17
#92840000
0)
b0000 *
b000010110010 ,
05
07
b0001 ;
b0001 >
1?
b001000100001 B
b0000 D
0E
#92850000
b0000000000000001001000100011 &
15
17
b01 9
b00000001 <
#92860000
1)
b00000000000000101 3
05
07
b0000 ;
b0000 >
0?
b001000100010 B
b0010 D
1E
#92870000
b0000000000000001001000100100 &
15
17
#92880000
0)
b000010110011 ,
05
07
b0001 ;
b0001 >
1?
b1010 @
b001000100011 B
b1010 D
0E
#92890000
b0000000000000001001000100101 &
15
17
b00 9
b00000000 <
#92900000
1)
b1010 *
b00000000000000100 3
05
07
0?
b0000 @
b001000100100 B
b1000 D
1E
#92910000
b0000000000000001001000100110 &
15
17
#92920000
0)
b0000 *
b000010110100 ,
05
07
1?
b001000100101 B
b0000 D
0E
#92930000
b0000000000000001001000100111 &
15
17
b01 9
b00000001 <
#92940000
1)
b00000000000000011 3
05
07
b0010 ;
b0010 >
0?
b001000100110 B
b0010 D
1E
#92950000
b0000000000000001001000101000 &
15
17
b11 9
b00000011 <
#92960000
0)
b000010110101 ,
05
07
b0001 ;
b0001 >
1?
b1011 @
b001000100111 B
b1011 D
0E
#92970000
b0000000000000001001000101001 &
15
17
b00 9
b00000000 <
#92980000
1)
b1011 *
b00000000000000010 3
05
07
b0011 ;
b0011 >
0?
b0000 @
b001000101000 B
b1100 D
1E
#92990000
b0000000000000001001000101010 &
15
17
#93000000
0)
b0000 *
b000010110110 ,
05
07
b0001 ;
b0001 >
1?
b001000101001 B
b0000 D
0E
#93010000
b0000000000000001001000101011 &
15
17
b11 9
b00000011 <
#93020000
1)
b00000000000000001 3
05
07
b0100 ;
b0100 >
0?
b001000101010 B
b0011 D
1E
#93030000
b0000000000000001001000101100 &
15
17
b00 9
b00000000 <
#93040000
0)
b000010110111 ,
05
07
b0001 ;
b0001 >
1?
b1100 @
b001000101011 B
b1100 D
0E
#93050000
b0000000000000001001000101101 &
15
17
#93060000
1)
b1100 *
b00000000000000000 3
05
07
b0101 ;
b0101 >
0?
b0000 @
b001000101100 B
b0000 D
1E
#93070000
b0000000000000001001000101110 &
15
17
#93080000
0)
b0000 *
b000010111000 ,
05
07
b0001 ;
b0001 >
1?
b001000101101 B
0E
#93090000
b0000000000000001001000101111 &
15
17
#93100000
05
07
b0110 ;
b0110 >
0?
b001000101110 B
1E
#93110000
b0000000000000001001000110000 &
15
17
#93120000
05
07
b0001 ;
b0001 >
1?
b001000101111 B
0E
#93130000
b0000000000000001001000110001 &
15
17
#93140000
05
07
b0111 ;
b0111 >
0?
b001000110000 B
1E
#93150000
b0000000000000001001000110010 &
15
17
#93160000
05
07
b0001 ;
b0001 >
1?
b001000110001 B
0E
#93170000
b0000000000000001001000110011 &
15
17
#93180000
05
07
b1000 ;
b1000 >
0?
b001000110010 B
1E
#93190000
b0000000000000001001000110100 &
15
17
#93200000
05
07
b0001 ;
b0001 >
1?
b001000110011 B
0E
#93210000
b0000000000000001001000110101 &
15
17
#93220000
05
07
b1001 ;
b1001 >
0?
b001000110100 B
1E
#93230000
b0000000000000001001000110110 &
15
17
#93240000
05
07
b0001 ;
b0001 >
1?
b001000110101 B
0E
#93250000
b0000000000000001001000110111 &
15
17
#93260000
05
07
b1010 ;
b1010 >
0?
b001000110110 B
1E
#93270000
b0000000000000001001000111000 &
15
17
#93280000
05
07
b0001 ;
b0001 >
1?
b001000110111 B
0E
#93290000
b0000000000000001001000111001 &
15
17
#93300000
05
07
b1011 ;
b1011 >
0?
b001000111000 B
1E
#93310000
b0000000000000001001000111010 &
15
17
#93320000
05
07
b0001 ;
b0001 >
1?
b001000111001 B
0E
#93330000
b0000000000000001001000111011 &
15
17
#93340000
05
07
b1100 ;
b1100 >
0?
b001000111010 B
1E
#93350000
b0000000000000001001000111100 &
15
17
b00 8
#93360000
00
05
07
b0001 ;
b0001 >
1?
b001000111011 B
0E
#93370000
b0000000000000001001000111101 &
15
17
#93380000
b10000 1
b10000 2
05
07
b1101 ;
b1101 >
0?
b001000111100 B
#93390000
b0000000000000001001000111110 &
15
17
#93400000
05
07
b0001 ;
b0001 >
b001000111101 B
#93410000
b0000000000000001001000111111 &
15
17
#93420000
05
07
b1110 ;
b1110 >
b001000111110 B
#93430000
b0000000000000001001001000000 &
15
17
#93440000
05
07
b0001 ;
b0001 >
b001000111111 B
#93450000
b0000000000000001001001000001 &
15
17
#93460000
05
07
b1111 ;
b1111 >
b001001000000 B
#93470000
b0000000000000001001001000010 &
15
17
#93480000
05
07
b0010 ;
b0010 >
b001001000001 B
#93490000
b0000000000000001001001000011 &
15
17
#93500000
05
07
b0000 ;
b0000 >
b001001000010 B
#93510000
b0000000000000001001001000100 &
15
17
#93520000
05
07
b0010 ;
b0010 >
b001001000011 B
#93530000
b0000000000000001001001000101 &
15
17
#93540000
05
07
b0001 ;
b0001 >
b001001000100 B
#93550000
b0000000000000001001001000110 &
15
17
#93560000
05
07
b0010 ;
b0010 >
b001001000101 B
#93570000
b0000000000000001001001000111 &
15
17
#93580000
05
07
b001001000110 B
#93590000
b0000000000000001001001001000 &
15
17
#93600000
05
07
b001001000111 B
#93610000
b0000000000000001001001001001 &
15
17
#93620000
05
07
b0011 ;
b0011 >
b001001001000 B
#93630000
b0000000000000001001001001010 &
15
17
#93640000
05
07
b0010 ;
b0010 >
b001001001001 B
#93650000
b0000000000000001001001001011 &
15
17
#93660000
05
07
b0100 ;
b0100 >
b001001001010 B
#93670000
b0000000000000001001001001100 &
15
17
#93680000
05
07
b0010 ;
b0010 >
b001001001011 B
#93690000
b0000000000000001001001001101 &
15
17
#93700000
05
07
b0101 ;
b0101 >
b001001001100 B
#93710000
b0000000000000001001001001110 &
15
17
#93720000
05
07
b0010 ;
b0010 >
b001001001101 B
#93730000
b0000000000000001001001001111 &
15
17
#93740000
05
07
b0110 ;
b0110 >
b001001001110 B
#93750000
b0000000000000001001001010000 &
15
17
#93760000
05
07
b0010 ;
b0010 >
b001001001111 B
#93770000
b0000000000000001001001010001 &
15
17
#93780000
05
07
b0111 ;
b0111 >
b001001010000 B
#93790000
b0000000000000001001001010010 &
15
17
#93800000
05
07
b0010 ;
b0010 >
b001001010001 B
#93810000
b0000000000000001001001010011 &
15
17
#93820000
05
07
b1000 ;
b1000 >
b001001010010 B
#93830000
b0000000000000001001001010100 &
15
17
#93840000
05
07
b0010 ;
b0010 >
b001001010011 B
#93850000
b0000000000000001001001010101 &
15
17
#93860000
05
07
b1001 ;
b1001 >
b001001010100 B
#93870000
b0000000000000001001001010110 &
15
17
b01 8
b11 9
b00000011 <
#93880000
05
07
b0010 ;
b0010 >
b001001010101 B
#93890000
b0000000000000001001001010111 &
15
17
#93900000
05
07
b1010 ;
b1010 >
b001001010110 B
#93910000
b0000000000000001001001011000 &
15
17
#93920000
05
07
b0010 ;
b0010 >
b001001010111 B
#93930000
b0000000000000001001001011001 &
15
17
#93940000
05
07
b1011 ;
b1011 >
b001001011000 B
#93950000
b0000000000000001001001011010 &
15
17
b00 9
b00000000 <
#93960000
10
05
07
b0010 ;
b0010 >
b001001011001 B
#93970000
b0000000000000001001001011011 &
15
17
b11 9
b00000011 <
#93980000
05
07
b1100 ;
b1100 >
b001001011010 B
b0011 D
1E
#93990000
b0000000000000001001001011100 &
15
17
#94000000
05
07
b0010 ;
b0010 >
1?
b1111 @
b001001011011 B
b1111 D
0E
#94010000
b0000000000000001001001011101 &
15
17
#94020000
b01111 1
b00000000000011110 3
05
07
b1101 ;
b1101 >
0?
b0000 @
b001001011100 B
1E
#94030000
b0000000000000001001001011110 &
15
17
#94040000
05
07
b0010 ;
b0010 >
1?
b1111 @
b001001011101 B
0E
#94050000
b0000000000000001001001011111 &
15
17
#94060000
b01110 1
b00000000111111110 3
05
07
b1110 ;
b1110 >
0?
b0000 @
b001001011110 B
1E
#94070000
b0000000000000001001001100000 &
15
17
#94080000
05
07
b0010 ;
b0010 >
1?
b1111 @
b001001011111 B
0E
#94090000
b0000000000000001001001100001 &
15
17
#94100000
b01101 1
b00001111111111110 3
05
07
b1111 ;
b1111 >
0?
b0000 @
b001001100000 B
1E
#94110000
b0000000000000001001001100010 &
15
17
#94120000
05
07
b0011 ;
b0011 >
1?
b1111 @
b001001100001 B
0E
#94130000
b0000000000000001001001100011 &
15
17
#94140000
b01100 1
b11111111111111110 3
05
07
b0000 ;
b0000 >
0?
b0000 @
b001001100010 B
1E
#94150000
b0000000000000001001001100100 &
15
17
#94160000
05
07
b0011 ;
b0011 >
1?
b1111 @
b001001100011 B
0E
#94170000
b0000000000000001001001100101 &
15
17
#94180000
b01011 1
14
05
07
b0001 ;
b0001 >
0?
b0000 @
b001001100100 B
1E
#94190000
b0000000000000001001001100110 &
15
17
#94200000
05
07
b0011 ;
b0011 >
1?
b1111 @
b001001100101 B
0E
#94210000
b0000000000000001001001100111 &
15
17
#94220000
b01010 1
05
07
b0010 ;
b0010 >
0?
b0000 @
b001001100110 B
1E
#94230000
b0000000000000001001001101000 &
15
17
#94240000
05
07
b0011 ;
b0011 >
1?
b1111 @
b001001100111 B
0E
#94250000
b0000000000000001001001101001 &
15
17
#94260000
b01001 1
05
07
0?
b0000 @
b001001101000 B
1E
#94270000
b0000000000000001001001101010 &
15
17
#94280000
05
07
1?
b1111 @
b001001101001 B
0E
#94290000
b0000000000000001001001101011 &
15
17
#94300000
b01000 1
05
07
b0100 ;
b0100 >
0?
b0000 @
b001001101010 B
1E
#94310000
b0000000000000001001001101100 &
15
17
#94320000
05
07
b0011 ;
b0011 >
1?
b1111 @
b001001101011 B
0E
#94330000
b0000000000000001001001101101 &
15
17
#94340000
b00111 1
05
07
b0101 ;
b0101 >
0?
b0000 @
b001001101100 B
1E
#94350000
b0000000000000001001001101110 &
15
17
#94360000
05
07
b0011 ;
b0011 >
1?
b1111 @
b001001101101 B
0E
#94370000
b0000000000000001001001101111 &
15
17
#94380000
b00110 1
05
07
b0110 ;
b0110 >
0?
b0000 @
b001001101110 B
1E
#94390000
b0000000000000001001001110000 &
15
17
#94400000
05
07
b0011 ;
b0011 >
1?
b1111 @
b001001101111 B
0E
#94410000
b0000000000000001001001110001 &
15
17
#94420000
b00101 1
05
07
b0111 ;
b0111 >
0?
b0000 @
b001001110000 B
1E
#94430000
b0000000000000001001001110010 &
15
17
#94440000
05
07
b0011 ;
b0011 >
1?
b1111 @
b001001110001 B
0E
#94450000
b0000000000000001001001110011 &
15
17
#94460000
b00100 1
05
07
b1000 ;
b1000 >
0?
b0000 @
b001001110010 B
1E
#94470000
b0000000000000001001001110100 &
15
17
#94480000
05
07
b0011 ;
b0011 >
1?
b1111 @
b001001110011 B
0E
#94490000
b0000000000000001001001110101 &
15
17
#94500000
b00011 1
05
07
b1001 ;
b1001 >
0?
b0000 @
b001001110100 B
1E
#94510000
b0000000000000001001001110110 &
15
17
#94520000
05
07
b0011 ;
b0011 >
1?
b1111 @
b001001110101 B
0E
#94530000
b0000000000000001001001110111 &
15
17
#94540000
b00010 1
05
07
b1010 ;
b1010 >
0?
b0000 @
b001001110110 B
1E
#94550000
b0000000000000001001001111000 &
15
17
#94560000
05
07
b0011 ;
b0011 >
1?
b1111 @
b001001110111 B
0E
#94570000
b0000000000000001001001111001 &
15
17
#94580000
b00001 1
05
07
b1011 ;
b1011 >
0?
b0000 @
b001001111000 B
1E
#94590000
b0000000000000001001001111010 &
15
17
#94600000
05
07
b0011 ;
b0011 >
1?
b1111 @
b001001111001 B
0E
#94610000
b0000000000000001001001111011 &
15
17
#94620000
b00000 1
05
07
b1100 ;
b1100 >
0?
b0000 @
b001001111010 B
1E
#94630000
b0000000000000001001001111100 &
15
17
#94640000
05
07
b0011 ;
b0011 >
1?
b1111 @
b001001111011 B
0E
#94650000
b0000000000000001001001111101 &
15
17
#94660000
b01111 2
b11111111111111101 3
05
07
b1101 ;
b1101 >
0?
b0000 @
b001001111100 B
1E
#94670000
b0000000000000001001001111110 &
15
17
#94680000
05
07
b0011 ;
b0011 >
1?
b1111 @
b001001111101 B
0E
#94690000
b0000000000000001001001111111 &
15
17
#94700000
b01110 2
b11111111111111100 3
05
07
b1110 ;
b1110 >
0?
b0000 @
b001001111110 B
1E
#94710000
b0000000000000001001010000000 &
15
17
#94720000
05
07
b0011 ;
b0011 >
1?
b1111 @
b001001111111 B
0E
#94730000
b0000000000000001001010000001 &
15
17
#94740000
b01101 2
b11111111111111011 3
05
07
b1111 ;
b1111 >
0?
b0000 @
b001010000000 B
1E
#94750000
b0000000000000001001010000010 &
15
17
#94760000
05
07
b0100 ;
b0100 >
1?
b1111 @
b001010000001 B
0E
#94770000
b0000000000000001001010000011 &
15
17
#94780000
b01100 2
b11111111111111010 3
05
07
b0000 ;
b0000 >
0?
b0000 @
b001010000010 B
1E
#94790000
b0000000000000001001010000100 &
15
17
#94800000
05
07
b0100 ;
b0100 >
1?
b1111 @
b001010000011 B
0E
#94810000
b0000000000000001001010000101 &
15
17
#94820000
b01011 2
b11111111111111001 3
05
07
b0001 ;
b0001 >
0?
b0000 @
b001010000100 B
1E
#94830000
b0000000000000001001010000110 &
15
17
#94840000
05
07
b0100 ;
b0100 >
1?
b1111 @
b001010000101 B
0E
#94850000
b0000000000000001001010000111 &
15
17
#94860000
b01010 2
b11111111111111000 3
05
07
b0010 ;
b0010 >
0?
b0000 @
b001010000110 B
1E
#94870000
b0000000000000001001010001000 &
15
17
#94880000
05
07
b0100 ;
b0100 >
1?
b1111 @
b001010000111 B
0E
#94890000
b0000000000000001001010001001 &
15
17
#94900000
b01001 2
b11111111111110111 3
05
07
b0011 ;
b0011 >
0?
b0000 @
b001010001000 B
1E
#94910000
b0000000000000001001010001010 &
15
17
b10 9
b00000010 <
#94920000
05
07
b0100 ;
b0100 >
1?
b1101 @
b001010001001 B
b1101 D
0E
#94930000
b0000000000000001001010001011 &
15
17
#94940000
b01000 2
b11111111111110110 3
05
07
0?
b0000 @
b001010001010 B
b0101 D
1E
#94950000
b0000000000000001001010001100 &
15
17
#94960000
05
07
1?
b0101 @
b001010001011 B
0E
#94970000
b0000000000000001001010001101 &
15
17
#94980000
b00111 2
b11111111111110101 3
05
07
b0101 ;
b0101 >
0?
b0000 @
b001010001100 B
1E
#94990000
b0000000000000001001010001110 &
15
17
#95000000
05
07
b0100 ;
b0100 >
1?
b0101 @
b001010001101 B
0E
#95010000
b0000000000000001001010001111 &
15
17
#95020000
b00110 2
b11111111111110100 3
05
07
b0110 ;
b0110 >
0?
b0000 @
b001010001110 B
1E
#95030000
b0000000000000001001010010000 &
15
17
#95040000
05
07
b0100 ;
b0100 >
1?
b0101 @
b001010001111 B
0E
#95050000
b0000000000000001001010010001 &
15
17
#95060000
b00101 2
b11111111111110011 3
05
07
b0111 ;
b0111 >
0?
b0000 @
b001010010000 B
1E
#95070000
b0000000000000001001010010010 &
15
17
#95080000
05
07
b0100 ;
b0100 >
1?
b0101 @
b001010010001 B
0E
#95090000
b0000000000000001001010010011 &
15
17
#95100000
b00100 2
b11111111111110010 3
05
07
b1000 ;
b1000 >
0?
b0000 @
b001010010010 B
1E
#95110000
b0000000000000001001010010100 &
15
17
#95120000
05
07
b0100 ;
b0100 >
1?
b0101 @
b001010010011 B
0E
#95130000
b0000000000000001001010010101 &
15
17
#95140000
b00011 2
b11111111111110001 3
05
07
b1001 ;
b1001 >
0?
b0000 @
b001010010100 B
1E
#95150000
b0000000000000001001010010110 &
15
17
#95160000
05
07
b0100 ;
b0100 >
1?
b0101 @
b001010010101 B
0E
#95170000
b0000000000000001001010010111 &
15
17
#95180000
b00010 2
b11111111111110000 3
05
07
b1010 ;
b1010 >
0?
b0000 @
b001010010110 B
1E
#95190000
b0000000000000001001010011000 &
15
17
#95200000
05
07
b0100 ;
b0100 >
1?
b0101 @
b001010010111 B
0E
#95210000
b0000000000000001001010011001 &
15
17
#95220000
b00001 2
b11111111111101111 3
05
07
b1011 ;
b1011 >
0?
b0000 @
b001010011000 B
1E
#95230000
b0000000000000001001010011010 &
15
17
b00 8
#95240000
00
05
07
b0100 ;
b0100 >
1?
b001010011001 B
b0000 D
0E
#95250000
b0000000000000001001010011011 &
15
17
#95260000
b10000 1
b10000 2
b00000000000000000 3
04
05
07
b1100 ;
b1100 >
0?
b001010011010 B
#95270000
b0000000000000001001010011100 &
15
17
#95280000
05
07
b0100 ;
b0100 >
b001010011011 B
#95290000
b0000000000000001001010011101 &
15
17
#95300000
05
07
b1101 ;
b1101 >
b001010011100 B
#95310000
b0000000000000001001010011110 &
15
17
#95320000
05
07
b0100 ;
b0100 >
b001010011101 B
#95330000
b0000000000000001001010011111 &
15
17
#95340000
05
07
b1110 ;
b1110 >
b001010011110 B
#95350000
b0000000000000001001010100000 &
15
17
#95360000
05
07
b0100 ;
b0100 >
b001010011111 B
#95370000
b0000000000000001001010100001 &
15
17
#95380000
05
07
b1111 ;
b1111 >
b001010100000 B
#95390000
b0000000000000001001010100010 &
15
17
#95400000
05
07
b0101 ;
b0101 >
b001010100001 B
#95410000
b0000000000000001001010100011 &
15
17
#95420000
05
07
b0000 ;
b0000 >
b001010100010 B
#95430000
b0000000000000001001010100100 &
15
17
b01 8
b11 9
b00000011 <
#95440000
05
07
b0101 ;
b0101 >
b001010100011 B
#95450000
b0000000000000001001010100101 &
15
17
#95460000
05
07
b0001 ;
b0001 >
b001010100100 B
#95470000
b0000000000000001001010100110 &
15
17
#95480000
05
07
b0101 ;
b0101 >
b001010100101 B
#95490000
b0000000000000001001010100111 &
15
17
#95500000
05
07
b0010 ;
b0010 >
b001010100110 B
#95510000
b0000000000000001001010101000 &
15
17
b00 9
b00000000 <
#95520000
10
05
07
b0101 ;
b0101 >
b001010100111 B
#95530000
b0000000000000001001010101001 &
15
17
#95540000
05
07
b0011 ;
b0011 >
b001010101000 B
1E
#95550000
b0000000000000001001010101010 &
15
17
#95560000
05
07
b0101 ;
b0101 >
1?
b001010101001 B
0E
#95570000
b0000000000000001001010101011 &
15
17
#95580000
b01111 1
05
07
b0100 ;
b0100 >
0?
b001010101010 B
1E
#95590000
b0000000000000001001010101100 &
15
17
#95600000
05
07
b0101 ;
b0101 >
1?
b001010101011 B
0E
#95610000
b0000000000000001001010101101 &
15
17
#95620000
b01110 1
05
07
0?
b001010101100 B
1E
#95630000
b0000000000000001001010101110 &
15
17
#95640000
05
07
1?
b001010101101 B
0E
#95650000
b0000000000000001001010101111 &
15
17
b11 9
b00000011 <
#95660000
b01101 1
05
07
b0110 ;
b0110 >
0?
b001010101110 B
b0011 D
1E
#95670000
b0000000000000001001010110000 &
15
17
b00 9
b00000000 <
#95680000
05
07
b0101 ;
b0101 >
1?
b1100 @
b001010101111 B
b1100 D
0E
#95690000
b0000000000000001001010110001 &
15
17
#95700000
b01100 1
b00000000000011000 3
05
07
b0111 ;
b0111 >
0?
b0000 @
b001010110000 B
b0000 D
1E
#95710000
b0000000000000001001010110010 &
15
17
#95720000
05
07
b0101 ;
b0101 >
1?
b001010110001 B
0E
#95730000
b0000000000000001001010110011 &
15
17
#95740000
b01011 1
05
07
b1000 ;
b1000 >
0?
b001010110010 B
1E
#95750000
b0000000000000001001010110100 &
15
17
#95760000
05
07
b0101 ;
b0101 >
1?
b001010110011 B
0E
#95770000
b0000000000000001001010110101 &
15
17
#95780000
b01010 1
05
07
b1001 ;
b1001 >
0?
b001010110100 B
1E
#95790000
b0000000000000001001010110110 &
15
17
#95800000
05
07
b0101 ;
b0101 >
1?
b001010110101 B
0E
#95810000
b0000000000000001001010110111 &
15
17
#95820000
b01001 1
05
07
b1010 ;
b1010 >
0?
b001010110110 B
1E
#95830000
b0000000000000001001010111000 &
15
17
#95840000
05
07
b0101 ;
b0101 >
1?
b001010110111 B
0E
#95850000
b0000000000000001001010111001 &
15
17
#95860000
b01000 1
05
07
b1011 ;
b1011 >
0?
b001010111000 B
1E
#95870000
b0000000000000001001010111010 &
15
17
#95880000
05
07
b0101 ;
b0101 >
1?
b001010111001 B
0E
#95890000
b0000000000000001001010111011 &
15
17
#95900000
b00111 1
05
07
b1100 ;
b1100 >
0?
b001010111010 B
1E
#95910000
b0000000000000001001010111100 &
15
17
#95920000
05
07
b0101 ;
b0101 >
1?
b001010111011 B
0E
#95930000
b0000000000000001001010111101 &
15
17
#95940000
b00110 1
05
07
b1101 ;
b1101 >
0?
b001010111100 B
1E
#95950000
b0000000000000001001010111110 &
15
17
#95960000
05
07
b0101 ;
b0101 >
1?
b001010111101 B
0E
#95970000
b0000000000000001001010111111 &
15
17
#95980000
b00101 1
05
07
b1110 ;
b1110 >
0?
b001010111110 B
1E
#95990000
b0000000000000001001011000000 &
15
17
#96000000
05
07
b0101 ;
b0101 >
1?
b001010111111 B
0E
#96010000
b0000000000000001001011000001 &
15
17
#96020000
b00100 1
05
07
b1111 ;
b1111 >
0?
b001011000000 B
1E
#96030000
b0000000000000001001011000010 &
15
17
#96040000
05
07
b0110 ;
b0110 >
1?
b001011000001 B
0E
#96050000
b0000000000000001001011000011 &
15
17
#96060000
b00011 1
05
07
b0000 ;
b0000 >
0?
b001011000010 B
1E
#96070000
b0000000000000001001011000100 &
15
17
#96080000
05
07
b0110 ;
b0110 >
1?
b001011000011 B
0E
#96090000
b0000000000000001001011000101 &
15
17
#96100000
b00010 1
05
07
b0001 ;
b0001 >
0?
b001011000100 B
1E
#96110000
b0000000000000001001011000110 &
15
17
#96120000
05
07
b0110 ;
b0110 >
1?
b001011000101 B
0E
#96130000
b0000000000000001001011000111 &
15
17
#96140000
b00001 1
05
07
b0010 ;
b0010 >
0?
b001011000110 B
1E
#96150000
b0000000000000001001011001000 &
15
17
#96160000
05
07
b0110 ;
b0110 >
1?
b001011000111 B
0E
#96170000
b0000000000000001001011001001 &
15
17
#96180000
b00000 1
05
07
b0011 ;
b0011 >
0?
b001011001000 B
1E
#96190000
b0000000000000001001011001010 &
15
17
#96200000
05
07
b0110 ;
b0110 >
1?
b001011001001 B
0E
#96210000
b0000000000000001001011001011 &
15
17
#96220000
b01111 2
b00000000000010111 3
05
07
b0100 ;
b0100 >
0?
b001011001010 B
1E
#96230000
b0000000000000001001011001100 &
15
17
b10 9
b00000010 <
#96240000
05
07
b0110 ;
b0110 >
1?
b0001 @
b001011001011 B
b0001 D
0E
#96250000
b0000000000000001001011001101 &
15
17
b00 9
b00000000 <
#96260000
b01110 2
b00000000000010110 3
05
07
b0101 ;
b0101 >
0?
b0000 @
b001011001100 B
b0100 D
1E
#96270000
b0000000000000001001011001110 &
15
17
#96280000
05
07
b0110 ;
b0110 >
1?
b001011001101 B
b0000 D
0E
#96290000
b0000000000000001001011001111 &
15
17
#96300000
b01101 2
b00000000000010101 3
05
07
0?
b001011001110 B
1E
#96310000
b0000000000000001001011010000 &
15
17
b01 9
b00000001 <
#96320000
05
07
1?
b0010 @
b001011001111 B
b0010 D
0E
#96330000
b0000000000000001001011010001 &
15
17
b00 9
b00000000 <
#96340000
b01100 2
b00000000000010100 3
05
07
b0111 ;
b0111 >
0?
b0000 @
b001011010000 B
b1000 D
1E
#96350000
b0000000000000001001011010010 &
15
17
#96360000
05
07
b0110 ;
b0110 >
1?
b001011010001 B
b0000 D
0E
#96370000
b0000000000000001001011010011 &
15
17
#96380000
b01011 2
b00000000000010011 3
05
07
b1000 ;
b1000 >
0?
b001011010010 B
1E
#96390000
b0000000000000001001011010100 &
15
17
b11 9
b00000011 <
#96400000
05
07
b0110 ;
b0110 >
1?
b0011 @
b001011010011 B
b0011 D
0E
#96410000
b0000000000000001001011010101 &
15
17
b00 9
b00000000 <
#96420000
b01010 2
b00000000000010010 3
05
07
b1001 ;
b1001 >
0?
b0000 @
b001011010100 B
b1100 D
1E
#96430000
b0000000000000001001011010110 &
15
17
#96440000
05
07
b0110 ;
b0110 >
1?
b001011010101 B
b0000 D
0E
#96450000
b0000000000000001001011010111 &
15
17
b10 9
b00000010 <
#96460000
b01001 2
b00000000000010001 3
05
07
b1010 ;
b1010 >
0?
b001011010110 B
b0001 D
1E
#96470000
b0000000000000001001011011000 &
15
17
b00 9
b00000000 <
#96480000
05
07
b0110 ;
b0110 >
1?
b0100 @
b001011010111 B
b0100 D
0E
#96490000
b0000000000000001001011011001 &
15
17
#96500000
b01000 2
b00000000000010000 3
05
07
b1011 ;
b1011 >
0?
b0000 @
b001011011000 B
b0000 D
1E
#96510000
b0000000000000001001011011010 &
15
17
#96520000
05
07
b0110 ;
b0110 >
1?
b001011011001 B
0E
#96530000
b0000000000000001001011011011 &
15
17
b10 9
b00000010 <
#96540000
b00111 2
b00000000000001111 3
05
07
b1100 ;
b1100 >
0?
b001011011010 B
b0001 D
1E
#96550000
b0000000000000001001011011100 &
15
17
#96560000
05
07
b0110 ;
b0110 >
1?
b0101 @
b001011011011 B
b0101 D
0E
#96570000
b0000000000000001001011011101 &
15
17
b00 9
b00000000 <
#96580000
b00110 2
b00000000000001110 3
05
07
b1101 ;
b1101 >
0?
b0000 @
b001011011100 B
b0100 D
1E
#96590000
b0000000000000001001011011110 &
15
17
#96600000
05
07
b0110 ;
b0110 >
1?
b001011011101 B
b0000 D
0E
#96610000
b0000000000000001001011011111 &
15
17
b10 9
b00000010 <
#96620000
b00101 2
b00000000000001101 3
05
07
b1110 ;
b1110 >
0?
b001011011110 B
b0001 D
1E
#96630000
b0000000000000001001011100000 &
15
17
b01 9
b00000001 <
#96640000
05
07
b0110 ;
b0110 >
1?
b0110 @
b001011011111 B
b0110 D
0E
#96650000
b0000000000000001001011100001 &
15
17
b00 9
b00000000 <
#96660000
b00100 2
b00000000000001100 3
05
07
b1111 ;
b1111 >
0?
b0000 @
b001011100000 B
b1000 D
1E
#96670000
b0000000000000001001011100010 &
15
17
#96680000
05
07
b0111 ;
b0111 >
1?
b001011100001 B
b0000 D
0E
#96690000
b0000000000000001001011100011 &
15
17
b10 9
b00000010 <
#96700000
b00011 2
b00000000000001011 3
05
07
b0000 ;
b0000 >
0?
b001011100010 B
b0001 D
1E
#96710000
b0000000000000001001011100100 &
15
17
b11 9
b00000011 <
#96720000
05
07
b0111 ;
b0111 >
1?
b0111 @
b001011100011 B
b0111 D
0E
#96730000
b0000000000000001001011100101 &
15
17
b00 9
b00000000 <
#96740000
b00010 2
b00000000000001010 3
05
07
b0001 ;
b0001 >
0?
b0000 @
b001011100100 B
b1100 D
1E
#96750000
b0000000000000001001011100110 &
15
17
#96760000
05
07
b0111 ;
b0111 >
1?
b001011100101 B
b0000 D
0E
#96770000
b0000000000000001001011100111 &
15
17
b01 9
b00000001 <
#96780000
b00001 2
b00000000000001001 3
05
07
b0010 ;
b0010 >
0?
b001011100110 B
b0010 D
1E
#96790000
b0000000000000001001011101000 &
15
17
b00 9
b00000000 <
#96800000
05
07
b0111 ;
b0111 >
1?
b1000 @
b001011100111 B
b1000 D
0E
#96810000
b0000000000000001001011101001 &
15
17
#96820000
b00000 2
b00000000000001000 3
05
07
b0011 ;
b0011 >
0?
b0000 @
b001011101000 B
b0000 D
1E
#96830000
b0000000000000001001011101010 &
15
17
#96840000
05
07
b0111 ;
b0111 >
1?
b001011101001 B
0E
#96850000
b0000000000000001001011101011 &
15
17
b01 9
b00000001 <
#96860000
1)
b00000000000000111 3
05
07
b0100 ;
b0100 >
0?
b001011101010 B
b0010 D
1E
#96870000
b0000000000000001001011101100 &
15
17
b10 9
b00000010 <
#96880000
0)
b000010111001 ,
05
07
b0111 ;
b0111 >
1?
b1001 @
b001011101011 B
b1001 D
0E
#96890000
b0000000000000001001011101101 &
15
17
b00 9
b00000000 <
#96900000
1)
b1001 *
b00000000000000110 3
05
07
b0101 ;
b0101 >
0?
b0000 @
b001011101100 B
b0100 D
1E
#96910000
b0000000000000001001011101110 &
15
17
#96920000
0)
b0000 *
b000010111010 ,
05
07
b0111 ;
b0111 >
1?
b001011101101 B
b0000 D
0E
#96930000
b0000000000000001001011101111 &
15
17
b01 9
b00000001 <
#96940000
1)
b00000000000000101 3
05
07
b0110 ;
b0110 >
0?
b001011101110 B
b0010 D
1E
#96950000
b0000000000000001001011110000 &
15
17
#96960000
0)
b000010111011 ,
05
07
b0111 ;
b0111 >
1?
b1010 @
b001011101111 B
b1010 D
0E
#96970000
b0000000000000001001011110001 &
15
17
b00 9
b00000000 <
#96980000
1)
b1010 *
b00000000000000100 3
05
07
0?
b0000 @
b001011110000 B
b1000 D
1E
#96990000
b0000000000000001001011110010 &
15
17
#97000000
0)
b0000 *
b000010111100 ,
05
07
1?
b001011110001 B
b0000 D
0E
#97010000
b0000000000000001001011110011 &
15
17
b01 9
b00000001 <
#97020000
1)
b00000000000000011 3
05
07
b1000 ;
b1000 >
0?
b001011110010 B
b0010 D
1E
#97030000
b0000000000000001001011110100 &
15
17
b11 9
b00000011 <
#97040000
0)
b000010111101 ,
05
07
b0111 ;
b0111 >
1?
b1011 @
b001011110011 B
b1011 D
0E
#97050000
b0000000000000001001011110101 &
15
17
b00 9
b00000000 <
#97060000
1)
b1011 *
b00000000000000010 3
05
07
b1001 ;
b1001 >
0?
b0000 @
b001011110100 B
b1100 D
1E
#97070000
b0000000000000001001011110110 &
15
17
#97080000
0)
b0000 *
b000010111110 ,
05
07
b0111 ;
b0111 >
1?
b001011110101 B
b0000 D
0E
#97090000
b0000000000000001001011110111 &
15
17
b11 9
b00000011 <
#97100000
1)
b00000000000000001 3
05
07
b1010 ;
b1010 >
0?
b001011110110 B
b0011 D
1E
#97110000
b0000000000000001001011111000 &
15
17
b00 9
b00000000 <
#97120000
0)
b000010111111 ,
05
07
b0111 ;
b0111 >
1?
b1100 @
b001011110111 B
b1100 D
0E
#97130000
b0000000000000001001011111001 &
15
17
#97140000
1)
b1100 *
b00000000000000000 3
05
07
b1011 ;
b1011 >
0?
b0000 @
b001011111000 B
b0000 D
1E
#97150000
b0000000000000001001011111010 &
15
17
#97160000
0)
b0000 *
b000011000000 ,
05
07
b0111 ;
b0111 >
1?
b001011111001 B
0E
#97170000
b0000000000000001001011111011 &
15
17
#97180000
05
07
b1100 ;
b1100 >
0?
b001011111010 B
1E
#97190000
b0000000000000001001011111100 &
15
17
#97200000
05
07
b0111 ;
b0111 >
1?
b001011111011 B
0E
#97210000
b0000000000000001001011111101 &
15
17
#97220000
05
07
b1101 ;
b1101 >
0?
b001011111100 B
1E
#97230000
b0000000000000001001011111110 &
15
17
#97240000
05
07
b0111 ;
b0111 >
1?
b001011111101 B
0E
#97250000
b0000000000000001001011111111 &
15
17
#97260000
05
07
b1110 ;
b1110 >
0?
b001011111110 B
1E
#97270000
b0000000000000001001100000000 &
15
17
#97280000
05
07
b0111 ;
b0111 >
1?
b001011111111 B
0E
#97290000
b0000000000000001001100000001 &
15
17
#97300000
05
07
b1111 ;
b1111 >
0?
b001100000000 B
1E
#97310000
b0000000000000001001100000010 &
15
17
#97320000
05
07
b1000 ;
b1000 >
1?
b001100000001 B
0E
#97330000
b0000000000000001001100000011 &
15
17
#97340000
05
07
b0000 ;
b0000 >
0?
b001100000010 B
1E
#97350000
b0000000000000001001100000100 &
15
17
#97360000
05
07
b1000 ;
b1000 >
1?
b001100000011 B
0E
#97370000
b0000000000000001001100000101 &
15
17
#97380000
05
07
b0001 ;
b0001 >
0?
b001100000100 B
1E
#97390000
b0000000000000001001100000110 &
15
17
#97400000
05
07
b1000 ;
b1000 >
1?
b001100000101 B
0E
#97410000
b0000000000000001001100000111 &
15
17
#97420000
05
07
b0010 ;
b0010 >
0?
b001100000110 B
1E
#97430000
b0000000000000001001100001000 &
15
17
b00 8
#97440000
00
05
07
b1000 ;
b1000 >
1?
b001100000111 B
0E
#97450000
b0000000000000001001100001001 &
15
17
#97460000
b10000 1
b10000 2
05
07
b0011 ;
b0011 >
0?
b001100001000 B
#97470000
b0000000000000001001100001010 &
15
17
#97480000
05
07
b1000 ;
b1000 >
b001100001001 B
#97490000
b0000000000000001001100001011 &
15
17
#97500000
05
07
b0100 ;
b0100 >
b001100001010 B
#97510000
b0000000000000001001100001100 &
15
17
#97520000
05
07
b1000 ;
b1000 >
b001100001011 B
#97530000
b0000000000000001001100001101 &
15
17
#97540000
05
07
b0101 ;
b0101 >
b001100001100 B
#97550000
b0000000000000001001100001110 &
15
17
#97560000
05
07
b1000 ;
b1000 >
b001100001101 B
#97570000
b0000000000000001001100001111 &
15
17
#97580000
05
07
b0110 ;
b0110 >
b001100001110 B
#97590000
b0000000000000001001100010000 &
15
17
#97600000
05
07
b1000 ;
b1000 >
b001100001111 B
#97610000
b0000000000000001001100010001 &
15
17
#97620000
05
07
b0111 ;
b0111 >
b001100010000 B
#97630000
b0000000000000001001100010010 &
15
17
#97640000
05
07
b1000 ;
b1000 >
b001100010001 B
#97650000
b0000000000000001001100010011 &
15
17
#97660000
05
07
b001100010010 B
#97670000
b0000000000000001001100010100 &
15
17
#97680000
05
07
b001100010011 B
#97690000
b0000000000000001001100010101 &
15
17
#97700000
05
07
b1001 ;
b1001 >
b001100010100 B
#97710000
b0000000000000001001100010110 &
15
17
#97720000
05
07
b1000 ;
b1000 >
b001100010101 B
#97730000
b0000000000000001001100010111 &
15
17
#97740000
05
07
b1010 ;
b1010 >
b001100010110 B
#97750000
b0000000000000001001100011000 &
15
17
#97760000
05
07
b1000 ;
b1000 >
b001100010111 B
#97770000
b0000000000000001001100011001 &
15
17
#97780000
05
07
b1011 ;
b1011 >
b001100011000 B
#97790000
b0000000000000001001100011010 &
15
17
#97800000
05
07
b1000 ;
b1000 >
b001100011001 B
#97810000
b0000000000000001001100011011 &
15
17
#97820000
05
07
b1100 ;
b1100 >
b001100011010 B
#97830000
b0000000000000001001100011100 &
15
17
#97840000
05
07
b1000 ;
b1000 >
b001100011011 B
#97850000
b0000000000000001001100011101 &
15
17
#97860000
05
07
b1101 ;
b1101 >
b001100011100 B
#97870000
b0000000000000001001100011110 &
15
17
#97880000
05
07
b1000 ;
b1000 >
b001100011101 B
#97890000
b0000000000000001001100011111 &
15
17
#97900000
05
07
b1110 ;
b1110 >
b001100011110 B
#97910000
b0000000000000001001100100000 &
15
17
#97920000
05
07
b1000 ;
b1000 >
b001100011111 B
#97930000
b0000000000000001001100100001 &
15
17
#97940000
05
07
b1111 ;
b1111 >
b001100100000 B
#97950000
b0000000000000001001100100010 &
15
17
b01 8
b11 9
b00000011 <
#97960000
05
07
b1001 ;
b1001 >
b001100100001 B
#97970000
b0000000000000001001100100011 &
15
17
#97980000
05
07
b0000 ;
b0000 >
b001100100010 B
#97990000
b0000000000000001001100100100 &
15
17
#98000000
05
07
b1001 ;
b1001 >
b001100100011 B
#98010000
b0000000000000001001100100101 &
15
17
#98020000
05
07
b0001 ;
b0001 >
b001100100100 B
#98030000
b0000000000000001001100100110 &
15
17
b00 9
b00000000 <
#98040000
10
05
07
b1001 ;
b1001 >
b001100100101 B
#98050000
b0000000000000001001100100111 &
15
17
b11 9
b00000011 <
#98060000
05
07
b0010 ;
b0010 >
b001100100110 B
b0011 D
1E
#98070000
b0000000000000001001100101000 &
15
17
#98080000
05
07
b1001 ;
b1001 >
1?
b1111 @
b001100100111 B
b1111 D
0E
#98090000
b0000000000000001001100101001 &
15
17
#98100000
b01111 1
b00000000000011110 3
05
07
b0011 ;
b0011 >
0?
b0000 @
b001100101000 B
1E
#98110000
b0000000000000001001100101010 &
15
17
#98120000
05
07
b1001 ;
b1001 >
1?
b1111 @
b001100101001 B
0E
#98130000
b0000000000000001001100101011 &
15
17
#98140000
b01110 1
b00000000111111110 3
05
07
b0100 ;
b0100 >
0?
b0000 @
b001100101010 B
1E
#98150000
b0000000000000001001100101100 &
15
17
#98160000
05
07
b1001 ;
b1001 >
1?
b1111 @
b001100101011 B
0E
#98170000
b0000000000000001001100101101 &
15
17
#98180000
b01101 1
b00001111111111110 3
05
07
b0101 ;
b0101 >
0?
b0000 @
b001100101100 B
1E
#98190000
b0000000000000001001100101110 &
15
17
#98200000
05
07
b1001 ;
b1001 >
1?
b1111 @
b001100101101 B
0E
#98210000
b0000000000000001001100101111 &
15
17
#98220000
b01100 1
b11111111111111110 3
05
07
b0110 ;
b0110 >
0?
b0000 @
b001100101110 B
1E
#98230000
b0000000000000001001100110000 &
15
17
#98240000
05
07
b1001 ;
b1001 >
1?
b1111 @
b001100101111 B
0E
#98250000
b0000000000000001001100110001 &
15
17
#98260000
b01011 1
14
05
07
b0111 ;
b0111 >
0?
b0000 @
b001100110000 B
1E
#98270000
b0000000000000001001100110010 &
15
17
#98280000
05
07
b1001 ;
b1001 >
1?
b1111 @
b001100110001 B
0E
#98290000
b0000000000000001001100110011 &
15
17
#98300000
b01010 1
05
07
b1000 ;
b1000 >
0?
b0000 @
b001100110010 B
1E
#98310000
b0000000000000001001100110100 &
15
17
#98320000
05
07
b1001 ;
b1001 >
1?
b1111 @
b001100110011 B
0E
#98330000
b0000000000000001001100110101 &
15
17
#98340000
b01001 1
05
07
0?
b0000 @
b001100110100 B
1E
#98350000
b0000000000000001001100110110 &
15
17
#98360000
05
07
1?
b1111 @
b001100110101 B
0E
#98370000
b0000000000000001001100110111 &
15
17
#98380000
b01000 1
05
07
b1010 ;
b1010 >
0?
b0000 @
b001100110110 B
1E
#98390000
b0000000000000001001100111000 &
15
17
#98400000
05
07
b1001 ;
b1001 >
1?
b1111 @
b001100110111 B
0E
#98410000
b0000000000000001001100111001 &
15
17
#98420000
b00111 1
05
07
b1011 ;
b1011 >
0?
b0000 @
b001100111000 B
1E
#98430000
b0000000000000001001100111010 &
15
17
#98440000
05
07
b1001 ;
b1001 >
1?
b1111 @
b001100111001 B
0E
#98450000
b0000000000000001001100111011 &
15
17
#98460000
b00110 1
05
07
b1100 ;
b1100 >
0?
b0000 @
b001100111010 B
1E
#98470000
b0000000000000001001100111100 &
15
17
#98480000
05
07
b1001 ;
b1001 >
1?
b1111 @
b001100111011 B
0E
#98490000
b0000000000000001001100111101 &
15
17
#98500000
b00101 1
05
07
b1101 ;
b1101 >
0?
b0000 @
b001100111100 B
1E
#98510000
b0000000000000001001100111110 &
15
17
#98520000
05
07
b1001 ;
b1001 >
1?
b1111 @
b001100111101 B
0E
#98530000
b0000000000000001001100111111 &
15
17
#98540000
b00100 1
05
07
b1110 ;
b1110 >
0?
b0000 @
b001100111110 B
1E
#98550000
b0000000000000001001101000000 &
15
17
#98560000
05
07
b1001 ;
b1001 >
1?
b1111 @
b001100111111 B
0E
#98570000
b0000000000000001001101000001 &
15
17
#98580000
b00011 1
05
07
b1111 ;
b1111 >
0?
b0000 @
b001101000000 B
1E
#98590000
b0000000000000001001101000010 &
15
17
#98600000
05
07
b1010 ;
b1010 >
1?
b1111 @
b001101000001 B
0E
#98610000
b0000000000000001001101000011 &
15
17
#98620000
b00010 1
05
07
b0000 ;
b0000 >
0?
b0000 @
b001101000010 B
1E
#98630000
b0000000000000001001101000100 &
15
17
#98640000
05
07
b1010 ;
b1010 >
1?
b1111 @
b001101000011 B
0E
#98650000
b0000000000000001001101000101 &
15
17
#98660000
b00001 1
05
07
b0001 ;
b0001 >
0?
b0000 @
b001101000100 B
1E
#98670000
b0000000000000001001101000110 &
15
17
#98680000
05
07
b1010 ;
b1010 >
1?
b1111 @
b001101000101 B
0E
#98690000
b0000000000000001001101000111 &
15
17
#98700000
b00000 1
05
07
b0010 ;
b0010 >
0?
b0000 @
b001101000110 B
1E
#98710000
b0000000000000001001101001000 &
15
17
#98720000
05
07
b1010 ;
b1010 >
1?
b1111 @
b001101000111 B
0E
#98730000
b0000000000000001001101001001 &
15
17
#98740000
b01111 2
b11111111111111101 3
05
07
b0011 ;
b0011 >
0?
b0000 @
b001101001000 B
1E
#98750000
b0000000000000001001101001010 &
15
17
#98760000
05
07
b1010 ;
b1010 >
1?
b1111 @
b001101001001 B
0E
#98770000
b0000000000000001001101001011 &
15
17
#98780000
b01110 2
b11111111111111100 3
05
07
b0100 ;
b0100 >
0?
b0000 @
b001101001010 B
1E
#98790000
b0000000000000001001101001100 &
15
17
#98800000
05
07
b1010 ;
b1010 >
1?
b1111 @
b001101001011 B
0E
#98810000
b0000000000000001001101001101 &
15
17
#98820000
b01101 2
b11111111111111011 3
05
07
b0101 ;
b0101 >
0?
b0000 @
b001101001100 B
1E
#98830000
b0000000000000001001101001110 &
15
17
#98840000
05
07
b1010 ;
b1010 >
1?
b1111 @
b001101001101 B
0E
#98850000
b0000000000000001001101001111 &
15
17
#98860000
b01100 2
b11111111111111010 3
05
07
b0110 ;
b0110 >
0?
b0000 @
b001101001110 B
1E
#98870000
b0000000000000001001101010000 &
15
17
#98880000
05
07
b1010 ;
b1010 >
1?
b1111 @
b001101001111 B
0E
#98890000
b0000000000000001001101010001 &
15
17
#98900000
b01011 2
b11111111111111001 3
05
07
b0111 ;
b0111 >
0?
b0000 @
b001101010000 B
1E
#98910000
b0000000000000001001101010010 &
15
17
#98920000
05
07
b1010 ;
b1010 >
1?
b1111 @
b001101010001 B
0E
#98930000
b0000000000000001001101010011 &
15
17
#98940000
b01010 2
b11111111111111000 3
05
07
b1000 ;
b1000 >
0?
b0000 @
b001101010010 B
1E
#98950000
b0000000000000001001101010100 &
15
17
#98960000
05
07
b1010 ;
b1010 >
1?
b1111 @
b001101010011 B
0E
#98970000
b0000000000000001001101010101 &
15
17
#98980000
b01001 2
b11111111111110111 3
05
07
b1001 ;
b1001 >
0?
b0000 @
b001101010100 B
1E
#98990000
b0000000000000001001101010110 &
15
17
b10 9
b00000010 <
#99000000
05
07
b1010 ;
b1010 >
1?
b1101 @
b001101010101 B
b1101 D
0E
#99010000
b0000000000000001001101010111 &
15
17
#99020000
b01000 2
b11111111111110110 3
05
07
0?
b0000 @
b001101010110 B
b0101 D
1E
#99030000
b0000000000000001001101011000 &
15
17
#99040000
05
07
1?
b0101 @
b001101010111 B
0E
#99050000
b0000000000000001001101011001 &
15
17
#99060000
b00111 2
b11111111111110101 3
05
07
b1011 ;
b1011 >
0?
b0000 @
b001101011000 B
1E
#99070000
b0000000000000001001101011010 &
15
17
#99080000
05
07
b1010 ;
b1010 >
1?
b0101 @
b001101011001 B
0E
#99090000
b0000000000000001001101011011 &
15
17
#99100000
b00110 2
b11111111111110100 3
05
07
b1100 ;
b1100 >
0?
b0000 @
b001101011010 B
1E
#99110000
b0000000000000001001101011100 &
15
17
#99120000
05
07
b1010 ;
b1010 >
1?
b0101 @
b001101011011 B
0E
#99130000
b0000000000000001001101011101 &
15
17
#99140000
b00101 2
b11111111111110011 3
05
07
b1101 ;
b1101 >
0?
b0000 @
b001101011100 B
1E
#99150000
b0000000000000001001101011110 &
15
17
#99160000
05
07
b1010 ;
b1010 >
1?
b0101 @
b001101011101 B
0E
#99170000
b0000000000000001001101011111 &
15
17
#99180000
b00100 2
b11111111111110010 3
05
07
b1110 ;
b1110 >
0?
b0000 @
b001101011110 B
1E
#99190000
b0000000000000001001101100000 &
15
17
#99200000
05
07
b1010 ;
b1010 >
1?
b0101 @
b001101011111 B
0E
#99210000
b0000000000000001001101100001 &
15
17
#99220000
b00011 2
b11111111111110001 3
05
07
b1111 ;
b1111 >
0?
b0000 @
b001101100000 B
1E
#99230000
b0000000000000001001101100010 &
15
17
#99240000
05
07
b1011 ;
b1011 >
1?
b0101 @
b001101100001 B
0E
#99250000
b0000000000000001001101100011 &
15
17
#99260000
b00010 2
b11111111111110000 3
05
07
b0000 ;
b0000 >
0?
b0000 @
b001101100010 B
1E
#99270000
b0000000000000001001101100100 &
15
17
#99280000
05
07
b1011 ;
b1011 >
1?
b0101 @
b001101100011 B
0E
#99290000
b0000000000000001001101100101 &
15
17
#99300000
b00001 2
b11111111111101111 3
05
07
b0001 ;
b0001 >
0?
b0000 @
b001101100100 B
1E
#99310000
b0000000000000001001101100110 &
15
17
b00 8
#99320000
00
05
07
b1011 ;
b1011 >
1?
b001101100101 B
b0000 D
0E
#99330000
b0000000000000001001101100111 &
15
17
#99340000
b10000 1
b10000 2
b00000000000000000 3
04
05
07
b0010 ;
b0010 >
0?
b001101100110 B
#99350000
b0000000000000001001101101000 &
15
17
#99360000
05
07
b1011 ;
b1011 >
b001101100111 B
#99370000
b0000000000000001001101101001 &
15
17
#99380000
05
07
b0011 ;
b0011 >
b001101101000 B
#99390000
b0000000000000001001101101010 &
15
17
#99400000
05
07
b1011 ;
b1011 >
b001101101001 B
#99410000
b0000000000000001001101101011 &
15
17
#99420000
05
07
b0100 ;
b0100 >
b001101101010 B
#99430000
b0000000000000001001101101100 &
15
17
#99440000
05
07
b1011 ;
b1011 >
b001101101011 B
#99450000
b0000000000000001001101101101 &
15
17
#99460000
05
07
b0101 ;
b0101 >
b001101101100 B
#99470000
b0000000000000001001101101110 &
15
17
#99480000
05
07
b1011 ;
b1011 >
b001101101101 B
#99490000
b0000000000000001001101101111 &
15
17
#99500000
05
07
b0110 ;
b0110 >
b001101101110 B
#99510000
b0000000000000001001101110000 &
15
17
b01 8
b11 9
b00000011 <
#99520000
05
07
b1011 ;
b1011 >
b001101101111 B
#99530000
b0000000000000001001101110001 &
15
17
#99540000
05
07
b0111 ;
b0111 >
b001101110000 B
#99550000
b0000000000000001001101110010 &
15
17
#99560000
05
07
b1011 ;
b1011 >
b001101110001 B
#99570000
b0000000000000001001101110011 &
15
17
#99580000
05
07
b1000 ;
b1000 >
b001101110010 B
#99590000
b0000000000000001001101110100 &
15
17
b00 9
b00000000 <
#99600000
10
05
07
b1011 ;
b1011 >
b001101110011 B
#99610000
b0000000000000001001101110101 &
15
17
#99620000
05
07
b1001 ;
b1001 >
b001101110100 B
1E
#99630000
b0000000000000001001101110110 &
15
17
#99640000
05
07
b1011 ;
b1011 >
1?
b001101110101 B
0E
#99650000
b0000000000000001001101110111 &
15
17
#99660000
b01111 1
05
07
b1010 ;
b1010 >
0?
b001101110110 B
1E
#99670000
b0000000000000001001101111000 &
15
17
#99680000
05
07
b1011 ;
b1011 >
1?
b001101110111 B
0E
#99690000
b0000000000000001001101111001 &
15
17
#99700000
b01110 1
05
07
0?
b001101111000 B
1E
#99710000
b0000000000000001001101111010 &
15
17
#99720000
05
07
1?
b001101111001 B
0E
#99730000
b0000000000000001001101111011 &
15
17
b11 9
b00000011 <
#99740000
b01101 1
05
07
b1100 ;
b1100 >
0?
b001101111010 B
b0011 D
1E
#99750000
b0000000000000001001101111100 &
15
17
b00 9
b00000000 <
#99760000
05
07
b1011 ;
b1011 >
1?
b1100 @
b001101111011 B
b1100 D
0E
#99770000
b0000000000000001001101111101 &
15
17
#99780000
b01100 1
b00000000000011000 3
05
07
b1101 ;
b1101 >
0?
b0000 @
b001101111100 B
b0000 D
1E
#99790000
b0000000000000001001101111110 &
15
17
#99800000
05
07
b1011 ;
b1011 >
1?
b001101111101 B
0E
#99810000
b0000000000000001001101111111 &
15
17
#99820000
b01011 1
05
07
b1110 ;
b1110 >
0?
b001101111110 B
1E
#99830000
b0000000000000001001110000000 &
15
17
#99840000
05
07
b1011 ;
b1011 >
1?
b001101111111 B
0E
#99850000
b0000000000000001001110000001 &
15
17
#99860000
b01010 1
05
07
b1111 ;
b1111 >
0?
b001110000000 B
1E
#99870000
b0000000000000001001110000010 &
15
17
#99880000
05
07
b1100 ;
b1100 >
1?
b001110000001 B
0E
#99890000
b0000000000000001001110000011 &
15
17
#99900000
b01001 1
05
07
b0000 ;
b0000 >
0?
b001110000010 B
1E
#99910000
b0000000000000001001110000100 &
15
17
#99920000
05
07
b1100 ;
b1100 >
1?
b001110000011 B
0E
#99930000
b0000000000000001001110000101 &
15
17
#99940000
b01000 1
05
07
b0001 ;
b0001 >
0?
b001110000100 B
1E
#99950000
b0000000000000001001110000110 &
15
17
#99960000
05
07
b1100 ;
b1100 >
1?
b001110000101 B
0E
#99970000
b0000000000000001001110000111 &
15
17
#99980000
b00111 1
05
07
b0010 ;
b0010 >
0?
b001110000110 B
1E
#99990000
b0000000000000001001110001000 &
15
17
#100000000
05
07
b1100 ;
b1100 >
1?
b001110000111 B
0E
